test_id,height_um,line_id,center_nm,relative_strength,role,status,applied_center_nm,area,area_sigma,snr,area_fraction,height,center_height,peak_offset_nm,centroid_offset_nm,fwhm_nm,top_flatness,noise,line_relative
989,0.0,K_I_693.8764,693.876396,0.00655092165605007,weak_anchor,low_snr,693.8494161371891,3.55084821843147,2.0030003476065117,1.7727646541222828,0.0002571344527096352,9.252761699765642,8.867956576312086,-0.08274947048835202,-0.002465953016435455,0.3666666666663332,0.05789894407997135,7.757586988734742,0.3676653234981596
989,0.0,K_I_766.4899,766.48991,1.0,strong_resonance,detected,766.462930137189,245.58700868452283,1.3746779256942525,178.6505799607528,0.017784167946943732,508.29240643408593,503.3034954570253,-0.02959680388767083,0.009255236474519063,0.3999999999996362,0.11856383030332224,5.324104712617639,0.8834208356498339
989,0.0,K_I_769.8964,769.89645,0.4984931955549362,weak_resonance,detected,769.869470137189,155.06104415216225,0.9252908371537211,167.58087071211486,0.011228735860262545,392.89210693435575,392.33178932494604,-0.002803470557410037,-0.007242552494205207,0.3666666666663332,0.11201315756607239,3.58363600269794,0.7963914734135195
990,100.0,K_I_693.8764,693.876396,0.00655092165605007,weak_anchor,detected,693.8502910893059,9.693942949420308,1.2460118092059247,7.779976784969795,0.0006525510255472012,26.626669038676937,26.231072280838344,0.016375577394796892,-0.07618863931326607,0.29999999999972715,0.15433449378792657,4.8257829862367085,0.9330542110504096
990,100.0,K_I_766.4899,766.48991,1.0,strong_resonance,detected,766.4638050893059,276.4799465812699,1.5730852078248085,175.7564976175537,0.018611340465505003,598.3306096058427,593.6474224999714,-0.03047175600454466,-0.00238683149372719,0.3666666666663332,0.13038220926347746,6.092532812076257,0.9245102720380882
990,100.0,K_I_769.8964,769.89645,0.4984931955549362,weak_resonance,detected,769.8703450893058,193.56485202824481,4.952321319637651,39.085681145262896,0.01302988302695517,466.3954389482951,465.79346956558095,-0.0036784226742838655,0.019103074592964016,0.3666666666663332,0.13312466928185696,19.180257996042005,0.9241367747339644
991,200.0,K_I_693.8764,693.876396,0.00655092165605007,weak_anchor,detected,693.8502910893059,16.55119836416316,0.6971523515350777,23.741149732506315,0.0009877289197686152,36.73874163061498,36.58148127626418,0.016375577394796892,-0.04673250900874076,0.26666666666642413,0.23514274800183077,2.7000594472671504,1.4123104429934206
991,200.0,K_I_766.4899,766.48991,1.0,strong_resonance,detected,766.4638050893059,291.4243730701322,1.487703760566787,195.88871171442426,0.017391386102293353,533.6338106518447,533.2715462282503,0.002861577328758358,-0.0009018042441362664,0.46666666666624224,0.06525891144304717,5.761851888770553,0.8639095677364675
991,200.0,K_I_769.8964,769.89645,0.4984931955549362,weak_resonance,detected,769.8703450893058,207.28948808293723,0.6778110997458535,305.8219143366947,0.012370453041446641,466.272847962382,465.5079153926335,-0.0036784226742838655,0.011575953445897133,0.3666666666663332,0.09837747433675043,2.6251511011926123,0.8773670916362704
992,300.0,K_I_693.8764,693.876396,0.00655092165605007,weak_anchor,detected,693.8504111356457,17.363273483580397,0.5681603884317773,30.56051396245009,0.0008770103059900241,42.81048971046073,42.34816147575585,0.016255531054980565,0.03236407664491213,0.23333333333312112,0.20540368004946746,2.200475722373012,1.2539987328230935
992,300.0,K_I_766.4899,766.48991,1.0,strong_resonance,detected,766.4639251356457,401.98430219876644,1.3866138738097409,289.9035627664023,0.02030402712990212,857.1004546905014,842.2916201572228,-0.030591802344360985,0.009017240510573789,0.3999999999996362,0.10845546032629025,5.370332440890163,1.0085937485333725
992,300.0,K_I_769.8964,769.89645,0.4984931955549362,weak_resonance,detected,769.8704651356456,280.08300374091465,3.2050589569630175,87.38778521762664,0.014146853186739836,699.9144696636381,699.3094176637239,-0.003798469014100192,0.008549621767271158,0.33333333333303017,0.14205153687646876,12.41313996394197,1.0033572250482214
993,400.0,K_I_693.8764,693.876396,0.00655092165605007,weak_anchor,detected,693.8508674929202,12.738684954511935,1.1623844657750393,10.95909772505279,0.000742302741186403,22.47429916814906,22.135521953376358,-0.01753415955283799,-0.005577113273267177,0.33333333333303017,0.11238392021269596,4.501895677841027,1.0613862693073601
993,400.0,K_I_766.4899,766.48991,1.0,strong_resonance,detected,766.4643814929202,349.72754535763204,2.221295121444903,157.44307993173913,0.02037916131173437,677.8204733525226,671.2576097497413,-0.031048159618876525,-0.004331010995981195,0.4333333333329392,0.09585616394422371,8.603039012375715,1.0123260064550326
993,400.0,K_I_769.8964,769.89645,0.4984931955549362,weak_resonance,detected,769.8709214929202,243.06093136027457,1.454310797546344,167.13135305765275,0.01416353385520748,602.0949631656088,602.0610043187642,-0.004254826288615732,0.015962242258733092,0.33333333333303017,0.1541048043481109,5.632521499111739,1.0045402916288042
994,500.0,K_I_693.8764,693.876396,0.00655092165605007,weak_anchor,detected,693.8511545130773,11.322185745525324,0.9443335547318068,11.989604402801142,0.0005192648218447835,29.714041086863517,29.42703156730612,0.015512153623376435,0.06456961931161974,0.29999999999972715,0.13855391620487725,3.6573881307444642,0.742474089694876
994,500.0,K_I_766.4899,766.48991,1.0,strong_resonance,detected,766.4646685130773,396.0601424276122,5.084986672025931,77.88813776178813,0.018164345994656838,839.3086345781448,836.8661496701859,-0.031335179775965116,-0.011117091844698694,0.3999999999996362,0.11549331534901738,19.694068696461017,0.9023060154124414
994,500.0,K_I_769.8964,769.89645,0.4984931955549362,weak_resonance,detected,769.8712085130772,269.49108142738334,4.70647784128931,57.25960909943601,0.012359560382716146,686.2159913796213,684.7174423765543,-0.004541846445704323,0.00045471268847635803,0.33333333333303017,0.12198169017084048,18.22811029862431,0.8765945362352239
995,600.0,K_I_693.8764,693.876396,0.00655092165605007,weak_anchor,detected,693.8508674929202,28.422157386014426,1.6141062157171309,17.60860413599656,0.00167831253502659,47.13340407722467,46.81025637912224,0.015799173780465026,0.05838380373458594,0.3666666666663332,0.12911610928566633,6.25140649248801,2.399745792985467
995,600.0,K_I_766.4899,766.48991,1.0,strong_resonance,detected,766.4643814929202,358.4803799412542,1.2664660876444769,283.0556486577531,0.021168066415413953,656.869430172162,656.1698039624514,0.0022851737144264916,0.011854732568270973,0.46666666666624224,0.06271945761694406,4.905002065987983,1.0515145255929663
995,600.0,K_I_769.8964,769.89645,0.4984931955549362,weak_resonance,detected,769.8709214929202,252.3195911678547,1.3619280750526768,185.26645847879703,0.01489933107253043,563.1926429305636,562.2699776837126,-0.004254826288615732,0.00905309475514254,0.3666666666663332,0.1080584976437094,5.274724753416139,1.0567262756371314
996,700.0,K_I_693.8764,693.876396,0.00655092165605007,weak_anchor,detected,693.8509671965683,15.817213134831983,1.1696105641066954,13.523486894043725,0.0008208117522716372,43.494093898334995,42.820568555784966,-0.017633863200899214,0.02795264187835124,0.29999999999972715,0.13402921892691252,4.529882236337613,1.173642875351392
996,700.0,K_I_766.4899,766.48991,1.0,strong_resonance,detected,766.4644811965682,368.6253883676328,1.327319179521479,277.72173720907773,0.019129289614966266,642.8644055827212,642.7706242052387,0.002185470066478956,-0.009955642830338915,0.49999999999954525,0.06932790961178507,5.140685077393055,0.9502391715742525
996,700.0,K_I_769.8964,769.89645,0.4984931955549362,weak_resonance,detected,769.8710211965681,257.02071172416686,2.6171615548360383,98.20590221082813,0.01333772384313627,537.3568106887951,535.876483759457,-0.004354529936563267,-0.0013651829030512533,0.3999999999996362,0.08053507821758975,10.136223116223505,0.9459702032005554
997,800.0,K_I_693.8764,693.876396,0.00655092165605007,weak_anchor,detected,693.8510669002162,12.727095692617011,0.8783727949881167,14.489401043880456,0.0006159190676728178,36.35676012283466,35.59992931810662,0.015599766484456268,-0.011642106101132348,0.23333333333312112,0.18203405852535176,3.4019232067537315,0.8806757743985737
997,800.0,K_I_766.4899,766.48991,1.0,strong_resonance,detected,766.4645809002162,386.5996773000988,3.830206038150478,100.9344336699911,0.018709226248956316,729.2391220781656,728.9834481408525,0.002085766418417734,-0.0027724695736201354,0.4333333333329392,0.07081268373807274,14.834324198313382,0.9293727059103267
997,800.0,K_I_769.8964,769.89645,0.4984931955549362,weak_resonance,detected,769.8711209002162,275.9225250941468,0.8271947132588628,333.564178628641,0.013353081371463422,634.5167433660421,633.0595965573037,-0.00445423358462449,0.006862298581775765,0.3666666666663332,0.09420199481769773,3.203711348525309,0.9470594268464453
998,900.0,K_I_693.8764,693.876396,0.00655092165605007,weak_anchor,detected,693.8504111356457,10.902549859895569,0.9419844284615777,11.574023445059813,0.0005282685874477288,31.658086949917333,31.227266869611565,0.016255531054980565,0.040620561674714104,0.29999999999972715,0.1415573517122967,3.6482900038217205,0.7553481808881192
998,900.0,K_I_766.4899,766.48991,1.0,strong_resonance,detected,766.4639251356457,299.12366490325184,2.4694031507867518,121.13196859247185,0.014493640291606262,662.9323710414737,649.7903493982762,-0.030591802344360985,-0.012399915440695729,0.33333333333303017,0.11970546373855268,9.563957278077911,0.7199653003850154
998,900.0,K_I_769.8964,769.89645,0.4984931955549362,weak_resonance,detected,769.8704651356456,206.2285747830133,1.4726455386738346,140.03952028315575,0.009992531957384167,492.4078541239078,491.3073389579818,-0.003798469014100192,0.009909278700961007,0.3666666666663332,0.10308659418596901,5.703531646155599,0.7087144401388373
999,1000.0,K_I_693.8764,693.876396,0.00655092165605007,weak_anchor,detected,693.8504111356457,10.194288791293868,0.9727899285845729,10.479434965087215,0.00037106691570953454,21.491980221809172,21.02268309497344,0.016255531054980565,0.1257348619615817,0.33333333333303017,0.15782375042995694,3.7675991927697794,0.5305723763041194
999,1000.0,K_I_766.4899,766.48991,1.0,strong_resonance,detected,766.4639251356457,286.25214035599726,1.2597582564453256,227.22783430189077,0.010419431998813457,655.3643804582236,646.639066401252,-0.030591802344360985,0.006497133789855599,0.3666666666663332,0.13468376217922176,4.879022747464475,0.5175807690778285
999,1000.0,K_I_769.8964,769.89645,0.4984931955549362,weak_resonance,detected,769.8704651356456,181.72656328321924,3.4761335286961743,52.27836093839039,0.006614754272763651,465.71109981451355,464.6772066501335,-0.003798469014100192,-0.004511179452711373,0.33333333333303017,0.12131996893658467,13.463007265845748,0.4691475484962957
1000,1100.0,K_I_693.8764,693.876396,0.00655092165605007,weak_anchor,detected,693.8510669002162,14.396688111302279,1.2843726551459629,11.20912069687918,0.0005290093433487035,30.35710658999608,30.25956530715939,-0.01773356684884675,0.01496326116672478,0.26666666666642413,0.25130789325973374,4.974353903709041,0.7564073553981665
1000,1100.0,K_I_766.4899,766.48991,1.0,strong_resonance,detected,766.4645809002162,329.67107281124754,4.1152664053015044,80.10929070996418,0.012113833153892301,719.3656286074256,707.3782168298885,-0.031247566914885283,-0.006313568006174142,0.3666666666663332,0.12152269293431531,15.938358252954083,0.6017494121547197
1000,1100.0,K_I_769.8964,769.89645,0.4984931955549362,weak_resonance,detected,769.8711209002162,225.35226892210412,1.1803492578058519,190.91999036032,0.008280616686488673,585.4481936607957,584.2400176465459,-0.00445423358462449,-0.00695426396268678,0.33333333333303017,0.1326719599384734,4.5714730181945065,0.5872978584404155
1001,1200.0,K_I_693.8764,693.876396,0.00655092165605007,weak_anchor,low_snr,693.8508674929202,10.236728706273036,2.3205735067425746,4.411292586306604,0.0003977983505895194,20.497870593277185,19.487362619208568,0.04913250711376804,0.21485928824419537,0.33333333333303017,0.11079156720944727,8.98754254527231,0.5687944875348457
1001,1200.0,K_I_766.4899,766.48991,1.0,strong_resonance,detected,766.4643814929202,322.721525682382,1.2654244901204,255.03025127297508,0.01254092926556851,610.1939258528562,610.0619964712629,0.0022851737144264916,2.5884915920741562e-05,0.4333333333329392,0.08358082983816272,4.900967976123778,0.62296522641184
1001,1200.0,K_I_769.8964,769.89645,0.4984931955549362,weak_resonance,detected,769.8709214929202,217.1988877365898,1.321781928552341,164.32278505613493,0.0084403291100747,489.13152011809734,487.7040680382358,-0.004254826288615732,-0.0025658336010776933,0.3999999999996362,0.0922586137692337,5.119239396605794,0.598625367959296
1002,1300.0,K_I_693.8764,693.876396,0.00655092165605007,weak_anchor,detected,693.8508674929202,8.961582390974305,1.2033884592885784,7.446957232972162,0.0002913911389764755,28.177572921857745,27.691168302914125,0.015799173780465026,-0.010339019655726974,0.26666666666642413,0.15150705073430304,4.660703461847104,0.41664746301913425
1002,1300.0,K_I_766.4899,766.48991,1.0,strong_resonance,detected,766.4643814929202,313.9927622887848,4.111514559008211,76.3691232956565,0.010209659928568865,680.8434351144306,671.8959878031972,-0.031048159618876525,0.0005519883082052437,0.3999999999996362,0.1155300812390236,15.923827414742615,0.5071604323972294
1002,1300.0,K_I_769.8964,769.89645,0.4984931955549362,weak_resonance,detected,769.8709214929202,220.0527876702954,2.229066710411362,98.71969584512159,0.007155146227163639,536.1251957358413,535.5789484973515,-0.004254826288615732,5.199804038964072e-06,0.3666666666663332,0.13041573720193483,8.633138247016408,0.5074745293907733
1003,1400.0,K_I_693.8764,693.876396,0.00655092165605007,weak_anchor,detected,693.8502910893059,21.000071221306552,1.923945737851781,10.915105768395833,0.00072608028459147,33.09690456784688,32.52379573488087,0.016375577394796892,0.0998258036336776,0.33333333333303017,0.12809147816509006,7.451409801713465,1.0381904871433647
1003,1400.0,K_I_766.4899,766.48991,1.0,strong_resonance,detected,766.4638050893059,280.3807043506667,3.5670104256349164,78.6038365168949,0.009694200532155287,602.1810348303616,590.7547685082277,-0.03047175600454466,-0.005277122233088772,0.3999999999996362,0.11024632453142509,13.814971974244825,0.4815552102647259
1003,1400.0,K_I_769.8964,769.89645,0.4984931955549362,weak_resonance,detected,769.8703450893058,180.88526128428174,0.3405470596963171,531.1608370531409,0.006254132217344088,464.0575037955823,463.35541975333354,-0.0036784226742838655,-0.0004551388294526775,0.3666666666663332,0.12629179778151142,1.3189330908049386,0.4435706417424946
1004,1500.0,K_I_693.8764,693.876396,0.00655092165605007,weak_anchor,detected,693.8509671965683,11.38165766230616,1.3579290350417739,8.381629207859177,0.0003404900489899392,25.101765031163154,24.07521277020373,0.04903280346570682,0.03355804086678227,0.33333333333303017,0.12791531857993263,5.259236538053081,0.48685185003642767
1004,1500.0,K_I_766.4899,766.48991,1.0,strong_resonance,detected,766.4644811965682,307.85699340818564,1.3950741745735051,220.67428314505364,0.009209751854916478,652.0224668052706,647.3811328517162,-0.03114786326682406,-0.00372186666425238,0.3666666666663332,0.13567887963205683,5.4030990448521585,0.4574904321681317
1004,1500.0,K_I_769.8964,769.89645,0.4984931955549362,weak_resonance,detected,769.8710211965681,196.66257925313946,2.378147867194093,82.69569019069274,0.005883295143039949,498.25059980189917,498.20997785668595,-0.004354529936563267,0.014544775571434956,0.33333333333303017,0.15700576636272964,9.210527084469787,0.4172692407943627
1005,1600.0,K_I_693.8764,693.876396,0.00655092165605007,weak_anchor,detected,693.8503511124758,14.908563510771847,0.3622005811290184,41.161070101821046,0.0010106283102439607,30.060957612320408,29.72215669597137,0.01631555422488873,0.07913423275719457,0.3666666666663332,0.09296146600893279,1.4027968187006123,1.4450532812957462
1005,1600.0,K_I_766.4899,766.48991,1.0,strong_resonance,detected,766.4638651124758,304.82270854286156,1.5713852847848686,193.983430731053,0.02066345685391325,538.2020087235414,535.4111707732354,-0.030531779174452822,0.006177273463279997,0.49999999999954525,0.08393147298222553,6.08594903845273,1.0264482643077733
1005,1600.0,K_I_769.8964,769.89645,0.4984931955549362,weak_resonance,detected,769.8704051124757,217.1811485746824,2.2553767916233354,96.29484057001561,0.014722371946987832,447.6959992268678,446.4827192036679,-0.0037384458441920287,0.015537202584104095,0.3999999999996362,0.08775155168996528,8.735036753387838,1.0441755539460487
1006,1700.0,K_I_693.8764,693.876396,0.00655092165605007,weak_anchor,low_snr,693.8502483297525,9.974230855795646,3.262785726383205,3.0569677852710457,0.00037364179175059854,26.698923949807977,26.60241566488494,0.016418336948163414,-0.04339923589779203,0.26666666666642413,0.2358886861490531,12.636714780536915,0.5342540790966832
1006,1700.0,K_I_766.4899,766.48991,1.0,strong_resonance,detected,766.4637623297524,378.7901383441502,4.986523923898415,75.96276366563902,0.014189748366023292,675.9733949264773,675.8767778035797,0.0029043368822385673,-0.005351665989728981,0.46666666666624224,0.07106867589027646,19.312724112740984,0.7048696006791497
1006,1700.0,K_I_769.8964,769.89645,0.4984931955549362,weak_resonance,detected,769.8703023297523,267.4480138286374,4.529304127445923,59.048367321593716,0.010018793081073068,572.08787288845,571.1069734577479,-0.003635663120803656,0.007134975496492752,0.3999999999996362,0.08984746801685968,17.541919455522528,0.7105769948599001
1007,1800.0,K_I_693.8764,693.876396,0.00655092165605007,weak_anchor,detected,693.8504046909338,13.260417852375966,1.5113845922724793,8.773688656199637,0.000437892830036452,31.761927034199203,31.329744490854797,0.016261975766838077,0.043707824045225614,0.26666666666642413,0.18444871617339076,5.853567355591124,0.6261238325565072
1007,1800.0,K_I_766.4899,766.48991,1.0,strong_resonance,detected,766.4639186909338,392.72932968370225,2.3652474056243222,166.04154337082502,0.012968924473424601,711.8340691099886,711.7775724893506,0.002747975700799543,0.0013360353649720165,0.49999999999954525,0.076006028051915,9.16056381165163,0.6442257028820553
1007,1800.0,K_I_769.8964,769.89645,0.4984931955549362,weak_resonance,detected,769.8704586909338,277.3569524343863,2.658498532485958,104.32842036404296,0.00915903421625718,592.6875678848969,592.0316893881641,-0.0037920243022426803,-0.0041756245820814475,0.3666666666663332,0.10251234636797224,10.296320542244336,0.6495991040579474
1008,1900.0,K_I_693.8764,693.876396,0.00655092165605007,weak_anchor,detected,693.8502910893059,15.639982694186793,2.8383089861433164,5.510317153819938,0.0005553414301503962,33.69907974399348,32.83923720295117,0.016375577394796892,-0.13150217348280935,0.26666666666642413,0.18539511752186263,10.99272343473392,0.7940584562534009
1008,1900.0,K_I_766.4899,766.48991,1.0,strong_resonance,detected,766.4638050893059,375.87722439731107,4.3188688712063135,87.03140465858226,0.013346574573599146,766.4047949233818,761.8021996509907,-0.03047175600454466,-0.0006913221467959307,0.4333333333329392,0.12120499404439973,16.72690721265089,0.6629853079462199
1008,1900.0,K_I_769.8964,769.89645,0.4984931955549362,weak_resonance,detected,769.8703450893058,276.50430745005235,1.0033655473877552,275.5768405342664,0.009818060578745482,629.9481808468516,628.1167036769554,-0.0036784226742838655,-0.002400964981829535,0.3666666666663332,0.10287844730234519,3.886018055194599,0.6963401604308007
1009,2000.0,K_I_693.8764,693.876396,0.00655092165605007,weak_anchor,detected,693.8499078346919,9.655864997007754,1.5806023579311017,6.108977978273174,0.00026120334888996667,29.72803777327499,29.487368913135654,0.016758832008804347,0.0009832751378923712,0.26666666666642413,0.20509640446758298,6.1216466092488995,0.3734832604360437
1009,2000.0,K_I_766.4899,766.48991,1.0,strong_resonance,detected,766.4634218346919,411.8224500334439,4.237101904853171,97.19436994464141,0.011140317633908622,822.0667042400855,810.2994780260357,-0.030088501390537203,-0.0051490060582748565,0.3999999999996362,0.10396157711234293,16.41022511369498,0.5533904505913894
1009,2000.0,K_I_769.8964,769.89645,0.4984931955549362,weak_resonance,detected,769.8699618346918,285.7896795093285,7.918152138025514,36.0929765591235,0.007730971941836372,635.0517918141886,633.8886023255943,-0.00329516806027641,-0.013426955916881951,0.3999999999996362,0.08951180660508273,30.66687136333736,0.5483146288502763
1010,2100.0,K_I_693.8764,693.876396,0.00655092165605007,weak_anchor,detected,693.8494407809644,15.59180353881299,1.2211132573123862,12.768515488178245,0.000526846502575046,34.51530994126051,34.03539484081124,0.017225885736252167,0.0297240596243426,0.23333333333312112,0.2138483349324973,4.7293513094082655,0.753314803838692
1010,2100.0,K_I_766.4899,766.48991,1.0,strong_resonance,detected,766.4629547809643,388.2202844369168,1.7277562774743698,224.69620831267727,0.013117949990527546,692.7219795231163,691.9464246637939,0.0037118856703273195,0.00894215462213133,0.49999999999954525,0.048812013477150314,6.691571288969641,0.6516284808610417
1010,2100.0,K_I_769.8964,769.89645,0.4984931955549362,weak_resonance,detected,769.8694947809643,280.92032348472526,2.45013139698097,114.65520740270206,0.00949228801926307,626.9516488085246,625.779327581333,-0.002828114332714904,-0.003889722324318773,0.3999999999996362,0.09082816682640629,9.489318096535841,0.6732349336383499
1011,2200.0,K_I_693.8764,693.876396,0.00655092165605007,weak_anchor,low_snr,693.8493676047765,13.577752135803232,4.731956702763268,2.8693737049357155,0.00042442368102095794,37.00494202698883,36.89081858537582,-0.016034271409125722,-0.19583526517201236,0.1999999999998181,0.28928735294160274,18.326789504793368,0.6068648846487421
1011,2200.0,K_I_766.4899,766.48991,1.0,strong_resonance,detected,766.4628816047765,400.99672943714074,3.1108944240874794,128.90078375281584,0.012534660103000044,673.0045051506277,671.6657814324326,-0.029548271475164256,0.000508281893850503,0.5333333333328483,0.06162236870495689,12.048442296311277,0.6226538084781149
1011,2200.0,K_I_769.8964,769.89645,0.4984931955549362,weak_resonance,detected,769.8694216047764,290.69806960116654,1.2427608594109922,233.91311964792902,0.00908686088328824,617.6141931015054,616.9275555065243,-0.0027549381449034627,0.013348328766039476,0.3999999999996362,0.09366435109067643,4.813192111821567,0.6444802529513229
1012,2300.0,K_I_693.8764,693.876396,0.00655092165605007,weak_anchor,detected,693.8487193277315,10.432085096686848,0.779615800335224,13.38105909628973,0.0003065811502824059,25.084063144292145,21.40261749061877,0.08461400563578536,0.06776158610258924,0.3666666666663332,0.09020539200829647,3.0194390111412357,0.43836699675677065
1012,2300.0,K_I_766.4899,766.48991,1.0,strong_resonance,detected,766.4622333277314,465.7733816778377,2.3873551435457325,195.10016468939125,0.013688283579192514,775.7894276171555,774.8222072301995,0.00443333890325448,-0.01240480859440302,0.5333333333328483,0.042347982254268564,9.246186712443649,0.679959554712836
1012,2300.0,K_I_769.8964,769.89645,0.4984931955549362,weak_resonance,detected,769.8687733277313,324.133436425729,2.3118324107116184,140.20628611481212,0.00952572768179865,690.3853727448031,689.2924755847989,-0.0021066610997877433,0.01534547115828238,0.3999999999996362,0.08993884582606515,8.953688425916786,0.6756066219965564
1013,2400.0,K_I_693.8764,693.876396,0.00655092165605007,weak_anchor,detected,693.8485477238171,19.288762830400998,0.8164790516680366,23.62432053951019,0.0005206593940232977,44.09106592209244,42.544705282552435,0.018118942883575073,-0.0003202121515388889,0.29999999999972715,0.2032404053229324,3.1622097696404063,0.7444681275445374
1013,2400.0,K_I_766.4899,766.48991,1.0,strong_resonance,detected,766.4620617238171,446.03338390945686,2.1660834549508077,205.91698943547232,0.01203972869708569,817.9548015025521,816.4145298264175,-0.028728390515766478,0.004495260774160234,0.46666666666624224,0.08689444679809537,8.389205147527532,0.598068305377457
1013,2400.0,K_I_769.8964,769.89645,0.4984931955549362,weak_resonance,detected,769.868601723817,309.8751279493878,1.4879084216487084,208.26223135831444,0.008364424289915226,690.7494636505912,690.14959576011,-0.0019350571855056842,0.004040805184965741,0.3666666666663332,0.10293404773657445,5.762644537732452,0.5932418633227752
1014,2500.0,K_I_693.8764,693.876396,0.00655092165605007,weak_anchor,detected,693.8475254798448,14.47290311475659,1.3777654108633672,10.504620743590337,0.0003378028860172801,39.21609527150804,38.25194973876191,0.01914118685590438,-0.01621290584139549,0.26666666666642413,0.16972114196526103,5.336062491259294,0.4830095930645444
1014,2500.0,K_I_766.4899,766.48991,1.0,strong_resonance,detected,766.4610394798448,443.8301997180691,2.2558844236794555,196.74332384199045,0.010359160230508535,850.1297970106566,845.3512981232413,-0.02770614654343717,-0.004678225812101081,0.4333333333329392,0.09732960471606183,8.737002803887194,0.5145867951072229
1014,2500.0,K_I_769.8964,769.89645,0.4984931955549362,weak_resonance,detected,769.8675794798447,303.68374022350224,1.7124743145542571,177.33623076416688,0.007088090279511717,704.2822064875271,703.788405833763,-0.0009128132131763778,-0.0104640418839482,0.3666666666663332,0.1009631589840742,6.6323845010826314,0.5027186258219093
1015,2600.0,K_I_693.8764,693.876396,0.00655092165605007,weak_anchor,detected,693.8471935596799,13.321792826738633,1.668637323493237,7.983635892100208,0.0005556188579018082,29.376824675231546,28.326034541656952,0.019473107020758107,0.09695355794068239,0.29999999999972715,0.17873877150439157,6.462604564755303,0.7944551380783971
1015,2600.0,K_I_766.4899,766.48991,1.0,strong_resonance,detected,766.46070755968,318.6731380459727,1.9929351662987287,159.9014074490999,0.013291064296518986,574.6345734687993,569.5935423228009,-0.02737422637869713,-0.003291181284180033,0.49999999999954525,0.06259247155842211,7.718604709153104,0.6602278589887197
1015,2600.0,K_I_769.8964,769.89645,0.4984931955549362,weak_resonance,detected,769.86724755968,240.72328286016457,0.5727702418362545,420.278962273643,0.010039969637171018,517.6212282789538,517.4470606033212,-0.0005808930484363373,0.015550212714566988,0.3999999999996362,0.08455882107160585,2.218329607837026,0.7120789296210831
1016,2700.0,K_I_693.8764,693.876396,0.00655092165605007,weak_anchor,detected,693.8475693172857,10.871786340639174,0.745089986284879,14.591239368076055,0.0004624770982643285,25.14230063186733,24.86186135239456,0.019097349415005738,0.09529158359483343,0.29999999999972715,0.14594044755218322,2.8857211083098733,0.6612758039695898
1016,2700.0,K_I_766.4899,766.48991,1.0,strong_resonance,detected,766.4610833172856,348.6590376373918,0.8627707374017877,404.1155112508448,0.014831676686601831,665.8305498756047,663.2241838602428,-0.027749983984222126,0.003032630899577613,0.4333333333329392,0.10172068731284865,3.341496697555255,0.7367571118117829
1016,2700.0,K_I_769.8964,769.89645,0.4984931955549362,weak_resonance,detected,769.8676233172855,245.33626365155453,1.0819069832330717,226.76280627971744,0.010436408494200827,591.2712301190896,591.0344549369559,-0.0009566506539613329,0.0073499559790242055,0.3666666666663332,0.12384435181150834,4.190207728211004,0.7401961219210327
1017,2800.0,K_I_693.8764,693.876396,0.00655092165605007,weak_anchor,detected,693.8475254798448,11.7506735560957,0.7967545019751842,14.74817340468782,0.000353915752139283,34.033926710434116,33.8378446277451,0.01914118685590438,-0.10470694732762995,0.26666666666642413,0.24884954902433926,3.0858169171684793,0.5060486765976968
1017,2800.0,K_I_766.4899,766.48991,1.0,strong_resonance,detected,766.4610394798448,507.35651220051955,1.8184351242009813,279.0072108970352,0.015280950556665075,944.6932457641324,940.4377706133337,-0.02770614654343717,0.0025707469432928944,0.46666666666624224,0.0907442515464011,7.042768952195422,0.7590745966056168
1017,2800.0,K_I_769.8964,769.89645,0.4984931955549362,weak_resonance,detected,769.8675794798447,364.6705456457191,2.3398870989149145,155.84963300786146,0.010983425743990286,806.6865304180124,806.2978584877632,-0.0009128132131763778,-0.0011913247170015071,0.3666666666663332,0.09200850197613054,9.062343766111292,0.7789929979864967
1018,2900.0,K_I_693.8764,693.876396,0.00655092165605007,weak_anchor,detected,693.8470180865284,18.543376806444073,0.783106711806428,23.679246425648962,0.00047104437242521176,35.257657959429935,35.2375949650733,0.019648580172315633,-0.03498019042084404,0.4333333333329392,0.09951163949525814,3.0329592531323053,0.6735257751137349
1018,2900.0,K_I_766.4899,766.48991,1.0,strong_resonance,detected,766.4605320865282,631.4469501021182,1.6719892765766011,377.6620812993527,0.016040203218396665,1146.6008869956004,1146.5339821470545,0.006134580106390786,-0.011507824100991269,0.49999999999954525,0.06575170491485254,6.475586623224452,0.7967901435402459
1018,2900.0,K_I_769.8964,769.89645,0.4984931955549362,weak_resonance,detected,769.8670720865282,449.0874092984744,1.734006812279707,258.9882612445202,0.011407851929296452,1001.6364945304954,1001.4898048773728,-0.00040541989665143774,0.0061110809829939905,0.3666666666663332,0.1073423029143002,6.715779506175624,0.8090951750505633
1019,3000.0,K_I_693.8764,693.876396,0.00655092165605007,weak_anchor,detected,693.8467323389597,16.163853162200702,2.0040091901332233,8.065758002400257,0.00044853835566391906,47.084297118047516,46.74537572563235,-0.013399005592305002,0.015210348286016698,0.23333333333312112,0.22383855226919905,7.761494219039646,0.6413454047044077
1019,3000.0,K_I_766.4899,766.48991,1.0,strong_resonance,detected,766.4602463389597,524.9276425356835,2.0640522132009655,254.31897467439413,0.014566463779570523,996.4718109442333,994.7376952069842,-0.026913005658343536,0.006654950586614869,0.4333333333329392,0.09385076779447275,7.99403984743717,0.723582775590167
1019,3000.0,K_I_769.8964,769.89645,0.4984931955549362,weak_resonance,detected,769.8667863389596,377.00361802179225,1.998266563601121,188.66532868487053,0.010461650524163755,853.0955679837762,853.0239765162806,-0.00011967232808274275,0.007311855427125514,0.3666666666663332,0.0947778154548099,7.739253122117304,0.7419863980201673
1020,3100.0,K_I_693.8764,693.876396,0.00655092165605007,weak_anchor,detected,693.8464264459085,11.685566264723054,1.0786290220589922,10.833721349733855,0.0003530643562493177,36.464078375429125,34.97821786770909,0.020240220792175023,-0.05957916633008257,0.26666666666642413,0.2228330781620131,4.177512239174269,0.5048313027996295
1020,3100.0,K_I_766.4899,766.48991,1.0,strong_resonance,detected,766.4599404459085,508.38131383462,2.4048044490628904,211.4023508367706,0.015360087584292722,929.3999456868678,928.0965190978485,-0.026607112607166528,-0.0010159214894593057,0.46666666666624224,0.08110326138396841,9.313767582114547,0.7630056941574522
1020,3100.0,K_I_769.8964,769.89645,0.4984931955549362,weak_resonance,detected,769.8664804459085,368.0009228297272,7.74886655874769,47.490935614872754,0.011118674608886122,805.3525040156146,805.2781742058012,0.00018622072309426585,-0.013445139939772695,0.3999999999996362,0.09558066542787366,30.011231134040678,0.788585444022482
1021,3200.0,K_I_693.8764,693.876396,0.00655092165605007,weak_anchor,detected,693.845303088015,13.646008065480954,0.7512533812400635,18.164321660630723,0.0004772591147208286,31.504107937363216,31.40312854027492,0.021363578685622997,0.06042310580048617,0.33333333333303017,0.15663796229447663,2.9095918343274234,0.6824119636913344
1021,3200.0,K_I_766.4899,766.48991,1.0,strong_resonance,detected,766.458817088015,478.78041511554574,4.254246829088835,112.541757530813,0.016744993551757997,927.4992799096526,924.5503474214089,-0.025483754713718554,-0.002684726939414721,0.46666666666624224,0.09303001807069931,16.476627119731756,0.8318002979153902
1021,3200.0,K_I_769.8964,769.89645,0.4984931955549362,weak_resonance,detected,769.865357088015,339.92318388051376,1.5035391849919932,226.0820251800248,0.011888563822725658,770.642479242124,769.892804221925,0.0013095786165422396,0.0027122150559323404,0.3999999999996362,0.093083091530085,5.8231822238495585,0.843189382792176
1022,3300.0,K_I_693.8764,693.876396,0.00655092165605007,weak_anchor,detected,693.8454617806059,14.678999045663316,2.227455409077665,6.590030483142884,0.0003528275269825918,42.30871591039477,40.472046644606436,0.021204886094778885,0.06929412861482874,0.26666666666642413,0.23984521034822,8.626897703785271,0.5044926709747338
1022,3300.0,K_I_766.4899,766.48991,1.0,strong_resonance,detected,766.4589757806059,655.3509819448648,1.7141588350991428,382.3163691286291,0.015752154867366922,1371.1205781425726,1354.6907615908988,-0.025642447304562666,0.0014322739483309578,0.3999999999996362,0.10200018122412009,6.638908621099323,0.782481466534191
1022,3300.0,K_I_769.8964,769.89645,0.4984931955549362,weak_resonance,detected,769.8655157806058,432.68005271035935,1.7344074719281009,249.46851285722317,0.010399989297471548,1071.4094616121006,1070.716039504815,0.001150886025698128,0.002557915489402905,0.33333333333303017,0.11010776732531935,6.717331254321352,0.7376131118560787
1023,3400.0,K_I_693.8764,693.876396,0.00655092165605007,weak_anchor,detected,693.845303088015,17.773888392729635,0.7540869297090748,23.570078849645046,0.0005549578164096482,43.07467706099146,41.90344867069891,0.021363578685622997,0.03419162223391275,0.23333333333312112,0.21858388654074198,2.9205661203585858,0.793509943719961
1023,3400.0,K_I_766.4899,766.48991,1.0,strong_resonance,detected,766.458817088015,480.57759212873924,3.3948048495913903,141.56265630013553,0.015005174177433498,857.8721786680208,854.2088817064686,-0.025483754713718554,-0.00017093870412040527,0.49999999999954525,0.06911463872947403,13.148022646103588,0.7453755244803385
1023,3400.0,K_I_769.8964,769.89645,0.4984931955549362,weak_resonance,detected,769.865357088015,332.09657973263097,3.2345131523928674,102.67281785110335,0.010369120625339406,739.0709619527872,738.5360271209511,0.0013095786165422396,-0.006593902635268335,0.3999999999996362,0.09702621201961582,12.527215572317822,0.7354237694770639
1024,3500.0,K_I_693.8764,693.876396,0.00655092165605007,weak_anchor,detected,693.8461317179682,9.504760642138685,1.1050843649953734,8.600936673444364,0.0002613990649186841,27.684505083132194,26.839182754153825,0.02053494873246109,0.013254845272821494,0.23333333333312112,0.19445589645426634,4.279973341785173,0.37376310623754516
1024,3500.0,K_I_766.4899,766.48991,1.0,strong_resonance,detected,766.4596457179682,456.87322423744973,1.8813360138622677,242.8450956506791,0.012564885965942778,885.1249139013289,877.2336353724166,-0.026312384666880462,-0.006232320969020219,0.46666666666624224,0.08635125853943454,7.286383050315435,0.6241552651208304
1024,3500.0,K_I_769.8964,769.89645,0.4984931955549362,weak_resonance,detected,769.8661857179682,302.68978898994135,3.323126992237288,91.08583262000352,0.008324547117117184,726.3034618150718,726.0175213178185,0.0004809486633803317,-0.003608445116242718,0.3666666666663332,0.09763401566456563,12.870415498279066,0.5904135983430471
1025,3600.0,K_I_693.8764,693.876396,0.00655092165605007,weak_anchor,detected,693.8446081070459,7.280711583815445,1.2403350930599486,5.869955324616095,0.0002017701118174379,27.586172897569668,27.444348632484765,0.02205855965473802,0.042622951596388764,0.1999999999998181,0.2866092211061068,4.803797159142176,0.28850227051210847
1025,3600.0,K_I_766.4899,766.48991,1.0,strong_resonance,detected,766.4581221070459,383.5248850501036,3.4399480131236118,111.49147707666882,0.010628612059479018,697.7282058280098,696.9723247815356,0.008544559588699485,0.002841541237285905,0.46666666666624224,0.06486666010298278,13.322861366659158,0.5279716979391481
1025,3600.0,K_I_769.8964,769.89645,0.4984931955549362,weak_resonance,detected,769.8646621070459,266.9316692226185,6.834015568802314,39.05927145398635,0.007397468245602231,608.128087381634,607.0662679568153,0.0020045595856572618,-0.011698357265866396,0.3666666666663332,0.09549869101502825,26.46802848571764,0.5246610757399307
1026,3700.0,K_I_693.8764,693.876396,0.00655092165605007,weak_anchor,low_snr,693.8451443954242,8.520435414664354,3.012490185619108,2.8283695181278365,0.0002107238178073505,27.2051014957824,26.628489964300506,0.02152227127646711,0.1242693254604611,0.23333333333312112,0.24763280981150124,11.667324319526706,0.30130478365104607
1026,3700.0,K_I_766.4899,766.48991,1.0,strong_resonance,detected,766.4586583954242,482.00948937690055,2.2731153758638225,212.04796487451884,0.011920855552294943,989.5376752016007,976.0726181531287,-0.025325062122874442,0.0015103726055734094,0.3999999999996362,0.09488516473906854,8.803737994736604,0.5921633334259628
1026,3700.0,K_I_769.8964,769.89645,0.4984931955549362,weak_resonance,detected,769.8651983954242,331.2442420986518,1.5730065907619628,210.580326900091,0.008192192995395163,795.1886398564155,794.0820160858038,0.0014682712073863513,0.006747113341882209,0.3666666666663332,0.10161403258645003,6.092228329501128,0.5810264602606942
1027,3800.0,K_I_693.8764,693.876396,0.00655092165605007,weak_anchor,low_snr,693.8454180352966,10.433194225188073,2.1026443761562623,4.961939519349661,0.0002549017031751307,37.14453659573428,36.11751627295305,0.02124863140409161,0.07045572264269755,0.23333333333312112,0.17265751949734665,8.143506651857294,0.364472812454838
1027,3800.0,K_I_766.4899,766.48991,1.0,strong_resonance,detected,766.4589320352966,458.296210375971,2.236918412332479,204.87837546926733,0.011197000847689783,930.0286533562451,924.0042832095456,-0.02559870199524994,0.003442823040173563,0.4333333333329392,0.10799248649750022,8.663547757796307,0.5562061646711969
1027,3800.0,K_I_769.8964,769.89645,0.4984931955549362,weak_resonance,detected,769.8654720352965,302.9748102821136,1.2022881230514597,251.99850557714095,0.0074022196360176255,738.3725455771397,737.5807897296963,0.001194631335010854,-0.012153931089705854,0.3666666666663332,0.09952005696750459,4.656441877925512,0.5249980653049867
1028,3900.0,K_I_693.8764,693.876396,0.00655092165605007,weak_anchor,detected,693.8444131397459,18.89689905245194,2.4242037758548767,7.7950951321277,0.0003892322772715079,42.60601270238476,42.53970659405574,0.02225352695472793,0.04016228324461673,0.26666666666642413,0.28309794248887904,9.388900851707612,0.5565462334234756
1028,3900.0,K_I_766.4899,766.48991,1.0,strong_resonance,detected,766.4579271397461,608.9864802831798,2.1305978125497926,285.8289240212705,0.012543708567751803,1275.7641053553543,1259.2521210918048,-0.024593806444727306,-0.00709809509065532,0.3999999999996362,0.0996144628828392,8.251769845478803,0.6231032870433305
1028,3900.0,K_I_769.8964,769.89645,0.4984931955549362,weak_resonance,detected,769.864467139746,413.72707136590014,3.7212672523004806,111.17908048935072,0.008521817770716512,994.9641750897931,992.7711289818714,0.002199526885533487,0.003283847993683275,0.3666666666663332,0.10576788039894963,14.412406094959902,0.6044049031912799
1029,4000.0,K_I_693.8764,693.876396,0.00655092165605007,weak_anchor,detected,693.8445822743612,13.1210738333308,2.2367542899189816,5.86612212725702,0.0003080442444817067,23.447170807851762,22.49755600852697,0.05541772567278258,0.08113837830367378,0.4333333333329392,0.09873262209968707,8.66291211442209,0.44045901125123305
1029,4000.0,K_I_766.4899,766.48991,1.0,strong_resonance,detected,766.4580962743612,467.8388304864102,1.1027294131847805,424.2553294513566,0.0109834805372639,1032.3978359748737,1015.901913451425,-0.024762941059861987,-0.0007566653469297062,0.3999999999996362,0.10600060113833396,4.270852652641616,0.5455996357839649
1029,4000.0,K_I_769.8964,769.89645,0.4984931955549362,weak_resonance,detected,769.8646362743611,313.2034285318756,4.939784736331682,63.40426663297531,0.00735309584693421,788.190805970049,786.9228889006044,0.0020303922703988064,0.008276484492896426,0.33333333333303017,0.11080583359559722,19.1317040176796,0.5215139895145636
1030,4100.0,K_I_693.8764,693.876396,0.00655092165605007,weak_anchor,detected,693.8446562298354,5.826353394720391,0.9391462918020986,6.203882659793484,0.0001821881322912984,22.248870893032745,22.218170359199092,-0.01132289646807294,-0.0498984350856799,0.23333333333312112,0.2654743829625005,3.6372979478052874,0.260502853237044
1030,4100.0,K_I_766.4899,766.48991,1.0,strong_resonance,detected,766.4581702298354,407.20611742300423,1.2901989395143876,315.6149838227822,0.012733199818966458,817.1639727654319,809.2565742606639,-0.024836896534111474,0.00443791403042488,0.3999999999996362,0.10202348655726143,4.996919006038238,0.6325161828277044
1030,4100.0,K_I_769.8964,769.89645,0.4984931955549362,weak_resonance,detected,769.8647102298354,270.43553012128746,1.2506546492220383,216.23517754442454,0.008456429056062953,657.7748215239055,656.6387043011946,0.001956436796149319,-0.0012767712372090292,0.33333333333303017,0.1025769229049586,4.8437646282982385,0.5997672471402676
1031,4200.0,K_I_693.8764,693.876396,0.00655092165605007,weak_anchor,detected,693.8446081070459,16.567493864496942,1.7504240611028699,9.46484582373625,0.00035601839925975134,49.791364781270204,47.41945101870036,0.02205855965473802,0.016410906466981977,0.26666666666642413,0.20836424340928075,6.779363237458335,0.5090551598814537
1031,4200.0,K_I_766.4899,766.48991,1.0,strong_resonance,detected,766.4581221070459,526.8111272171253,3.312234110635517,159.05008813403177,0.011320629164437665,1206.174632552811,1189.2650213267375,-0.02478877374460353,-0.0008716446941874322,0.3999999999996362,0.1172181263325442,12.82822754924316,0.5623473477289157
1031,4200.0,K_I_769.8964,769.89645,0.4984931955549362,weak_resonance,detected,769.8646621070459,361.2527955605702,1.191286660534948,303.24590002405415,0.00776295093606118,942.069024886262,940.1214572025772,0.0020045595856572618,0.0053403378462854685,0.33333333333303017,0.11262702805790617,4.613833396815098,0.5505827201693628
1032,4300.0,K_I_693.8764,693.876396,0.00655092165605007,weak_anchor,detected,693.8446562298354,13.986594671951796,0.9080110329228793,15.403551460084216,0.0002829318495809459,25.478273201155616,25.457336834667405,0.022010436865230076,0.06785175197677402,0.33333333333303017,0.19668006827874107,3.5167116086861046,0.40455189457469837
1032,4300.0,K_I_766.4899,766.48991,1.0,strong_resonance,detected,766.4581702298354,450.6663207169242,1.6043666222324777,280.89983578056587,0.00911643317440082,1044.0117355090265,1025.7826994621628,-0.024836896534111474,-0.002269955229838375,0.3666666666663332,0.11030191910453632,6.213685209123083,0.4528548671549791
1032,4300.0,K_I_769.8964,769.89645,0.4984931955549362,weak_resonance,detected,769.8647102298354,309.78032733594074,1.5579469696201271,198.8388137572322,0.006266480371574082,785.330386449396,784.0344090464894,0.001956436796149319,-0.0061011141889638415,0.33333333333303017,0.11063589185486296,6.033902667618553,0.44444642730407
1033,4400.0,K_I_693.8764,693.876396,0.00655092165605007,weak_anchor,detected,693.8452640911675,16.5554799914261,1.2909133139590223,12.824625644810434,0.0003183232338128484,32.478216563661476,31.912432271725162,0.021402575533215895,-0.03214082294758002,0.29999999999972715,0.16458550718074838,4.999685766365267,0.4551564891576106
1033,4400.0,K_I_766.4899,766.48991,1.0,strong_resonance,detected,766.4587780911675,450.20933849557593,1.4448378394083512,311.5985242191143,0.00865647462935987,1048.2181130118279,1030.777013318293,-0.025444757866125656,6.56503777783885e-05,0.33333333333303017,0.11686692527217647,5.59583289000394,0.430006625762039
1033,4400.0,K_I_769.8964,769.89645,0.4984931955549362,weak_resonance,detected,769.8653180911674,300.9819846572495,2.919991731195303,103.07631403258874,0.005787180965162199,792.6572376817749,791.4801097670448,0.0013485754641351377,-0.0097213570899015,0.33333333333303017,0.1172087026907032,11.309079345993059,0.4104523993717343
1034,4500.0,K_I_693.8764,693.876396,0.00655092165605007,weak_anchor,detected,693.8452764596815,16.459417079864657,1.670426938416112,9.85341932731962,0.00033198765631222305,31.37785261504905,26.666897727573467,0.054723540352483724,0.051568207382900785,0.33333333333303017,0.16112855867026646,6.469535713547727,0.4746946500913432
1034,4500.0,K_I_766.4899,766.48991,1.0,strong_resonance,detected,766.4587904596815,539.3611460697767,2.62351214613816,205.58744005196337,0.010878954091796558,1297.7782465206596,1266.4491720314395,-0.025457126380160844,0.0033131997831300944,0.33333333333303017,0.11308674896389503,10.160818850575213,0.5404073299039399
1034,4500.0,K_I_769.8964,769.89645,0.4984931955549362,weak_resonance,detected,769.8653304596814,351.9325271702769,3.666818826848058,95.97761541788329,0.007098505026537593,892.0561017723549,890.9453404944068,0.0013362069500999496,0.005262437159387693,0.33333333333303017,0.11210921083079546,14.201528249955263,0.5034572856169552
1035,4600.0,K_I_693.8764,693.876396,0.00655092165605007,weak_anchor,detected,693.8452764596815,10.496078758904048,0.8950735573270948,11.72649853521298,0.00021353999615977655,33.225223788545236,32.50452901907813,0.021390207019180707,-0.04300196946756777,0.26666666666642413,0.16307076532577908,3.4666049811616206,0.3053315140796692
1035,4600.0,K_I_766.4899,766.48991,1.0,strong_resonance,detected,766.4587904596815,445.32569754877886,1.1399602727026237,390.65019037286135,0.009060035650337042,905.5255715725673,893.5470299944853,-0.025457126380160844,0.004555248913751341,0.3999999999996362,0.09603509106859069,4.4150471515193415,0.45005334458807333
1035,4600.0,K_I_769.8964,769.89645,0.4984931955549362,weak_resonance,detected,769.8653304596814,290.58141833754,1.3793031111660394,210.67263314724738,0.005911803482158681,670.1353274781493,669.6049556148572,0.0013362069500999496,0.0009052260987153857,0.3999999999996362,0.10120789077355903,5.342017978923007,0.4192911779454258
1036,4700.0,K_I_693.8764,693.876396,0.00655092165605007,weak_anchor,detected,693.8447651969852,8.5566924833183,1.4814180593512665,5.776014697070315,0.0001420062060567928,29.372128042844793,29.362083682078058,-0.011431863617872295,0.00967550067636662,0.26666666666642413,0.26517807958963513,5.737507472643584,0.20304847187309888
1036,4700.0,K_I_766.4899,766.48991,1.0,strong_resonance,detected,766.4582791969852,522.9273894582157,3.5919012224678033,145.5851252777325,0.0086784624742464,1244.862302042592,1221.7949350157862,-0.02494586368391083,0.002331458743095581,0.3666666666663332,0.11058284381133274,13.911373615852517,0.43109886242791773
1036,4700.0,K_I_769.8964,769.89645,0.4984931955549362,weak_resonance,detected,769.8648191969852,340.2268978397468,1.9438658664427702,175.02591290537666,0.0056463792586780095,859.425207315777,857.9806966176732,0.001847469646349964,-0.006666603346962856,0.33333333333303017,0.11100721900471691,7.528560128000746,0.40046612131857334
1037,4800.0,K_I_693.8764,693.876396,0.00655092165605007,weak_anchor,low_snr,693.8447141521044,10.70432112857256,3.6872074858034125,2.9030970374698555,0.00017556176868276544,20.859163924757013,15.664960388919294,0.08861918126285673,0.12024462371064816,0.26666666666642413,0.12715529772198877,14.280493186540925,0.25102810532180125
1037,4800.0,K_I_766.4899,766.48991,1.0,strong_resonance,detected,766.4582281521043,406.15999318052974,0.7128709813392144,569.7524570540227,0.006661437555401754,1022.7156697433462,992.1208878077472,-0.02489481880297717,-0.014145957944132256,0.29999999999972715,0.12921249778082156,2.760937438723827,0.33090402370123456
1037,4800.0,K_I_769.8964,769.89645,0.4984931955549362,weak_resonance,detected,769.8647681521043,256.1409110063286,5.702051428086966,44.920834937517164,0.004200971815788799,707.6783563612935,706.5259588376265,0.0018985145272836235,-0.009286179565445916,0.33333333333303017,0.11731878058484617,22.083950220219123,0.29795145025937797
1038,4900.0,K_I_693.8764,693.876396,0.00655092165605007,weak_anchor,detected,693.8447239515838,23.027542839259077,2.892749007385674,7.9604358278115015,0.00041235005830862455,22.553109708283728,22.265593578003426,-0.04472395154971309,-0.04540400920122581,0.7333333333326664,0.0438303256876057,11.203568730372941,0.5896013388517987
1038,4900.0,K_I_766.4899,766.48991,1.0,strong_resonance,detected,766.4582379515838,433.0332756475657,2.1594998577453937,200.5247993392647,0.007754248801501468,967.5726973424812,952.0277398309204,-0.02490461828244861,-0.006557355225118255,0.3999999999996362,0.10731201097136385,8.3637069851928,0.385188948760259
1038,4900.0,K_I_769.8964,769.89645,0.4984931955549362,weak_resonance,detected,769.8647779515837,283.11127710373455,5.07506664577936,55.784740746051455,0.005069622600919687,742.4304369966976,741.1295960957617,0.001888715047812184,-0.007938330997664332,0.33333333333303017,0.11268104711061672,19.655648600014075,0.3595599952693612
1039,5000.0,K_I_693.8764,693.876396,0.00655092165605007,weak_anchor,low_snr,693.8447239515838,5.077674240466768,4.89872378562916,1.0365300152996124,9.03396490398018e-05,14.288293302167403,12.749822702021014,-0.07805728488301611,-0.07114558556026937,0.29999999999972715,0.1378756162824541,18.972675639429145,0.12917271854828472
1039,5000.0,K_I_766.4899,766.48991,1.0,strong_resonance,detected,766.4582379515838,485.68738177040825,2.771016971647256,175.27405524394425,0.00864112692825397,1156.7144391377356,1132.4053433935337,-0.02490461828244861,0.001324915162341771,0.33333333333303017,0.11464956439007214,10.732102583257692,0.42924423536082773
1039,5000.0,K_I_769.8964,769.89645,0.4984931955549362,weak_resonance,detected,769.8647779515837,322.87229259612536,3.1796858380647226,101.5421991477742,0.005744395606428044,840.2081612922993,838.8322968473603,0.001888715047812184,-0.0073893495293970175,0.33333333333303017,0.11348426280190363,12.314870297007444,0.40741787301838017
1040,5100.0,K_I_693.8764,693.876396,0.00655092165605007,weak_anchor,low_snr,693.8447141521044,6.4577362290023,1.9022255879668992,3.3948319641227913,0.0001260939110515313,15.707562154569132,15.506432727716547,0.021952514596250694,-0.02539369287221664,0.23333333333312112,0.2831915630108324,7.3672880229321125,0.1802961762197658
1040,5100.0,K_I_766.4899,766.48991,1.0,strong_resonance,detected,766.4582281521043,412.08258460325067,1.1334888895516169,363.552380973281,0.008046334338569794,921.6149743307533,904.703912222059,-0.02489481880297717,0.001683095118642633,0.3999999999996362,0.10065536005279513,4.389983592348543,0.3996981712331875
1040,5100.0,K_I_769.8964,769.89645,0.4984931955549362,weak_resonance,detected,769.8647681521043,281.8835596022933,1.6082987725447473,175.26815565262177,0.0055040650827065446,709.3127344279997,707.9471943578206,0.0018985145272836235,0.0028016829818607787,0.33333333333303017,0.10926396768605429,6.228914361797301,0.390372572258377
1041,5200.0,K_I_693.8764,693.876396,0.00655092165605007,weak_anchor,low_snr,693.8447141521044,5.138595281183972,1.1899400454074738,4.318364863016566,0.00010010009974648498,18.429133045782237,18.067638590496465,0.021952514596250694,0.028328486393166055,0.1999999999998181,0.27553074572826136,4.608617978852635,0.1431287607228931
1041,5200.0,K_I_766.4899,766.48991,1.0,strong_resonance,detected,766.4582281521043,421.6435941649979,5.717205949520523,73.74993972367906,0.008213638849498574,1002.3663256366472,979.4932415663466,-0.02489481880297717,-0.018572959764564856,0.3666666666663332,0.10408210920829704,22.142643429351086,0.4080089503089154
1041,5200.0,K_I_769.8964,769.89645,0.4984931955549362,weak_resonance,detected,769.8647681521043,281.79334149046895,0.8861654354531107,317.99179951809276,0.005489348751472798,713.6670635310579,712.7761292945726,0.0018985145272836235,-0.0008309822164681933,0.33333333333303017,0.12498566054719756,3.4321039734976626,0.38932882513845757
1042,5300.0,K_I_693.8764,693.876396,0.00655092165605007,weak_anchor,detected,693.8445564416764,8.854316579818986,1.5898339726269226,5.569334114296713,0.0001479658136687877,28.027210094878455,27.030257190189136,0.02211022502422111,0.0756985487790175,0.26666666666642413,0.18580869357577023,6.157400499224449,0.21156985450967816
1042,5300.0,K_I_766.4899,766.48991,1.0,strong_resonance,detected,766.4580704416765,373.5943807228513,8.722590782544376,42.83066694708266,0.0062431917841900405,913.6008240631836,896.7730036833307,-0.024737108375120442,0.01241641351220064,0.33333333333303017,0.11873691034900688,33.782448836607415,0.3101278462712211
1042,5300.0,K_I_769.8964,769.89645,0.4984931955549362,weak_resonance,detected,769.8646104416764,276.455256624804,2.596673673874275,106.46515170784966,0.004619885297837284,698.2225062955781,697.22276899294,0.002056224955140351,0.003638275405123069,0.33333333333303017,0.1148719930459217,10.056873894459443,0.32766264209371687
1043,5400.0,K_I_693.8764,693.876396,0.00655092165605007,weak_anchor,detected,693.8444626039911,9.926006341522408,1.221717956488103,8.124629984202958,0.00018342210749819544,19.069660359698446,15.410631834570404,-0.14446260395698118,-0.01892358920570912,0.5333333333328483,0.1200876789189613,4.731693299245284,0.2622672604911152
1043,5400.0,K_I_766.4899,766.48991,1.0,strong_resonance,detected,766.4579766039911,311.81518826538576,2.169646574239111,143.7170421983306,0.005762015156320311,822.5926647840852,799.1385623863813,-0.02464327068980765,-0.0008610705848529607,0.29999999999972715,0.12773237815462513,8.403005049191695,0.2862256058090297
1043,5400.0,K_I_769.8964,769.89645,0.4984931955549362,weak_resonance,detected,769.8645166039911,221.40502386867905,2.2050127423460757,100.40986141110002,0.004091330862725674,607.9700798198871,606.3823240535709,0.002150062640453143,0.005259834742626026,0.33333333333303017,0.12742134144359285,8.539977629289263,0.2901752302785151
1044,5500.0,K_I_693.8764,693.876396,0.00655092165605007,weak_anchor,detected,693.8444439898617,21.814295372878803,3.727136533096365,5.8528296935654,0.00034714212772311273,32.66897201777738,21.961381416603118,-0.17777732316085348,-0.12965438612360725,0.5666666666661513,0.15972501740917794,14.435137721736599,0.4963633668852775
1044,5500.0,K_I_766.4899,766.48991,1.0,strong_resonance,detected,766.4579579898618,420.9965249073895,3.5596271588046124,118.26983729632174,0.006699534728134608,1143.5423723432777,1103.0358912950649,-0.02462465656049062,0.013899312105131923,0.29999999999972715,0.150053484343632,13.786376704770426,0.3327964842465893
1044,5500.0,K_I_769.8964,769.89645,0.4984931955549362,weak_resonance,detected,769.8644979898618,278.818761512371,3.275369989198799,85.12588270388774,0.004436986685385401,773.1132243351012,771.3966342583113,0.0021686767697701725,-0.012612306891148154,0.33333333333303017,0.1243393333152891,12.68545342084605,0.3146906657939344
1045,5600.0,K_I_693.8764,693.876396,0.00655092165605007,weak_anchor,low_snr,693.8441888734399,9.826234222158995,2.3380392247622748,4.202767052874444,0.0002802310881755528,20.295498767432946,18.703803356858543,0.05581112659410792,-0.10430160889172031,0.33333333333303017,0.10317035884780142,9.055186980292225,0.40069019379776477
1045,5600.0,K_I_766.4899,766.48991,1.0,strong_resonance,detected,766.4577028734398,333.5609786774519,1.7959985226325306,185.72452843030538,0.009512714017837324,718.3581888151325,704.1973426136509,-0.024369540138422963,-0.0065163978230221384,0.3999999999996362,0.09513193711470726,6.955872367975242,0.47253994631668705
1045,5600.0,K_I_769.8964,769.89645,0.4984931955549362,weak_resonance,detected,769.8642428734397,226.00091537932337,1.1818791854812125,191.22167320960568,0.006445244537586807,565.1293392626426,563.8297503104978,0.002423793191837831,0.007654781181756391,0.33333333333303017,0.1065875629273096,4.5773984026020855,0.457125170426725
1046,5700.0,K_I_693.8764,693.876396,0.00655092165605007,weak_anchor,low_snr,693.8440928467417,6.015776256566885,3.136354996122207,1.9180788730882818,0.00017688107793825927,16.397753853503218,15.766680393791441,0.02257381995900687,0.0007409308966827733,0.26666666666642413,0.19111920570650126,12.147050667786782,0.2529145280049685
1046,5700.0,K_I_766.4899,766.48991,1.0,strong_resonance,detected,766.4576068467417,335.24100264758124,0.658511909672943,509.08874649523386,0.009857047102221747,659.6934056495223,649.5224960447459,-0.024273513440334682,-0.00971595708102859,0.4333333333329392,0.07385721581309682,2.5504056594448707,0.4896445430600533
1046,5700.0,K_I_769.8964,769.89645,0.4984931955549362,weak_resonance,detected,769.8641468467416,224.23805737537776,1.3448347706629007,166.74022881252955,0.0065932421040494965,541.6360095731985,540.7521946890611,0.0025198198899261115,-0.0071168441567111395,0.33333333333303017,0.10774418888848733,5.208522670182822,0.4676218106080963
1047,5800.0,K_I_693.8764,693.876396,0.00655092165605007,weak_anchor,detected,693.8432877643954,13.679005753023544,0.53353437169437,25.638471443896833,0.0004057393732647048,23.380833504010184,22.978351760383212,0.023378902305239535,0.07376001172678807,0.29999999999972715,0.14429086227629195,2.066369736203412,0.5801490090313299
1047,5800.0,K_I_766.4899,766.48991,1.0,strong_resonance,detected,766.4568017643954,325.8175068365321,1.9905701610474977,163.68049376620675,0.009664225120550374,648.3749031237162,636.7297443753976,-0.023468431094102016,0.006570446333867347,0.4333333333329392,0.08291806245374087,7.709445083201385,0.48006619468367867
1047,5800.0,K_I_769.8964,769.89645,0.4984931955549362,weak_resonance,detected,769.8633417643954,215.14142137975415,2.7350767413205026,78.66010416800344,0.006381410100262932,502.8169424846019,502.0503559383661,0.0033249022361587777,-0.013597391770599019,0.3666666666663332,0.11506693054350896,10.592906669743192,0.45259775057933227
1048,5900.0,K_I_693.8764,693.876396,0.00655092165605007,weak_anchor,detected,693.8428884974414,13.69141701316169,1.2858536354863697,10.647725864991592,0.00039549400602402934,29.436993500286917,28.999069155490037,0.023778169259230708,-0.04718348166075813,0.29999999999972715,0.13477426419363656,4.980089715903501,0.5654996058836542
1048,5900.0,K_I_766.4899,766.48991,1.0,strong_resonance,detected,766.4564024974414,389.50907271589864,1.9049172129494099,204.4755908908064,0.011251465308742508,773.3853278290385,765.5641744904228,-0.023069164140110843,-0.005482921444649436,0.46666666666624224,0.07746246479026163,7.377712641663622,0.5589116631707589
1048,5900.0,K_I_769.8964,769.89645,0.4984931955549362,weak_resonance,detected,769.8629424974414,266.20170108306525,1.1358588486396861,234.36160347024685,0.007689574941041155,637.2066283481776,635.5723204624657,0.0037241691901499507,0.005095379193122941,0.3666666666663332,0.10560855420440998,4.399162404427836,0.5453785709655348
1049,6000.0,K_I_693.8764,693.876396,0.00655092165605007,weak_anchor,detected,693.8427467710164,10.691425141354525,0.4588678521527373,23.29957326754678,0.00031272492681380686,32.3050644017942,31.5560963058017,0.02391989568423014,-0.02903622242839586,0.29999999999972715,0.14738106583563187,1.7771875494991352,0.44715171448757085
1049,6000.0,K_I_766.4899,766.48991,1.0,strong_resonance,detected,766.4562607710164,325.9138679826117,1.22444134613095,266.1735239604987,0.009533003239973512,674.4691112450182,661.5841840130996,-0.02292743771511141,-0.013405736463899429,0.3999999999996362,0.091174222380426,4.742240941977274,0.47354780463357365
1049,6000.0,K_I_769.8964,769.89645,0.4984931955549362,weak_resonance,detected,769.8628007710164,222.00224277965992,1.1178885442751436,198.5906769655732,0.0064935809967214915,503.18081665504974,502.38542307380806,0.003865895615149384,0.001644556295633596,0.3666666666663332,0.11625386979212303,4.329563714897621,0.46055340530453465
1050,6100.0,K_I_693.8764,693.876396,0.00655092165605007,weak_anchor,detected,693.8420298120645,7.576963246038173,0.8327921374438744,9.098264627346843,0.00017496152895518584,24.06638501794018,23.477393812301887,0.02463685463612819,0.027734923549673322,0.23333333333312112,0.23626213561510942,3.2253900791755368,0.2501698487510016
1050,6100.0,K_I_766.4899,766.48991,1.0,strong_resonance,detected,766.4555438120645,352.264514193339,0.6562945848460298,536.7475556361358,0.008134226866172111,812.7484042334224,794.1930553407734,-0.02221047876321336,0.002444418650839659,0.3666666666663332,0.11234461433711429,2.5418179973170956,0.4040641944518987
1050,6100.0,K_I_769.8964,769.89645,0.4984931955549362,weak_resonance,detected,769.8620838120645,233.67162662827238,1.7298874782934168,135.07909014914432,0.005395769220565371,587.8346193618643,585.5370970181248,0.004582854567047434,0.0038503629135107314,0.33333333333303017,0.11470662779128922,6.699825394249241,0.38269175205844574
1051,6200.0,K_I_693.8764,693.876396,0.00655092165605007,weak_anchor,detected,693.8419116600187,17.913204596700986,2.7663439554655995,6.475407572261216,0.0003617778636338123,34.71769259053599,33.46563475895163,0.02475500668197128,0.016151606500827056,0.26666666666642413,0.1736032787756845,10.714004069409564,0.5172903664434325
1051,6200.0,K_I_766.4899,766.48991,1.0,strong_resonance,detected,766.4554256600188,443.9665622071351,0.6753027865391417,657.433333693792,0.008966417679934594,967.2566602912051,951.285497905287,-0.022092326717483957,0.0048998820444954745,0.3999999999996362,0.09663281919101277,2.6154364459159365,0.4454029124794975
1051,6200.0,K_I_769.8964,769.89645,0.4984931955549362,weak_resonance,detected,769.8619656600188,294.6735764973877,0.5996876271464877,491.37844964309534,0.00595127334135362,723.5102521639187,721.2346346440125,0.004701006612776837,0.003005940899893939,0.33333333333303017,0.11045014942231102,2.322580192867102,0.4220905544478976
1052,6300.0,K_I_693.8764,693.876396,0.00655092165605007,weak_anchor,detected,693.8407770784057,17.229901362086423,1.015980811463605,16.958884624272887,0.00043375977515569276,48.892986402210454,47.441750190744955,0.025889588294944588,-0.04282200687344475,0.29999999999972715,0.14995127784312087,3.9348767628684187,0.6202141578950336
1052,6300.0,K_I_766.4899,766.48991,1.0,strong_resonance,detected,766.4542910784057,531.615476226317,4.858732411024651,109.41443801680889,0.01338332730938458,1095.6877119845258,1075.3997651036132,-0.020957745104396963,-0.01423205970137728,0.4333333333329392,0.0926614200616939,18.817789711593797,0.6648109841688494
1052,6300.0,K_I_769.8964,769.89645,0.4984931955549362,weak_resonance,detected,769.8608310784057,352.72819744038577,1.8283695962994095,192.91952685841088,0.00887987112622027,880.0090269096813,876.7290125319905,0.00583558822586383,0.00288048769436831,0.33333333333303017,0.12136422816791385,7.081244997186031,0.6297996264173746
1053,6400.0,K_I_693.8764,693.876396,0.00655092165605007,weak_anchor,detected,693.8405460079548,10.135124363763444,1.2235989069875606,8.283044636510516,0.00027391909548995044,40.58918094109663,40.46739951737774,0.02612065874586733,0.07518450353147234,0.1999999999998181,0.3339304803954301,4.7389781892047305,0.3916649511349676
1053,6400.0,K_I_766.4899,766.48991,1.0,strong_resonance,detected,766.4540600079547,539.2866587739911,0.8452001865507521,638.0579031516912,0.014575145649847403,1099.1149894372393,1086.0150985709167,-0.020726674653360533,-0.0011481420657108222,0.4333333333329392,0.08099490427158189,3.2734462467254417,0.724014043733714
1053,6400.0,K_I_769.8964,769.89645,0.4984931955549362,weak_resonance,detected,769.8606000079546,358.37786526858434,2.305520383815539,155.44337312493593,0.009685775642671845,883.3360715141698,879.8743173763288,0.006066658676900261,0.0037990774611598496,0.33333333333303017,0.10921780818580058,8.929242050867435,0.6869579292997859
1054,6500.0,K_I_693.8764,693.876396,0.00655092165605007,weak_anchor,detected,693.8396934381274,22.84561773635854,1.3576110274531055,16.82780802039977,0.0005106080610550398,39.21948782231846,39.17186061027268,-0.006360104760005925,-0.058330236621252696,0.26666666666642413,0.19539837449395997,5.2580048999582,0.7300961655284812
1054,6500.0,K_I_766.4899,766.48991,1.0,strong_resonance,detected,766.4532074381274,538.7198878079193,4.225299594483291,127.49862483391526,0.012040590039621121,1242.4296013228604,1217.881652855222,-0.01987410482604446,-0.0023218983130035608,0.3666666666663332,0.10901618351271358,16.36451496218562,0.598111092194625
1054,6500.0,K_I_769.8964,769.89645,0.4984931955549362,weak_resonance,detected,769.8597474381273,328.5710726700848,1.0665286761045842,308.0752351358858,0.007343685790025317,866.6448538956306,863.6795716245199,0.006919228504216335,0.005247651914816954,0.33333333333303017,0.12878826975780747,4.130647800809456,0.5208465867739667
1055,6600.0,K_I_693.8764,693.876396,0.00655092165605007,weak_anchor,detected,693.8395241632483,15.004155617039908,1.2869149773470745,11.659010798032979,0.0003704532011622364,44.74817826303206,44.0284400009384,0.027142503452409983,0.07333222199770766,0.29999999999972715,0.17097841129677366,4.984200275254648,0.5296948526771214
1055,6600.0,K_I_766.4899,766.48991,1.0,strong_resonance,detected,766.4530381632483,568.5559943193913,4.6024382699570605,123.53364911610119,0.014037670196941718,1053.0931805151995,1047.1653749618729,-0.019704829946931568,-0.00042947809257885036,0.46666666666624224,0.07629926913156554,17.82516677150758,0.6973151835360508
1055,6600.0,K_I_769.8964,769.89645,0.4984931955549362,weak_resonance,detected,769.8595781632482,381.59507901664256,2.4572600817376045,155.29291419034686,0.00942159773449221,869.4830749505127,866.2445721378967,0.0070885033833292255,2.3497122160631066e-05,0.3999999999996362,0.10270219416328323,9.516927373878673,0.6682212668511636
1056,6700.0,K_I_693.8764,693.876396,0.00655092165605007,weak_anchor,detected,693.83941163717,19.444756000358712,1.9055623691239916,10.204208644872477,0.0004082026561071047,35.96840668435766,35.909508620059405,-0.006078303802610208,0.1136324028047938,0.3666666666663332,0.11733290759799246,7.380211320783482,0.5836711495829935
1056,6700.0,K_I_766.4899,766.48991,1.0,strong_resonance,detected,766.45292563717,542.1240926866683,1.0025380292904718,540.7516491622237,0.011380780225283866,1174.5385351434022,1156.4793063768896,-0.01959230386864874,-0.00884315968935371,0.3999999999996362,0.09254195126744708,3.882813091385132,0.5653353256088202
1056,6700.0,K_I_769.8964,769.89645,0.4984931955549362,weak_resonance,detected,769.8594656371699,375.23810590076243,3.93891834493266,95.26425100522808,0.007877352202232034,897.0690224933487,893.3675515835223,0.007201029461612052,-0.00232875729229485,0.3666666666663332,0.11270246924096965,15.255365152008947,0.5586965625519771
1057,6800.0,K_I_693.8764,693.876396,0.00655092165605007,weak_anchor,low_snr,693.8390787947045,10.22688251194413,2.077521600457129,4.922635947416311,0.00020073278479952277,18.209022474399262,17.50717880207057,0.0609212053294641,0.01846493131256448,0.3999999999996362,0.05587611256171266,8.046206559963958,0.28701904191478855
1057,6800.0,K_I_766.4899,766.48991,1.0,strong_resonance,detected,766.4525927947045,509.148336278773,3.7843161840955624,134.54170093360145,0.009993540387104071,1091.1714923747827,1075.4739245700102,-0.019259461403180467,0.006141595404102299,0.3999999999996362,0.0891525816172946,14.656593557798644,0.49642478783456667
1057,6800.0,K_I_769.8964,769.89645,0.4984931955549362,weak_resonance,detected,769.8591327947045,348.5599080764869,1.6129293245398433,216.10364618792485,0.006841518022324292,803.2463203477334,799.9077601163115,0.007533871927080327,0.011415233378158496,0.3999999999996362,0.10948369820754097,6.246848412558072,0.485230633794301
1058,6900.0,K_I_693.8764,693.876396,0.00655092165605007,weak_anchor,detected,693.8381527183188,21.565871570964113,1.9045529837866093,11.323324556761401,0.00042364742375337666,39.8865610169362,39.5365791633455,0.028513948381828413,-0.02118248555008262,0.26666666666642413,0.20833005661894993,7.376301988181891,0.6057549482851178
1058,6900.0,K_I_766.4899,766.48991,1.0,strong_resonance,detected,766.4516667183188,488.5761246967759,1.951737020624931,250.32887091537447,0.009597758006399195,956.174973489372,946.5538671580831,-0.018333385017513137,-0.0003388347685421427,0.4333333333329392,0.07536740693013841,7.5590449770637145,0.47676446959303376
1058,6900.0,K_I_769.8964,769.89645,0.4984931955549362,weak_resonance,detected,769.8582067183188,329.87054033765804,2.016730090343108,163.56702461931178,0.006480090736250991,750.1238721273298,748.1961133686538,0.008459948312747656,0.0034297749171869067,0.3999999999996362,0.11655386505501304,7.810762053701341,0.45959661653093326
1059,7000.0,K_I_693.8764,693.876396,0.00655092165605007,weak_anchor,detected,693.8378934707914,18.953899447616646,2.3857327705213036,7.944686715048581,0.0004206382691046593,44.60407180050947,42.70019009986628,0.028773195909252536,0.02316059326706101,0.33333333333303017,0.15747042753704177,9.239903288738693,0.6014522894787306
1059,7000.0,K_I_766.4899,766.48991,1.0,strong_resonance,detected,766.4514074707914,507.1762979970542,2.9923321672238345,169.49197804720723,0.011255613163401892,1019.4888429366648,1008.9128335744699,-0.018074137490089015,0.009567032236336172,0.3999999999996362,0.08511743666208212,11.589252649989199,0.5591177060534105
1059,7000.0,K_I_769.8964,769.89645,0.4984931955549362,weak_resonance,detected,769.8579474707914,347.5138912083898,4.287186966446553,81.05872077149638,0.007712272722123313,788.6720014906045,785.8563659978984,0.008719195840171778,-0.0010467568147982565,0.3999999999996362,0.10271351301212679,16.6042037231401,0.5469883977122132
1060,7100.0,K_I_693.8764,693.876396,0.00655092165605007,weak_anchor,detected,693.8377494893176,18.988613268794325,1.870537015858398,10.151423418948148,0.0008048297100150748,41.41636205016198,39.81964244393595,0.02891717738305033,0.0572427329036665,0.33333333333303017,0.1508252045166029,7.244558710890683,1.1507908511496576
1060,7100.0,K_I_766.4899,766.48991,1.0,strong_resonance,detected,766.4512634893176,505.8872420216239,1.4601966061224547,346.4514572219183,0.02144195979627961,861.2131220855099,853.7751455448682,-0.01793015601629122,0.0023776724937200184,0.49999999999954525,0.05390293012906701,5.655317137706001,1.0651200605904516
1060,7100.0,K_I_769.8964,769.89645,0.4984931955549362,weak_resonance,detected,769.8578034893176,352.55604449275137,1.2848017646580767,274.4050126570124,0.014943038495574107,762.8567513604837,762.2879208631961,0.008863177313969572,0.003624820655357519,0.3999999999996362,0.10373764440133218,4.976015837703157,1.0598261988582347
1061,7200.0,K_I_693.8764,693.876396,0.00655092165605007,weak_anchor,detected,693.8372878199574,18.18575428032749,2.4534147450928274,7.412425606678015,0.0004894146643094302,57.81384276537892,56.373992380234796,0.029378846743270515,0.03928903298944182,0.26666666666642413,0.17692567528028644,9.502034449092877,0.6997926531504707
1061,7200.0,K_I_766.4899,766.48991,1.0,strong_resonance,detected,766.4508018199574,680.4838535302623,3.0411270876845236,223.76041313300533,0.018313168187022454,1110.2355970098697,1108.3999585187219,-0.017468486656071036,-0.001901349786953191,0.5666666666661513,0.043229971070464814,11.778234564313134,0.9096986933232157
1061,7200.0,K_I_769.8964,769.89645,0.4984931955549362,weak_resonance,detected,769.8573418199574,478.86159111935086,2.069136622339929,231.43062954335983,0.012887113795542627,1029.0366049472673,1025.1912327391797,0.009324846674189757,0.009405672633211362,0.3999999999996362,0.09760953803376157,8.013731679357697,0.9140109511347893
1062,7300.0,K_I_693.8764,693.876396,0.00655092165605007,weak_anchor,detected,693.8372626745689,10.542275453339766,1.9754281305482273,5.336704125203502,0.0002992393718427104,43.80568696326645,41.8811748037887,0.029403992131733503,0.060049636388436675,0.23333333333312112,0.20913582715168721,7.650800251249894,0.4278693084204254
1062,7300.0,K_I_766.4899,766.48991,1.0,strong_resonance,detected,766.4507766745689,561.3423560455269,1.3435925864180593,417.7920909358643,0.015933536811405954,930.4415937261033,930.2340890323724,0.01588999206569497,0.000885949342625402,0.5666666666661513,0.05071997289711522,5.203711711289626,0.7914915359989416
1062,7300.0,K_I_769.8964,769.89645,0.4984931955549362,weak_resonance,detected,769.8573166745689,400.7511067227817,1.21970135447718,328.56494358372015,0.011375201679349562,859.9704899327317,858.732279022447,0.009349992062652746,0.0012438690639828855,0.3999999999996362,0.11376902184093554,4.7238830332410435,0.806779475314982
1063,7400.0,K_I_693.8764,693.876396,0.00655092165605007,weak_anchor,detected,693.8371634466205,18.99443497181691,1.908677073230509,9.951623162564688,0.0004716492791776882,49.09342457937191,46.3994605072799,0.02950322008018702,0.01156855972739262,0.29999999999972715,0.1897717098921553,7.392274517916398,0.6743907048596006
1063,7400.0,K_I_766.4899,766.48991,1.0,strong_resonance,detected,766.4506774466205,633.6317108736225,6.886901752941707,92.00533615903113,0.015733657786667122,1103.737141401978,1093.247979050172,-0.01734411331915453,-0.0045295871246400325,0.49999999999954525,0.058729238418670525,26.672855796134158,0.7815626320664977
1063,7400.0,K_I_769.8964,769.89645,0.4984931955549362,weak_resonance,detected,769.8572174466204,435.6559584295734,3.5188327294027313,123.8069530243114,0.010817737883103681,954.434655209383,953.8537322233515,0.009449220011106263,-0.0035221559263527765,0.3999999999996362,0.10317887239373423,13.628380559078762,0.7672416840986008
1064,7500.0,K_I_693.8764,693.876396,0.00655092165605007,weak_anchor,detected,693.8370893640605,15.556906690077025,1.4157384660419183,10.988545598800169,0.0003996219775709082,47.14478438712922,47.14063102923328,-0.0037560306931254672,0.08308504221676205,0.26666666666642413,0.22056090818905946,5.483131501570571,0.5714020121080284
1064,7500.0,K_I_766.4899,766.48991,1.0,strong_resonance,detected,766.4506033640605,618.1135690534941,2.418490132865282,255.57828855856863,0.015877948730394192,1007.2572937575615,1006.7506232393376,0.016063302574139016,0.004260056508550945,0.5666666666661513,0.045047866905933265,9.36677200756272,0.7887302221648569
1064,7500.0,K_I_769.8964,769.89645,0.4984931955549362,weak_resonance,detected,769.8571433640604,432.4094387660246,1.1022191118517772,392.30805755087795,0.011107626887691369,905.8172145482508,903.9945830633491,0.009523302571096792,0.004796978460793161,0.3999999999996362,0.09896765007572499,4.268876264077345,0.7878018909075416
1065,7600.0,K_I_693.8764,693.876396,0.00655092165605007,weak_anchor,detected,693.8366127317433,16.78312863822838,0.9374806384621404,17.90237360609358,0.00043731612686990655,30.773730742166343,30.69928318708359,-0.003279398375980236,0.10757973900604861,0.33333333333303017,0.1164599769485275,3.630846900159068,0.6252992298863633
1065,7600.0,K_I_766.4899,766.48991,1.0,strong_resonance,detected,766.4501267317435,406.7315547404979,1.8411169584825946,220.91565278705409,0.010598159141182978,781.3920198081705,772.6712107687547,-0.016793398442132457,-0.003997206615110554,0.46666666666624224,0.07434538351464651,7.1306153186296255,0.526458962420156
1065,7600.0,K_I_769.8964,769.89645,0.4984931955549362,weak_resonance,detected,769.8566667317434,271.4478951769575,1.0938837182899306,248.15059465489827,0.00707308778503805,622.03645471858,618.1319755316714,0.009999934888128337,0.0035187503696695174,0.3999999999996362,0.09887292227724304,4.236593423628199,0.5016545827428442
1066,7700.0,K_I_693.8764,693.876396,0.00655092165605007,weak_anchor,detected,693.8363821429092,4.5355025243904,0.40049508576361736,11.324739517696283,9.333083051273498e-05,13.25686416844701,12.658778209397372,0.03028452379146529,0.05570353243664205,0.33333333333303017,0.13200269682577767,1.551110797401812,0.13344967829560242
1066,7700.0,K_I_766.4899,766.48991,1.0,strong_resonance,detected,766.4498961429092,331.0687149834175,0.742858512361579,445.6686023976974,0.006812677968984112,708.507100618081,700.063522953663,-0.01656280960787626,0.002279356714617301,0.3999999999996362,0.09304833582124841,2.8770786469674285,0.33841682570296744
1066,7700.0,K_I_769.8964,769.89645,0.4984931955549362,weak_resonance,detected,769.8564361429092,226.94758213902875,2.756795957398768,82.32295231351465,0.004670090295394462,544.1149493509606,543.7643158192448,0.010230523722384532,-0.01635899518433264,0.3666666666663332,0.11690870763740224,10.67702483190707,0.3312234019579487
1067,7800.0,K_I_693.8764,693.876396,0.00655092165605007,weak_anchor,detected,693.836188443463,9.179070875401612,0.8182334491377801,11.218156487093177,0.00017872284068469032,25.263340365190544,25.2166924913444,-0.0028551100956519804,0.0926985916168636,0.23333333333312112,0.21868682623432759,3.1690045218233576,0.25554798411649976
1067,7800.0,K_I_766.4899,766.48991,1.0,strong_resonance,detected,766.449702443463,396.9999149954681,0.8996297516029118,441.2925587310947,0.007729862153010802,785.8598573585086,779.5478094981762,-0.016369110161690514,-0.0014428779073183654,0.4333333333329392,0.07585359150683418,3.4842510457139615,0.38397755256491295
1067,7800.0,K_I_769.8964,769.89645,0.4984931955549362,weak_resonance,detected,769.856242443463,260.1076454054227,3.2293653089712206,80.54450968518184,0.005064475250457126,628.455265308452,626.4101783469735,0.010424223168570279,-0.0022980779309154484,0.3666666666663332,0.11907709544225115,12.507278060476882,0.3591949224713127
1068,7900.0,K_I_693.8764,693.876396,0.00655092165605007,weak_anchor,detected,693.8355028244488,8.874779453536037,0.9553113981573407,9.289933597206335,0.0001733332848666856,17.708754426759242,17.130214725962478,0.0311638422518854,0.041988033410666814,0.29999999999972715,0.15449687760098527,3.6999051355088683,0.24784169364294842
1068,7900.0,K_I_766.4899,766.48991,1.0,strong_resonance,detected,766.4490168244488,391.811819375886,1.4023197583473614,279.40262343421415,0.0076524752031956545,795.4909058593873,784.7183357550437,-0.015683491147456152,-0.008876897207468015,0.4333333333329392,0.09134951424166217,5.43116107014188,0.38013338936998325
1068,7900.0,K_I_769.8964,769.89645,0.4984931955549362,weak_resonance,detected,769.8555568244487,263.27266414377806,1.2629115905226949,208.46484118085777,0.005141977435108261,626.6466366584787,625.111233542772,0.011109842182804641,-0.0008034912126480159,0.3666666666663332,0.1282881320271086,4.891235557831166,0.3646917192430234
1069,8000.0,K_I_693.8764,693.876396,0.00655092165605007,weak_anchor,detected,693.834977466527,9.668667506192177,1.4761004573236243,6.550141935273713,0.00019254984270321128,21.741180258596387,20.579812863029908,0.06502253350697629,0.035668287697572215,0.3999999999996362,0.08512863448359888,5.716912488548748,0.27531861040394595
1069,8000.0,K_I_766.4899,766.48991,1.0,strong_resonance,detected,766.448491466527,314.79602162946264,0.7737312290080814,406.8544861928724,0.006269108376053918,644.7283035906858,637.8583424697898,-0.01515813322566828,0.0017715389255340635,0.4333333333329392,0.08000646002340465,2.9966481643916216,0.3114152417406007
1069,8000.0,K_I_769.8964,769.89645,0.4984931955549362,weak_resonance,detected,769.855031466527,209.50155942222221,1.0986486585767283,190.69022456517283,0.004172187355392192,497.3969284078845,494.58606157306156,0.011635200104592514,0.0027009764929082397,0.3666666666663332,0.11265901835000874,4.255047958004656,0.2959099293694093
1070,8100.0,K_I_693.8764,693.876396,0.00655092165605007,weak_anchor,detected,693.8346494041855,8.157756992525293,1.2599881541120046,6.4744711812585205,0.00013819798734728336,31.123185155519877,28.49325104306231,0.032017262515182665,0.09399510977901877,0.26666666666642413,0.23491890324512138,4.879913137298856,0.1976032662655694
1070,8100.0,K_I_766.4899,766.48991,1.0,strong_resonance,detected,766.4481634041855,407.39847892088244,0.6226428572576996,654.3052315980688,0.006901609092646191,1024.1698418187834,1004.783474105667,-0.014830070884158886,0.0011754265091253743,0.29999999999972715,0.1331473729237632,2.411485416796266,0.3428344407308515
1070,8100.0,K_I_769.8964,769.89645,0.4984931955549362,weak_resonance,detected,769.8547034041854,264.53191998002364,0.39829907413864085,664.1539917010823,0.004481351793617863,694.135965620505,689.5658866709797,0.011963262446101908,-0.005392531706577726,0.33333333333303017,0.13194516008999196,1.542605680950192,0.3178372349494559
1071,8200.0,K_I_693.8764,693.876396,0.00655092165605007,weak_anchor,detected,693.8348852386366,18.215313605226374,3.092998990275976,5.889207743841227,0.00035124842038203525,50.84927958756998,48.9130194107561,0.03178142806405049,0.11901897331940653,0.23333333333312112,0.18735742439046435,11.979133579186106,0.5022347754145955
1071,8200.0,K_I_766.4899,766.48991,1.0,strong_resonance,detected,766.4483992386366,479.6680694166929,2.0625659899881366,232.55889593110757,0.009249505956459209,1088.4659031087376,1069.765946693882,-0.015065905335291063,-0.006989667599910822,0.3666666666663332,0.11837230150765528,7.988283729685133,0.45946519993405477
1071,8200.0,K_I_769.8964,769.89645,0.4984931955549362,weak_resonance,detected,769.8549392386366,328.91169206852095,2.759218147421925,119.20467121305343,0.006342449808336122,801.3896229165034,797.4692838377968,0.01172742799496973,0.002715504195740322,0.3666666666663332,0.13016584323476363,10.686405933528116,0.44983451483504716
1072,8300.0,K_I_693.8764,693.876396,0.00655092165605007,weak_anchor,detected,693.8346140529516,8.30338668778786,1.050253927034719,7.906075353825712,0.0001584558714048646,21.864820380362517,21.062331207441613,0.03205261374910151,-0.0342412206856181,0.26666666666642413,0.16081516075869784,4.067615968698106,0.22656912990979092
1072,8300.0,K_I_766.4899,766.48991,1.0,strong_resonance,detected,766.4481280529516,449.5120885930926,1.1723348743400803,383.43317974407927,0.008578166040345555,1030.7192145307815,1018.2596218733189,-0.01479471965024004,0.004103816761254586,0.3666666666663332,0.09357536379511783,4.540433444501425,0.4261166805393009
1072,8300.0,K_I_769.8964,769.89645,0.4984931955549362,weak_resonance,detected,769.8546680529515,302.5641622052859,0.8815907994124428,343.20249531521546,0.005773917291920568,762.7977167364918,759.1869345523279,0.011998613680020753,0.004810853992160339,0.3666666666663332,0.1269774781067108,3.4143864842971796,0.40951168116380504
1073,8400.0,K_I_693.8764,693.876396,0.00655092165605007,weak_anchor,detected,693.8345573870904,12.29382434386259,0.7833264016328501,15.694382722497311,0.00021941661145831245,45.82200242973697,45.23797825605571,0.03210927961026755,0.03400063826138333,0.23333333333312112,0.2463298006078376,3.03381010817137,0.31373422963194986
1073,8400.0,K_I_766.4899,766.48991,1.0,strong_resonance,detected,766.4480713870905,450.62309295295114,0.43628541778733093,1032.8630629882962,0.008042590274194161,1010.2921168938524,997.7073716915772,-0.014738053789187688,-0.0038222211027254143,0.3666666666663332,0.09615849793124283,1.6897261572850146,0.399512186457891
1073,8400.0,K_I_769.8964,769.89645,0.4984931955549362,weak_resonance,detected,769.8546113870905,310.32756448564965,2.463799763457152,125.95486414456202,0.00553863637034517,754.3081117906859,753.3566072839834,0.012055279541073105,0.0055726842783559985,0.3666666666663332,0.12157908680519819,9.542255452268002,0.39282452046011196
1074,8500.0,K_I_693.8764,693.876396,0.00655092165605007,weak_anchor,detected,693.8345787017176,16.61892775567361,2.7466797617284473,6.050551646841986,0.00026111809625411244,43.689698660589784,43.635484517909106,0.032087964983020356,-0.030583651719420044,0.26666666666642413,0.23802399664620388,10.637844974548907,0.3733613614154725
1074,8500.0,K_I_766.4899,766.48991,1.0,strong_resonance,detected,766.4480927017177,588.5268152121505,1.7258750156292582,341.00199022672115,0.009246986559059369,1344.0418487113268,1323.6559255424938,-0.014759368416321195,0.0061032265612640715,0.3666666666663332,0.10981334540368402,6.684285193173661,0.4593400499600475
1074,8500.0,K_I_769.8964,769.89645,0.4984931955549362,weak_resonance,detected,769.8546327017176,395.86960712773197,2.0874243112860142,189.64501131245606,0.006219939077764345,1001.1937020769135,996.4938796234578,0.012033964913939599,-0.0054815063986803575,0.3666666666663332,0.1325319888448788,8.084559594086572,0.4411455134689804
1075,8600.0,K_I_693.8764,693.876396,0.00655092165605007,weak_anchor,detected,693.834378527709,11.763384264250941,2.078794745287383,5.658752164406068,0.0002507830079670044,28.928036831549434,28.45596083284514,0.03228813899170291,0.12814937981139202,0.29999999999972715,0.1439235804690243,8.051137428688847,0.35858367006209896
1075,8600.0,K_I_766.4899,766.48991,1.0,strong_resonance,detected,766.447892527709,404.90327107074825,0.7941681524308922,509.8457673370156,0.0086321128319672,902.9533814553263,891.8463206864527,-0.014559194407638643,-0.002187202155748053,0.3666666666663332,0.0939272134974768,3.075800028455956,0.42879646403421623
1075,8600.0,K_I_769.8964,769.89645,0.4984931955549362,weak_resonance,detected,769.8544325277089,269.43605443537683,0.9298717958176023,289.75613159497067,0.005744093933189898,642.901133026866,640.8031966346119,-0.021099194410680866,-0.007531751699517316,0.3666666666663332,0.09605132546659191,3.6013779793128324,0.40739647702175097
1076,8700.0,K_I_693.8764,693.876396,0.00655092165605007,weak_anchor,detected,693.8339875794939,9.192891109593413,1.3202064332776793,6.9632224763291015,0.00017893373172567605,37.30068431687414,35.19997611651956,0.03267908720681589,0.08749726120621942,0.23333333333312112,0.22521401100629249,5.1131375296449955,0.25584952800527
1076,8700.0,K_I_766.4899,766.48991,1.0,strong_resonance,detected,766.447501579494,478.5919671490662,1.431006622462959,334.4442713516893,0.009315485806913049,1132.9069823643977,1113.7477848797403,-0.014168246192639344,-0.0072447676855028125,0.3666666666663332,0.12315470581054996,5.542264817116605,0.46274272041169956
1076,8700.0,K_I_769.8964,769.89645,0.4984931955549362,weak_resonance,detected,769.8540415794939,319.0374696388033,2.389103570438274,133.53856801623584,0.006209859806042346,804.8543367537759,802.7233124363463,0.012625087137621449,-0.0034619246215412468,0.3666666666663332,0.13705253055989988,9.252958340680529,0.4404306470621549
1077,8800.0,K_I_693.8764,693.876396,0.00655092165605007,weak_anchor,detected,693.8335966312789,9.924435317381546,1.3168064724244632,7.536745547057484,0.00018740351652813786,26.668875868421992,25.98298015732867,0.03307003542181519,0.09106410175242953,0.33333333333303017,0.10916916252568774,5.09996953788272,0.26796010337368786
1077,8800.0,K_I_766.4899,766.48991,1.0,strong_resonance,detected,766.4471106312789,458.9475597438526,0.6837490576009145,671.2222190903956,0.00866632547318551,1078.1544535689486,1061.1909104126546,-0.01377729797752636,-0.002905479714783046,0.3666666666663332,0.12044619764972642,2.648148713075766,0.43049596216002317
1077,8800.0,K_I_769.8964,769.89645,0.4984931955549362,weak_resonance,detected,769.8536506312788,296.30801056048887,2.057083328945909,144.04278445653586,0.005595196238242298,751.3733010066762,751.1887145520118,-0.020317297980568583,-0.01194452638091919,0.3666666666663332,0.11529422314575502,7.967049474775664,0.39683599575806366
1078,8900.0,K_I_693.8764,693.876396,0.00655092165605007,weak_anchor,detected,693.833097690946,10.493999756946904,1.7276632718774751,6.07410016046873,0.00019851357376183792,27.208334519079926,27.195366270018702,0.00023564242133033986,0.0430070877655216,0.26666666666642413,0.19454958618633572,6.691211079841763,0.2838458889767711
1078,8900.0,K_I_766.4899,766.48991,1.0,strong_resonance,detected,766.446611690946,492.5215330204598,2.228058702177641,221.0541098127636,0.00931696321126999,1132.929149564884,1112.6094083015435,-0.013278357644708194,0.004649356344550721,0.3666666666663332,0.13149001780168093,8.629234247914363,0.4628161098328688
1078,8900.0,K_I_769.8964,769.89645,0.4984931955549362,weak_resonance,detected,769.853151690946,318.6978554608944,1.840014184177766,173.2040210349295,0.006028764217942217,813.4428893780619,810.6034946443905,0.0135149756855526,-0.008406697505450712,0.3666666666663332,0.14480015024581994,7.126344292112396,0.4275865492019371
1079,9000.0,K_I_693.8764,693.876396,0.00655092165605007,weak_anchor,detected,693.8323724762954,11.160784042181618,0.6572004116518391,16.98231444214949,0.00019503909630505078,24.417129597997132,24.362092539965555,0.0009608570719592535,0.13717727282121306,0.23333333333312112,0.22298548148663958,2.5453262494505466,0.2788778854102508
1079,9000.0,K_I_766.4899,766.48991,1.0,strong_resonance,detected,766.4458864762954,496.81242561629267,1.9768457154998207,251.3157307729905,0.008681992784655763,1179.7189336111878,1162.6283571295082,-0.01255314299407928,-0.003042968506494952,0.3666666666663332,0.12209676477053204,7.656290534159254,0.4312742290675743
1079,9000.0,K_I_769.8964,769.89645,0.4984931955549362,weak_resonance,detected,769.8524264762954,341.1064195688488,3.439810831048956,99.16429603916035,0.005960969011237602,891.0717904685498,884.5834078887169,0.014240190336181513,-0.00047077377719651284,0.33333333333303017,0.1318445618522797,13.322330062768618,0.4227782141204313
1080,9100.0,K_I_693.8764,693.876396,0.00655092165605007,weak_anchor,detected,693.8323293551396,7.34914541191352,1.434738957623639,5.122287488510053,0.0001362340330912801,15.139459049520376,13.109321992880759,0.067670644894406,0.11456279334722705,0.46666666666624224,0.11098633799494892,5.556720089036396,0.19479509385125499
1080,9100.0,K_I_766.4899,766.48991,1.0,strong_resonance,detected,766.4458433551395,365.20822238992446,1.9268062473976169,189.54070907917287,0.006770010152965798,778.188500044444,768.159880027254,-0.012510021838124885,-0.0018380559869513949,0.3666666666663332,0.10758857583536308,7.462488507546165,0.3362973204331845
1080,9100.0,K_I_769.8964,769.89645,0.4984931955549362,weak_resonance,detected,769.8523833551394,232.71037381654585,1.0022203897905901,232.1948108291528,0.0043138448064742865,565.8615781087665,565.5143071142232,0.014283311492135908,-0.0019015223551267944,0.3666666666663332,0.1140355234811344,3.881582878891991,0.3059569006038573
1081,9200.0,K_I_693.8764,693.876396,0.00655092165605007,weak_anchor,detected,693.8322809932066,9.204623731692365,0.5699233949744972,16.150633248007395,0.00018934504313106594,23.922705247357044,23.85790810040811,0.0010523401607542837,0.08176188150689837,0.23333333333312112,0.23997250063630993,2.207303817352227,0.27073620746640514
1081,9200.0,K_I_766.4899,766.48991,1.0,strong_resonance,detected,766.4457949932066,376.38118285161903,1.613741257111939,233.23514918693743,0.007742403533062013,855.6107903013651,842.6886033131487,-0.01246165990528425,-0.0024492146042230127,0.3666666666663332,0.12279196531635006,6.249993013888045,0.3846005401839062
1081,9200.0,K_I_769.8964,769.89645,0.4984931955549362,weak_resonance,detected,769.8523349932066,240.74998268936218,0.4082879312171629,589.6573576682836,0.004952382322719826,617.9954418213924,615.8251325766649,0.014331673424976543,-0.0034458197520402392,0.3666666666663332,0.1410560736933777,1.5812923580629892,0.35124479763171595
1082,9300.0,K_I_693.8764,693.876396,0.00655092165605007,weak_anchor,detected,693.8322890464544,10.151322820788025,0.7829142291779371,12.966072709454972,0.00022321150642686387,26.789530210187195,25.796850434236433,0.034377620246232254,-0.0762342443881556,0.26666666666642413,0.16324133554057094,3.032213771117725,0.31916038420420223
1082,9300.0,K_I_766.4899,766.48991,1.0,strong_resonance,detected,766.4458030464544,379.3871987338909,0.7373876116246417,514.5017257586006,0.008342123449669387,877.1514314075416,865.1355890944362,-0.012469713153109296,-0.006744829173434405,0.3666666666663332,0.11498315103937205,2.855889939524497,0.4143913671411035
1082,9300.0,K_I_769.8964,769.89645,0.4984931955549362,weak_resonance,detected,769.8523430464544,237.89167208855517,2.062041501024939,115.3670631606158,0.005230860985383369,597.8666228388079,594.3880146394578,0.014323620177151497,0.006833406653417434,0.3666666666663332,0.12712029853972676,7.986252392665396,0.37099573266418895
1083,9400.0,K_I_693.8764,693.876396,0.00655092165605007,weak_anchor,detected,693.8318786749434,5.588723132489844,0.3937345517863251,14.19413944530521,0.00012964239346198754,12.915828392117419,6.716832315381159,0.36812132509032836,0.1480052734460372,0.23333333333312112,0.20268978686284328,1.5249273618962658,0.18536999623734693
1083,9400.0,K_I_766.4899,766.48991,1.0,strong_resonance,detected,766.4453926749434,358.1864098499252,2.5316960369207036,141.4808115296442,0.008308900329763315,826.073268730478,813.4908564583071,-0.012059341642043364,-0.009328596498441089,0.3666666666663332,0.1290641212099616,9.80521658866212,0.41274102305765364
1083,9400.0,K_I_769.8964,769.89645,0.4984931955549362,weak_resonance,detected,769.8519326749433,235.97823822468092,1.131210802007406,208.60677585992144,0.005474020251699471,592.3584630090863,590.5677806422611,0.01473399168821743,0.005190047590737819,0.3666666666663332,0.13512604795950192,4.381160597228604,0.38824166032564017
1084,9500.0,K_I_693.8764,693.876396,0.00655092165605007,weak_anchor,low_snr,693.8314028759632,10.876852221920633,2.252719417102245,4.82832089045156,0.000260476276711544,26.730935320572826,26.50595223992706,0.035263790737417366,0.05067813253040443,0.33333333333303017,0.1468764930798031,8.72474478612301,0.3724436516832324
1084,9500.0,K_I_766.4899,766.48991,1.0,strong_resonance,detected,766.4449168759633,383.9761237031224,2.204863086047321,174.14964499744974,0.009195369120374025,815.4572705080782,807.2608099308927,-0.011583542661924184,-0.010329411718588997,0.3999999999996362,0.09469902583801251,8.53939801293653,0.4567759760627727
1084,9500.0,K_I_769.8964,769.89645,0.4984931955549362,weak_resonance,detected,769.8514568759632,253.25022401026052,2.121667350163236,119.36377490598422,0.0060647762864345445,601.4115899286403,598.837741269527,0.015209790668336609,0.006108595741674608,0.3666666666663332,0.13258066184814832,8.217182313381707,0.43014068393661975
1085,9600.0,K_I_693.8764,693.876396,0.00655092165605007,weak_anchor,detected,693.8309853421108,10.39430104114935,0.8164112609657981,12.731697292922075,0.0002414741620336206,25.243725949248528,24.05225405964634,0.03568132458985929,0.012334221366964321,0.3666666666663332,0.12381997778633534,3.161947217379609,0.34527335782884516
1085,9600.0,K_I_766.4899,766.48991,1.0,strong_resonance,detected,766.4444993421108,384.7609112416174,4.226374799222858,91.03804785897523,0.008938534515937816,791.6459962964018,784.5213064390143,-0.011166008809482264,0.0030756989629097046,0.4333333333329392,0.08769092540088742,16.368679212235733,0.44401782839166826
1085,9600.0,K_I_769.8964,769.89645,0.4984931955549362,weak_resonance,detected,769.8510393421108,268.3126002721944,2.0435584478960847,131.29675862632246,0.006233277260038424,631.6254286554863,631.5572769526967,0.01562732452077853,0.0009819507760008546,0.3666666666663332,0.11081978128634855,7.914667835710211,0.44209151618612536
1086,9700.0,K_I_693.8764,693.876396,0.00655092165605007,weak_anchor,detected,693.8301151854023,8.508070504058251,0.5039316188524925,16.883382954679565,0.0002224731295421397,26.22054232521441,26.07592410152525,0.0032181479650716938,0.046323584211228154,0.29999999999972715,0.17291167391242368,1.951718767444822,0.31810461134558715
1086,9700.0,K_I_766.4899,766.48991,1.0,strong_resonance,detected,766.4436291854022,317.8307409696692,4.748084032109169,66.93873546051881,0.00831079145083391,583.0065021123255,579.5895853182844,-0.010295852100853153,-0.0075000373036030995,0.49999999999954525,0.06421999059421662,18.3892503827689,0.4128349636772814
1086,9700.0,K_I_769.8964,769.89645,0.4984931955549362,weak_resonance,detected,769.8501691854021,218.56018787846568,1.9818477998912472,110.28101546973438,0.005715017167223439,488.06050618111203,487.176444364015,-0.016835852103895377,-0.0008277616490708169,0.4333333333329392,0.08985979276611884,7.67566352370359,0.4053342245315061
1087,9800.0,K_I_693.8764,693.876396,0.00655092165605007,weak_anchor,detected,693.8301151854023,8.673410068367962,0.4400539091659993,19.709880738944047,0.00022885319582781092,29.056276099283238,28.178058666658792,0.03655148129837471,0.06620299636730871,0.23333333333312112,0.21934742910634222,1.7043214616349365,0.32722718947598606
1087,9800.0,K_I_766.4899,766.48991,1.0,strong_resonance,detected,766.4436291854022,334.0171065009557,0.8853566947638423,377.26840320561485,0.008813244350417936,636.5837823424122,630.7382806441789,-0.010295852100853153,-0.0038443549171683,0.4333333333329392,0.08875546639684005,3.4289717342767227,0.4377940937163949
1087,9800.0,K_I_769.8964,769.89645,0.4984931955549362,weak_resonance,detected,769.8501691854021,221.8245647706517,2.3825299102409945,93.10462958604117,0.00585297595302434,488.1578378401482,486.68102602054864,0.01649748122940764,0.0033449323330930958,0.3999999999996362,0.11266667817536795,9.227498664212817,0.41511887011063453
1088,9900.0,K_I_693.8764,693.876396,0.00655092165605007,weak_anchor,detected,693.8291970403369,13.021430052620477,1.181557296907799,11.020565897818313,0.00036545724192785424,36.48300615019407,33.25306225619798,0.037469626363758834,-0.0008506901983531641,0.29999999999972715,0.19045518048586718,4.57615173351792,0.5225513487680323
1088,9900.0,K_I_766.4899,766.48991,1.0,strong_resonance,detected,766.4427110403369,390.80426672720796,1.0012912787371435,390.30028027418876,0.010968246104660438,658.6055536385959,657.0978749752827,-0.009377707035582716,0.0021288385626585552,0.5333333333328483,0.04566675741101999,3.8779844472552116,0.544842871946525
1088,9900.0,K_I_769.8964,769.89645,0.4984931955549362,weak_resonance,detected,769.8492510403369,269.71849989698165,2.5077961756500002,107.55200223840872,0.007569873560042084,580.3986563079325,578.1582160595616,0.017415626294678077,0.016890899697940626,0.3999999999996362,0.10539114529245386,9.712652823983934,0.5368888210622671
1089,10000.0,K_I_693.8764,693.876396,0.00655092165605007,weak_anchor,low_snr,693.8290902463464,11.689441071532732,2.6918439387618585,4.342540406302088,0.00030944746466657054,29.755949657239398,28.442043276796333,0.037576420354298534,0.051755928154875654,0.3999999999996362,0.11398261465242798,10.425466745423538,0.4424654145074692
1089,10000.0,K_I_766.4899,766.48991,1.0,strong_resonance,detected,766.4426042463464,442.5988317827416,4.73444949223918,93.48475097437621,0.011716649711601383,844.7414622713068,838.7870649555251,-0.009270913045043017,0.011687174331871502,0.4333333333329392,0.08274921536441157,18.33644403691918,0.5820194967860775
1089,10000.0,K_I_769.8964,769.89645,0.4984931955549362,weak_resonance,detected,769.8491442463463,305.6043804417593,0.40109045459124143,761.933815535965,0.008090078913097303,681.1187429911723,678.989504527301,0.017522420285217777,0.006201492658922094,0.3666666666663332,0.12038338664667841,1.553416650956053,0.573784079153017
1090,10100.0,K_I_693.8764,693.876396,0.00655092165605007,weak_anchor,detected,693.8282082689142,15.441261964886527,1.0040056517465994,15.379656417296484,0.0003591409572894809,26.720427816166648,25.94260851424697,-0.061541602213424085,0.07362484915213255,0.3666666666663332,0.09696171175358774,3.888497168716239,0.5135199692294203
1090,10100.0,K_I_766.4899,766.48991,1.0,strong_resonance,detected,766.4417222689142,518.7567236231405,1.4195332909902163,365.4417454776803,0.012065515548277821,1211.765209961346,1197.503856148895,-0.008388935612856585,-0.0007476940315253336,0.33333333333303017,0.13669580808971205,5.4978287953971146,0.5993492560351933
1090,10100.0,K_I_769.8964,769.89645,0.4984931955549362,weak_resonance,detected,769.8482622689141,323.0280561462568,1.0286841075723407,314.02065392902,0.0075131556979954,776.3427974376636,776.0407191782418,-0.014928935615898808,0.0030915426316299333,0.3666666666663332,0.10926488108320394,3.9840764171395375,0.5328661401223693
1091,10200.0,K_I_693.8764,693.876396,0.00655092165605007,weak_anchor,detected,693.8261809011186,14.927525368325178,1.550107009351937,9.629996689432444,0.0003010310426243484,38.96646770993948,37.331646020934905,0.04048576558204786,0.060410516542427316,0.29999999999972715,0.1482031702521603,6.003538632064896,0.43043114021928197
1091,10200.0,K_I_766.4899,766.48991,1.0,strong_resonance,detected,766.4396949011186,493.76124337469196,1.9035953168878796,259.38351444461665,0.009957274111620205,1053.8141849313788,1047.289767462728,-0.00636156781729369,0.002416065906737435,0.3666666666663332,0.10301971218479694,7.372592960231894,0.49462327631660047
1091,10200.0,K_I_769.8964,769.89645,0.4984931955549362,weak_resonance,detected,769.8462349011186,331.60604685646956,1.204660971054769,275.26918761726307,0.006687224544100137,814.6888358558429,811.9164241925594,0.020431765512967104,0.007404906869696797,0.3666666666663332,0.12926538703456789,4.665631878725419,0.47428745978164244
1092,10300.0,K_I_693.8764,693.876396,0.00655092165605007,weak_anchor,detected,693.8212569561089,10.587465149736401,0.4410210261532002,24.006712881890053,0.00024246484639016806,27.833476648712804,25.999809333025283,0.0454097105917981,0.08998748194195466,0.3666666666663332,0.11727327796402862,1.7080670896202035,0.34668989412180895
1092,10300.0,K_I_766.4899,766.48991,1.0,strong_resonance,detected,766.4347709561089,506.47471006665285,1.560903305202129,324.47539087058755,0.011598839858270827,1179.3381155980526,1176.9432582394415,-0.0014376228075434483,0.007897171666813642,0.3666666666663332,0.1366597526412418,6.045352506093456,0.5761673433770702
1092,10300.0,K_I_769.8964,769.89645,0.4984931955549362,weak_resonance,detected,769.8413109561088,336.13291689176515,1.7702202846395005,189.8819710792194,0.0076978214245050055,819.3525628403388,819.003967221485,-0.007977622810585672,0.003949847196780127,0.3666666666663332,0.10765198535400196,6.856033681533574,0.5459634479452755
1093,10400.0,K_I_693.8764,693.876396,0.00655092165605007,weak_anchor,detected,693.8198700515934,12.257963315699353,1.0493618624119698,11.681350118370311,0.00028373017317597307,39.674694617859814,37.86533866504361,0.046796615107268735,-0.0629469648431077,0.26666666666642413,0.2756738109088277,4.064161017270454,0.40569338261618354
1093,10400.0,K_I_766.4899,766.48991,1.0,strong_resonance,detected,766.4333840515934,374.4289110420938,2.312814088512335,161.89321610494713,0.00866675621683431,824.1916791491758,824.141976081038,-5.071829207281553e-05,0.004629226635172703,0.3666666666663332,0.11767202639258616,8.957490447690308,0.43051735916410616
1093,10400.0,K_I_769.8964,769.89645,0.4984931955549362,weak_resonance,detected,769.8399240515934,257.9778349743209,2.996385638445352,86.09633942451092,0.005971309744342354,613.5450282475745,613.1303824756249,-0.006590718295115039,-0.004618130195125463,0.3666666666663332,0.10193352392746165,11.60495167652448,0.42351162452174046
1094,10500.0,K_I_693.8764,693.876396,0.00655092165605007,weak_anchor,detected,693.818556552506,17.838013252231686,1.7424468976315373,10.237335368141453,0.00034269661768874377,31.033959084127673,24.89638859229326,0.08144344752793131,0.08380223349059131,0.3666666666663332,0.12488092446190285,6.748467816183861,0.4900069262462385
1094,10500.0,K_I_766.4899,766.48991,1.0,strong_resonance,detected,766.432070552506,458.9599984512341,2.7625216724844015,166.1380625616886,0.008817351848530074,1073.9835171202967,1073.3407404063544,0.0012627807952867443,-0.0038442755507919605,0.3666666666663332,0.1288374658498141,10.699200431078879,0.43799813190505127
1094,10500.0,K_I_769.8964,769.89645,0.4984931955549362,weak_resonance,detected,769.838610552506,303.8059667252771,2.021712554985061,150.2715932471033,0.005836596024357479,753.2204937063261,743.5395725417014,0.028056114125547538,0.01922585178245865,0.3666666666663332,0.12844943182170537,7.830059056282709,0.413957133323186
1095,10600.0,K_I_693.8764,693.876396,0.00655092165605007,weak_anchor,detected,693.8177239421043,19.08430215043079,2.1641532717716534,8.818369012656714,0.0004727636190127381,38.32277435132255,37.376087553931626,0.015609391263069483,0.08234951308719363,0.29999999999972715,0.15839011006449025,8.381729580219531,0.6759840507205817
1095,10600.0,K_I_766.4899,766.48991,1.0,strong_resonance,detected,766.4312379421043,475.6623986414808,2.5932066150514244,183.4263401460775,0.0117832905409617,913.6646643820723,913.2341211026978,0.002095391197030949,-0.002177605093605379,0.4333333333329392,0.09320838802175067,10.043446033378208,0.5853298511044535
1095,10600.0,K_I_769.8964,769.89645,0.4984931955549362,weak_resonance,detected,769.8377779421043,330.0940994760195,1.609004166939299,205.15428502832,0.008177217057921665,731.8806644934137,731.8430387890394,-0.004444608806011274,0.010955542981034783,0.3666666666663332,0.10162771678464226,6.231646342539911,0.5799643007212151
1096,10700.0,K_I_693.8764,693.876396,0.00655092165605007,weak_anchor,low_snr,693.8176690220333,13.860705131927691,5.138329938824664,2.697511700678796,0.0003088402393239538,34.60990209415286,34.018463462563005,0.01566431133403512,0.09086375330168714,0.33333333333303017,0.11818670649310806,19.900666280404998,0.441597169510827
1096,10700.0,K_I_766.4899,766.48991,1.0,strong_resonance,detected,766.4311830220333,519.9191319778814,0.7672062575704719,677.6784298192773,0.01158468834166877,1074.7933791826667,1074.0521084950205,0.0021503112679965852,0.003000887632007965,0.3999999999996362,0.10652631265129428,2.971377058679258,0.5754643729226976
1096,10700.0,K_I_769.8964,769.89645,0.4984931955549362,weak_resonance,detected,769.8377230220333,353.006898071058,1.0395196140313925,339.586567974462,0.00786559802301412,822.7422325363997,822.4529416691494,0.02894364459825738,0.012845856359198429,0.3666666666663332,0.10621313604150404,4.026042153203206,0.5578629043180837
1097,10800.0,K_I_693.8764,693.876396,0.00655092165605007,weak_anchor,detected,693.8172990064016,20.64942742345319,1.432760606506653,14.4123361081238,0.00036830597844400033,45.59774839901581,41.808326631359584,0.049367660299026284,0.09736473655187317,0.33333333333303017,0.13208425461845136,5.549057968107352,0.5266246326929703
1097,10800.0,K_I_766.4899,766.48991,1.0,strong_resonance,detected,766.4308130064016,556.8446023104203,5.2801509467221095,105.45997793038599,0.009931955588379345,1183.5213037557342,1181.980575529832,0.0025203268996847328,-0.0012476778150528165,0.3666666666663332,0.09875783324771932,20.449936682134656,0.49336558964688454
1097,10800.0,K_I_769.8964,769.89645,0.4984931955549362,weak_resonance,detected,769.8373530064016,374.8993736214034,1.3780948443068843,272.04177939578597,0.0066867558982699965,886.5414840443506,879.8899708764943,0.029313660229945526,0.016409326545452328,0.3666666666663332,0.1317570401631387,5.337338381499721,0.4742542213523287
1098,10900.0,K_I_693.8764,693.876396,0.00655092165605007,weak_anchor,detected,693.8165871565527,18.137952785991526,1.4975635522980897,12.111641444637117,0.0003258740965455991,44.3234892022715,41.607316250667814,0.05007951014795253,0.07813378679787994,0.29999999999972715,0.13284297590256242,5.800038697942996,0.46595313799277055
1098,10900.0,K_I_766.4899,766.48991,1.0,strong_resonance,detected,766.4301011565527,603.4969637971287,2.7391640913052813,220.3215812125907,0.01084268054756934,1181.1667733580275,1179.4650757979753,0.003232176748610982,0.004200791171978265,0.4333333333329392,0.08061932823209983,10.608736908164374,0.5386054573142978
1098,10900.0,K_I_769.8964,769.89645,0.4984931955549362,weak_resonance,detected,769.8366411565527,387.84177127298966,1.1656250356468212,332.73287670744907,0.006968128559351154,897.8437337502935,897.5084271248844,-0.0033078232544312414,0.006096327118369584,0.3666666666663332,0.09662624886651336,4.51444635098667,0.49421041151703937
1099,11000.0,K_I_693.8764,693.876396,0.00655092165605007,weak_anchor,detected,693.8157657849176,24.76361282833529,1.4062160056881576,17.610105935479496,0.0004808696561091787,55.114113697283756,48.41125486585541,0.05090088178303631,0.04837062579667415,0.26666666666642413,0.1861709893399942,5.446251171205502,0.6875745191309598
1099,11000.0,K_I_766.4899,766.48991,1.0,strong_resonance,detected,766.4292797849178,562.5547072388392,2.7315284785681637,205.9486883086513,0.010923910436162535,1157.2871597748217,1155.2977219496418,0.004053548383581074,0.0053249324527092565,0.4333333333329392,0.09362997589204003,10.579164307195402,0.5426405168276148
1099,11000.0,K_I_769.8964,769.89645,0.4984931955549362,weak_resonance,detected,769.8358197849177,381.79799896170584,1.1267991920867224,338.8341078365996,0.007413904979721412,892.6070440408278,892.555971013991,-0.0024864516194611497,0.011160126963883826,0.3666666666663332,0.10738336896069817,4.364074505475817,0.5258268414206076
1100,11100.0,K_I_693.8764,693.876396,0.00655092165605007,weak_anchor,detected,693.8150460512538,13.492220595909947,1.9013387191729132,7.096168851901935,0.000396109631144629,43.861927969959766,42.33070165828731,0.018287282113533365,0.04613300820943781,0.26666666666642413,0.18757132262130916,7.36385319486273,0.5663798613559711
1100,11100.0,K_I_766.4899,766.48991,1.0,strong_resonance,detected,766.4285600512538,542.5927551460059,4.473277520420574,121.29646610769451,0.015929639941388553,958.8547484310602,958.429534081113,0.004773282047494831,-0.0010351998484820007,0.49999999999954525,0.0714648858294372,17.324929339568648,0.7912979606696114
1100,11100.0,K_I_769.8964,769.89645,0.4984931955549362,weak_resonance,detected,769.8351000512538,369.5176835504807,5.127783104874597,72.06187859217526,0.010848437608333303,814.8198874923901,814.377902922047,-0.0017667179555473922,0.0033655713810995407,0.3999999999996362,0.07557168801236222,19.859818568161135,0.7694190440181206
1101,11200.0,K_I_693.8764,693.876396,0.00655092165605007,weak_anchor,detected,693.8142215490509,14.5642217878874,1.4960829049060662,9.734902885480023,0.0003532430719444673,38.15888562665509,36.14853237102751,0.05244511764976778,0.052060756422919165,0.29999999999972715,0.17496486974957595,5.794304175252079,0.5050868405666574
1101,11200.0,K_I_766.4899,766.48991,1.0,strong_resonance,detected,766.4277355490508,455.376944255417,1.4709337114942442,309.5835935344928,0.011044788593871117,798.9095591140435,798.8308612988029,0.005597784250539917,0.005694425842298622,0.5333333333328483,0.07755414338573499,5.6969017679974545,0.5486450869268912
1101,11200.0,K_I_769.8964,769.89645,0.4984931955549362,weak_resonance,detected,769.8342755490507,319.9546484467449,2.6381236279534015,121.28114280033142,0.0077602335741849835,664.0531377166108,663.8688191515093,-0.0009422157525023067,0.008695714198593833,0.4333333333329392,0.07322530678468472,10.217408876309108,0.5503899928797273
1102,11300.0,K_I_693.8764,693.876396,0.00655092165605007,weak_anchor,low_snr,693.8134664854111,18.307940914077676,5.4788930770001105,3.341540098844551,0.0003717873487471285,61.094490217070415,54.18060382346133,0.05320018128952597,0.11942394392028473,0.23333333333312112,0.196076845579297,21.219661642891836,0.5316024920394263
1102,11300.0,K_I_766.4899,766.48991,1.0,strong_resonance,detected,766.4269804854111,560.3206001276695,2.1310409572203763,262.932816109984,0.01137867504311645,948.442776384617,947.5583788815039,0.006352847890184421,0.0032109365466267887,0.5333333333328483,0.05182165493063053,8.253486137407936,0.5652307515969753
1102,11300.0,K_I_769.8964,769.89645,0.4984931955549362,weak_resonance,detected,769.8335204854111,404.22583199208447,3.3943563158997527,119.08762497873917,0.008208790441085518,846.2683815848459,844.754533424053,0.033146181220445214,0.0218678596576989,0.4333333333329392,0.09784300344446302,13.14628548258566,0.5822036243148437
1103,11400.0,K_I_693.8764,693.876396,0.00655092165605007,weak_anchor,detected,693.812813931109,11.997193889397566,0.973801942418905,12.319952720156596,0.00023167545659463567,47.018309920779984,42.95289384493675,0.053852735591704004,-0.006275556546167995,0.23333333333312112,0.24859124400645505,3.7715187054962835,0.33126261688330644
1103,11400.0,K_I_766.4899,766.48991,1.0,strong_resonance,detected,766.426327931109,531.9399837407371,1.5138185244958868,351.3895325847444,0.010272188625957654,976.4712266798597,974.6352587490733,0.007005402192362453,0.011903479624966254,0.49999999999954525,0.0660973014587103,5.862993934558187,0.510266518341992
1103,11400.0,K_I_769.8964,769.89645,0.4984931955549362,weak_resonance,detected,769.8328679311089,374.2243086543037,6.33171744247519,59.10312834617146,0.007226572178092155,836.4906880388717,836.2353220769102,0.0004654021893202298,-0.003488553660253763,0.3999999999996362,0.07380186237235492,24.52263620761973,0.5125403728666383
1104,11500.0,K_I_693.8764,693.876396,0.00655092165605007,weak_anchor,low_snr,693.8123917562688,12.045548262882392,2.5832864431187192,4.662877512081156,0.00023033700097001704,41.912557923151326,35.51003706391877,0.054274910431900025,0.08609867276743131,0.26666666666642413,0.20440709695278458,10.005025372691293,0.32934881764315155
1104,11500.0,K_I_766.4899,766.48991,1.0,strong_resonance,detected,766.4259057562688,574.7037558419693,6.54005807769749,87.87441166643293,0.01098958193333143,1045.4880744752154,1043.966085042114,0.0074275770325584745,-0.0019466042049994731,0.46666666666624224,0.08513564177040915,25.32953601817471,0.5459027199894608
1104,11500.0,K_I_769.8964,769.89645,0.4984931955549362,weak_resonance,detected,769.8324457562687,419.0600475828511,1.2339080260512296,339.6201651462898,0.008013336751472115,867.1261784238175,866.7137396381793,0.0008875770295162511,0.010065604737563648,0.4333333333329392,0.06440164363995224,4.7789052356524255,0.5683411865665141
1105,11600.0,K_I_693.8764,693.876396,0.00655092165605007,weak_anchor,detected,693.8116479505534,13.940165297745507,1.683549312665396,8.280223925057134,0.00029582063012157544,37.89637863837902,35.42241156001831,0.055018716147287705,0.09619071108588674,0.26666666666642413,0.19413316400541628,6.520358450477952,0.4229809989480377
1105,11600.0,K_I_766.4899,766.48991,1.0,strong_resonance,detected,766.4251619505535,485.23743389544904,1.650611796512324,293.97429178728527,0.010297097659002852,873.5848243807795,872.1007974186693,0.008171382747832467,0.002728736332677165,0.49999999999954525,0.06712701688014219,6.39279199895155,0.5115038637636989
1105,11600.0,K_I_769.8964,769.89645,0.4984931955549362,weak_resonance,detected,769.8317019505535,340.9816739715015,1.8945266252647157,179.98251881197885,0.00723588361398214,743.6899110514721,742.9547064404354,0.001631382744790244,0.011833651118997496,0.3999999999996362,0.07040506838847944,7.337470068603457,0.5132007809695899
1106,11700.0,K_I_693.8764,693.876396,0.00655092165605007,weak_anchor,detected,693.8113667546356,21.84247227901335,1.7694400230673004,12.344285194334939,0.00039676550899043025,51.222926416766995,48.155866736913396,0.021966578731735353,0.03195937077719644,0.26666666666642413,0.24668590355292613,6.853011741458754,0.5673176724420028
1106,11700.0,K_I_766.4899,766.48991,1.0,strong_resonance,detected,766.4248807546356,566.4967595413148,1.2689681661861798,446.4231449114223,0.010290335831479973,1056.403786451886,1055.0269299335791,0.00845257866569682,0.0028429676942003735,0.46666666666624224,0.09579859929957568,4.91469257451091,0.5111679729118692
1106,11700.0,K_I_769.8964,769.89645,0.4984931955549362,weak_resonance,detected,769.8314207546356,375.8271054598514,4.879274800662504,77.0251975578055,0.006826847752644315,790.8050389209029,789.5715973845057,0.001912578662654596,0.0075271501224621834,0.4333333333329392,0.0824125220177414,18.897350044552578,0.48419015356293704
1107,11800.0,K_I_693.8764,693.876396,0.00655092165605007,weak_anchor,detected,693.8112292982908,14.978915164876065,1.2418089238682604,12.062173879550194,0.0002815997277820104,45.52880888187224,43.230827335826284,0.022104035076608852,0.006256157299030612,0.26666666666642413,0.2104885791606512,4.8095052813179,0.4026471517952559
1107,11800.0,K_I_766.4899,766.48991,1.0,strong_resonance,detected,766.4247432982908,518.6099834851141,1.5810756076733157,328.01086865687074,0.009749733446444107,969.1763675096772,966.6486078512755,0.008590035010570318,0.006887285870131855,0.46666666666624224,0.07239936631533511,6.123479497619092,0.48431378371575606
1107,11800.0,K_I_769.8964,769.89645,0.4984931955549362,weak_resonance,detected,769.8312832982907,365.0973590648836,1.269656952917991,287.55590888215755,0.006863735844347629,813.4390282651715,812.2426092366652,0.002050035007528095,0.016219715951371713,0.3999999999996362,0.07800327917019464,4.917360234052306,0.4868064197275887
1108,11900.0,K_I_693.8764,693.876396,0.00655092165605007,weak_anchor,detected,693.8105153860506,16.95850397700616,0.9611284353116452,17.644368175942457,0.00033270803941311055,44.496212064014685,42.733591208486665,0.022817947316752907,0.0031627433701219465,0.29999999999972715,0.1698311808813834,3.7224344235317797,0.4757246944243346
1108,11900.0,K_I_766.4899,766.48991,1.0,strong_resonance,detected,766.4240293860507,468.9463637983568,3.0673348907743785,152.88397925143633,0.00920023520357735,860.3646957855781,859.2860871471089,0.009303947250600686,0.004453010761291144,0.46666666666624224,0.08003242519457318,11.879736949220918,0.4570176966370862
1108,11900.0,K_I_769.8964,769.89645,0.4984931955549362,weak_resonance,detected,769.8305693860507,324.17653619036906,5.6017280197556225,57.87080969427562,0.006360003212893771,696.2671019636891,695.514238495783,0.0027639472475584625,3.778870498010055e-05,0.3999999999996362,0.07655857631238533,21.69539933051671,0.4510794797084806
1109,12000.0,K_I_693.8764,693.876396,0.00655092165605007,weak_anchor,detected,693.810053087921,17.58304797746808,1.0779642961133207,16.311345413632946,0.00037850718689587767,40.40671426919461,38.674741314175044,0.023280245446358094,-0.03437831052554013,0.29999999999972715,0.1741822051921248,4.174937766656889,0.5412108951171931
1109,12000.0,K_I_766.4899,766.48991,1.0,strong_resonance,detected,766.423567087921,519.9421218611378,0.7987577464734995,650.9384405430465,0.011192702775225659,957.8339414381567,955.8100227607456,0.00976624538031956,0.00742880545836866,0.46666666666624224,0.0777448636418429,3.093575449748843,0.5559926597841947
1109,12000.0,K_I_769.8964,769.89645,0.4984931955549362,weak_resonance,detected,769.830107087921,357.0929156127014,2.8056483922724125,127.27643157148314,0.007687076502447996,770.9468908139634,769.7173514773535,0.003226245377277337,0.015983504900837123,0.3999999999996362,0.06832072659865181,10.86622949859455,0.5452013706807297
1110,12100.0,K_I_693.8764,693.876396,0.00655092165605007,weak_anchor,detected,693.8090945981452,18.386098450053193,0.9553334956960572,19.245738302787196,0.00042590516764054193,43.431198626323436,41.98850778288474,0.024238735222184005,-0.03481370427554775,0.29999999999972715,0.1414506874284444,3.6999907189083094,0.6089831976616725
1110,12100.0,K_I_766.4899,766.48991,1.0,strong_resonance,detected,766.4226085981452,542.2150245025824,2.6938468385075764,201.27908415274865,0.012560151439161081,918.0900090641908,916.8977238260485,-0.022608598177157546,0.008598570245005339,0.5333333333328483,0.0651206074559685,10.433223942782833,0.6239200795547487
1110,12100.0,K_I_769.8964,769.89645,0.4984931955549362,weak_resonance,detected,769.8291485981451,375.7886451062738,4.060703434603636,92.54274564942574,0.008704964042599076,779.7544741248494,779.174543687765,0.004184735153103247,0.011911870883621617,0.4333333333329392,0.07812002095368176,15.727036776121444,0.6173944445902293
1111,12200.0,K_I_693.8764,693.876396,0.00655092165605007,weak_anchor,detected,693.8085111619429,12.48235287382746,1.609896673928212,7.753511809779707,0.0002502891183293886,35.06507717425325,33.22994455826222,0.02482217142448917,0.03202032387370388,0.26666666666642413,0.19885224633210305,6.235103007244347,0.35787747884006366
1111,12200.0,K_I_766.4899,766.48991,1.0,strong_resonance,detected,766.4220251619429,548.8137121511272,3.0610962125218717,179.2866587812963,0.011004503840730245,1034.9161377254256,1033.7125616160238,0.011308171358450636,0.013366458486291083,0.46666666666624224,0.08955676848326559,11.85557465224659,0.5466439592727986
1111,12200.0,K_I_769.8964,769.89645,0.4984931955549362,weak_resonance,detected,769.8285651619428,392.9397076041017,1.9605416487866438,200.42405518254992,0.007879005982842543,843.021623817935,840.8803592637105,0.004768171355408413,0.018498939538485856,0.3999999999996362,0.06871345565666423,7.593145155303609,0.5588138559671484
1112,12300.0,K_I_693.8764,693.876396,0.00655092165605007,weak_anchor,detected,693.8083152500419,18.747879345239188,1.8408093930910152,10.184584789497668,0.0004470961853878596,49.75523003517901,45.69030123739975,0.05835141665875199,0.0037868484198479713,0.26666666666642413,0.1854404698075456,7.1294241229901685,0.6392833084139289
1112,12300.0,K_I_766.4899,766.48991,1.0,strong_resonance,detected,766.4218292500419,507.9478761879917,5.531429022900262,91.8294122703327,0.01211345313448402,946.8449313964284,943.8263345021018,0.011504083259410436,0.004197167299350469,0.46666666666624224,0.07364606451515966,21.423132486440565,0.6017305348553021
1112,12300.0,K_I_769.8964,769.89645,0.4984931955549362,weak_resonance,detected,769.8283692500419,352.9712985499612,3.552584400123272,99.3562034832201,0.008417598504182906,746.3890893737009,745.4458378244904,0.0049640832563682125,0.004619874354159536,0.4333333333329392,0.0738970135968365,13.759100217686212,0.597013213132339
1113,12400.0,K_I_693.8764,693.876396,0.00655092165605007,weak_anchor,detected,693.8078419447835,17.92518154298328,1.1191440870342089,16.01686659533355,0.00042746062800288695,48.08709151676135,45.06080280810555,0.05882472191717625,0.06612607969084101,0.26666666666642413,0.19718018431397302,4.334426411093937,0.6112072824985494
1113,12400.0,K_I_766.4899,766.48991,1.0,strong_resonance,detected,766.4213559447835,488.61367085731746,4.318119276008298,113.154278431372,0.011651938146044786,748.1584248371128,747.0460745331659,0.011977388517834697,0.009565376585042007,0.5999999999994543,0.03622528190588577,16.724004042932577,0.5788049778110673
1113,12400.0,K_I_769.8964,769.89645,0.4984931955549362,weak_resonance,detected,769.8278959447834,329.93871670166897,1.4038303486554289,235.02748534940858,0.007868026926565201,666.7498111909804,664.6517670301696,0.005437388514792474,0.016483264028713123,0.4333333333329392,0.06489077284207835,5.437011561247973,0.5580351728710088
1114,12500.0,K_I_693.8764,693.876396,0.00655092165605007,weak_anchor,detected,693.807750665084,16.367930268142874,2.5268165222640273,6.477688476358866,0.0004039244296097047,61.788091708403954,57.437138186898345,0.025582668283391286,0.03148481786017965,0.23333333333312112,0.25388154448295247,9.78631830965922,0.5775539003673031
1114,12500.0,K_I_766.4899,766.48991,1.0,strong_resonance,detected,766.421264665084,495.3043149943702,1.970892916191314,251.30960232559443,0.012223018404881448,783.480642497384,782.8810478620995,0.012068668217352752,0.006728777657722007,0.5999999999994543,0.05349274229744978,7.633235441574072,0.6071731421800565
1114,12500.0,K_I_769.8964,769.89645,0.4984931955549362,weak_resonance,detected,769.8278046650839,354.9493907781881,4.355222375466543,81.49971693240234,0.008759368341728586,704.0410097345066,698.3190736719497,0.038862001547613545,0.013593626537474032,0.4333333333329392,0.09376744629159851,16.867703729227166,0.6212530374436877
1115,12600.0,K_I_693.8764,693.876396,0.00655092165605007,weak_anchor,detected,693.8069886787523,22.553947376273275,1.475435108421891,15.286302493097596,0.0004943149109303441,41.95774194199976,40.60579870941138,0.02634465461505897,0.01345474203062961,0.33333333333303017,0.12580170852742065,5.714335603332915,0.7067993017738411
1115,12600.0,K_I_766.4899,766.48991,1.0,strong_resonance,detected,766.4205026787523,631.5310495019329,9.034318885466064,69.9035596936817,0.013841267307943737,1135.1346757078027,1134.044313659715,0.012830654549020437,0.0014923752968635355,0.46666666666624224,0.08173278132770136,34.98976658776904,0.6875589551400828
1115,12600.0,K_I_769.8964,769.89645,0.4984931955549362,weak_resonance,detected,769.8270426787523,430.8000253295919,3.6489147818356513,118.06250654965154,0.009441845039224099,906.1640357276001,901.9010694911792,0.006290654545978214,0.010256085023162708,0.3999999999996362,0.07770689936389771,14.1321861817924,0.669657295006848
1116,12700.0,K_I_693.8764,693.876396,0.00655092165605007,weak_anchor,detected,693.8062418249098,13.768635693084748,1.303494811525245,10.562861908881553,0.0002703495243779337,48.19747535206693,44.77015406276207,0.027091508457601776,0.06137170093311867,0.26666666666642413,0.23830317228585296,5.04841369690964,0.38656097730408095
1116,12700.0,K_I_766.4899,766.48991,1.0,strong_resonance,detected,766.4197558249098,566.3408588086462,5.58862487417706,101.33814159284424,0.011120199940478269,1026.758697972764,1025.8422938587364,0.013577508391563242,0.006929987066831243,0.46666666666624224,0.08153902344332117,21.644651065907958,0.5523911128886297
1116,12700.0,K_I_769.8964,769.89645,0.4984931955549362,weak_resonance,detected,769.8262958249097,401.67479018333864,2.2782023719544773,176.31216397985773,0.0078869534281608,878.7829795998778,874.5821466456081,0.007037508388521019,0.018145872530615517,0.3999999999996362,0.07481885156046758,8.82343984587795,0.5593775238426462
1117,12800.0,K_I_693.8764,693.876396,0.00655092165605007,weak_anchor,detected,693.8058185867893,25.605648952580225,2.663944881627614,9.611928958881355,0.00039820902881005304,65.57986836253531,62.660288556654734,0.0275147465780492,0.019287870812348173,0.29999999999972715,0.15820010215707428,10.317414161767621,0.569381698385881
1117,12800.0,K_I_766.4899,766.48991,1.0,strong_resonance,detected,766.4193325867893,763.264871940485,4.418798013313043,172.73133319081464,0.011869996497379255,1287.2694912792176,1284.8404994300115,0.014000746512010664,0.0029771163980711417,0.5333333333328483,0.05777052928945718,17.1139311158314,0.5896369319137852
1117,12800.0,K_I_769.8964,769.89645,0.4984931955549362,weak_resonance,detected,769.8258725867893,515.6324223166583,5.504547212599103,93.67390312076007,0.008018913580122368,1108.7594218481545,1102.532511466589,0.007460746508968441,0.015109673765441062,0.4333333333329392,0.07809983117471628,21.319019682828174,0.5687367198519186
1118,12900.0,K_I_693.8764,693.876396,0.00655092165605007,weak_anchor,detected,693.8050400405151,13.065923803493137,1.6237217839443208,8.046898140242714,0.00027478035072502023,36.01355098519298,34.35456715746761,0.028293292852254126,0.021196179900196288,0.29999999999972715,0.15757494169549877,6.288647428096271,0.39289642237998973
1118,12900.0,K_I_766.4899,766.48991,1.0,strong_resonance,detected,766.4185540405151,491.91538206592435,1.6657750720062974,295.30720583628994,0.010345130068412771,866.7602246476808,862.5667050538409,0.014779292786215592,0.00856381359781755,0.49999999999954525,0.0664067393545039,6.451519112413718,0.5138898528853592
1118,12900.0,K_I_769.8964,769.89645,0.4984931955549362,weak_resonance,detected,769.8250940405151,333.57466953946374,2.0838193003016117,160.07850080435583,0.007015176735113945,712.4616838598176,711.314043644072,0.008239292783173369,0.00519432297809482,0.3999999999996362,0.07927197972464337,8.070597446581074,0.49754727565592666
1119,13000.0,K_I_693.8764,693.876396,0.00655092165605007,weak_anchor,detected,693.8047193274109,18.443869309021288,0.6733123358588916,27.392739337671415,0.00039163770599951326,51.390635966704394,48.76086828118676,0.028614005956455912,0.03255903700214086,0.29999999999972715,0.1727584227369164,2.6077274635798737,0.559985650903764
1119,13000.0,K_I_766.4899,766.48991,1.0,strong_resonance,detected,766.4182333274109,625.3071105852271,1.9457288469996514,321.37423030421826,0.013277791022678712,979.5022426765072,978.3645794710264,-0.01823332744288564,0.013731205089068029,0.5666666666661513,0.03698599471780706,7.535775420671863,0.6595685148629351
1119,13000.0,K_I_769.8964,769.89645,0.4984931955549362,weak_resonance,detected,769.8247733274109,420.3229546392408,1.0664608212234186,394.128828996321,0.008925150952643833,875.5704696399675,873.9834142131039,0.008560005887375155,0.008883052872790169,0.4333333333329392,0.07707571813805332,4.130384999984742,0.6330110714215255
1120,13100.0,K_I_693.8764,693.876396,0.00655092165605007,weak_anchor,detected,693.8045756991279,11.61078815160731,1.5581602442863673,7.45160081845434,0.00024272409356978141,40.307794112598,36.619971009996554,0.06209096757277166,0.07154113893332067,0.26666666666642413,0.2147183604193586,6.0347286768490696,0.3470605803412327
1120,13100.0,K_I_766.4899,766.48991,1.0,strong_resonance,detected,766.4180896991279,579.1695391331843,2.1711598262511522,266.75582890330617,0.012107567511674012,971.2524363879611,970.9476973869777,0.01524363417343011,0.013984522281564903,0.5333333333328483,0.06708811984297956,8.40886584903295,0.601438169092864
1120,13100.0,K_I_769.8964,769.89645,0.4984931955549362,weak_resonance,detected,769.8246296991279,386.07246952021404,1.319619485085295,292.5634805212503,0.008070863837401824,800.2912941983363,797.154945396167,0.008703634170387886,0.01674586106086949,0.4333333333329392,0.0663799765183843,5.110864289070801,0.5724212612334122
1121,13200.0,K_I_693.8764,693.876396,0.00655092165605007,weak_anchor,detected,693.8046157685374,16.68564024822745,1.5309537332558643,10.898853365569881,0.00041745439361459057,46.34281271051532,43.25637112374286,0.02871756483000354,0.14080113042122103,0.26666666666642413,0.21384827770274456,5.929358312719427,0.596899804972285
1121,13200.0,K_I_766.4899,766.48991,1.0,strong_resonance,detected,766.4181297685374,490.23108192124926,1.710712072540686,286.5655125664579,0.012264984501041251,859.8771089646268,858.6403658334942,-0.01812976856933801,0.00904378173088413,0.5333333333328483,0.07572023079177172,6.625559367112077,0.6092577898199718
1121,13200.0,K_I_769.8964,769.89645,0.4984931955549362,weak_resonance,detected,769.8246697685373,341.63043196964907,2.215537039426334,154.19757191606553,0.008547177255204862,703.6371652822916,698.7416939603545,0.008663564760922782,0.009341065310304767,0.4333333333329392,0.08040704854500995,8.58073805661168,0.6062035096834102
1122,13300.0,K_I_693.8764,693.876396,0.00655092165605007,weak_anchor,detected,693.8040173219429,20.18607364419804,1.7475167723250686,11.551290358913405,0.00045601456834705044,54.76228933210814,47.74357374024991,0.06264934475780137,0.05705425004470128,0.23333333333312112,0.19457917286974366,6.768103356439284,0.6520353146939823
1122,13300.0,K_I_766.4899,766.48991,1.0,strong_resonance,detected,766.4175313219429,560.4681524631567,7.024261829707107,79.79032758898835,0.012661285553727062,1033.3376874227743,1028.74092711829,0.015802011358459822,0.0010981744615891032,0.46666666666624224,0.0824890041480377,27.204849085880806,0.6289438728673811
1122,13300.0,K_I_769.8964,769.89645,0.4984931955549362,weak_resonance,detected,769.8240713219428,399.8461497288073,4.1506614747542505,96.3331151337706,0.009032745673461852,817.5910757304146,815.7584528727525,0.009262011355417599,0.0032995854227349164,0.4333333333329392,0.07544510269417509,16.07544276748255,0.6406421635863184
1123,13400.0,K_I_693.8764,693.876396,0.00655092165605007,weak_anchor,low_snr,693.8035450612831,9.295002257402913,2.686169709313216,3.460318320609536,0.0001876418393691594,31.975321927925506,30.047663877419783,0.029788272084260825,0.022923650676964058,0.26666666666642413,0.201190931226236,10.403490549266365,0.26830087079523657
1123,13400.0,K_I_766.4899,766.48991,1.0,strong_resonance,detected,766.4170590612831,519.123638979124,1.3582455963826177,382.201599152387,0.010479751567620503,840.8362408933026,839.4241842623221,0.01627427201822229,0.00741005078585799,0.5666666666661513,0.0435420162690132,5.260462574854223,0.5205771175176618
1123,13400.0,K_I_769.8964,769.89645,0.4984931955549362,weak_resonance,detected,769.8235990612831,384.38820163400834,6.4721189272845745,59.39139962548266,0.007759794692783809,784.5281344142486,783.0666285751814,0.009734272015180068,0.006998644284118621,0.3999999999996362,0.08000405448153697,25.066408820069768,0.5503588654749967
1124,13500.0,K_I_693.8764,693.876396,0.00655092165605007,weak_anchor,detected,693.8032280551014,16.545074055786525,0.9778665231529865,16.919562807446738,0.0003765056587783115,56.20897763044991,49.597635714686035,0.0634386115992811,0.060406521422924415,0.26666666666642413,0.17516679090420673,3.7872607589887104,0.5383489974792806
1124,13500.0,K_I_766.4899,766.48991,1.0,strong_resonance,detected,766.4167420551014,579.0068054194024,4.201078833006479,137.8233611972093,0.013176087213421324,914.904225607891,912.1437957909142,-0.016742055133363465,0.011386966438671205,0.5999999999994543,0.03543085378360536,16.27070835635338,0.6545164222133955
1124,13500.0,K_I_769.8964,769.89645,0.4984931955549362,weak_resonance,detected,769.8232820551013,410.850339968123,3.3983493818183512,120.89702788248623,0.00934945817633802,846.56287674895,842.4025755714458,0.010051278196897329,0.024687074828862433,0.4333333333329392,0.06229820305666418,13.161750560388715,0.6631048112033706
1125,13600.0,K_I_693.8764,693.876396,0.00655092165605007,weak_anchor,detected,693.8028715465865,17.14098551695786,0.9804363272308588,17.483017551349615,0.0004770508857782509,44.50364897604777,41.59805763736427,0.030461786780847433,0.0965736854024839,0.26666666666642413,0.20051620462454728,3.797213567385335,0.6821142262208097
1125,13600.0,K_I_766.4899,766.48991,1.0,strong_resonance,detected,766.4163855465865,536.8158488586681,3.8568354720172207,139.18557137152135,0.014940125580555375,793.4488169554206,793.0237933723754,0.0169477867148089,0.015118554851939065,0.5999999999994543,0.024648000259869008,14.937459552198302,0.7421442636204907
1125,13600.0,K_I_769.8964,769.89645,0.4984931955549362,weak_resonance,detected,769.8229255465865,381.42526772782463,1.1869912530782323,321.337892540212,0.010615449248688178,758.7933680762285,757.4272890630571,0.010407786711766676,0.011184552206015415,0.4333333333329392,0.07363327083147164,4.5971973552700485,0.7528944819182475
1126,13700.0,K_I_693.8764,693.876396,0.00655092165605007,weak_anchor,detected,693.8027154165125,21.682780925183643,0.9393192640862971,23.083504995796194,0.0005109903306581496,49.81551692838423,46.69522302717848,0.03061791685490789,0.012522548140042444,0.29999999999972715,0.1855443592142099,3.6379678665813437,0.7306427561382179
1126,13700.0,K_I_766.4899,766.48991,1.0,strong_resonance,detected,766.4162294165124,564.4495263094636,5.097891218916493,110.72215982463273,0.01330217978422276,898.5354068074557,897.1383899046964,-0.016229416544319974,0.009746513420631549,0.5666666666661513,0.03706521654525699,19.744047791658563,0.6607800160232922
1126,13700.0,K_I_769.8964,769.89645,0.4984931955549362,weak_resonance,detected,769.8227694165123,390.2027790701813,1.8449639072969946,211.49615855730022,0.009195769112310582,786.8935937873144,785.6289114779596,0.010563916785940819,0.012480969119615083,0.3999999999996362,0.08186703986734166,7.145514487321523,0.6522045049114125
1127,13800.0,K_I_693.8764,693.876396,0.00655092165605007,weak_anchor,detected,693.8024499608707,10.018267883081082,1.2872343779600202,7.78278459200088,0.00023666150306876505,26.887101193850185,25.15526393729956,0.03088337249664619,-0.04949961508833124,0.29999999999972715,0.19089406507173606,4.985437308509355,0.338391946969453
1127,13800.0,K_I_766.4899,766.48991,1.0,strong_resonance,detected,766.4159639608706,457.4725691604846,7.696531036426615,59.43880002501521,0.010806872714303284,818.6096368811304,818.1855143002844,-0.015963960902581675,0.0016723430545219054,0.46666666666624224,0.08344936122505119,29.808536527675898,0.5368267187148265
1127,13800.0,K_I_769.8964,769.89645,0.4984931955549362,weak_resonance,detected,769.8225039608706,310.93671821199007,2.5566586911064992,121.6183917288621,0.007345256879743895,658.7176747537369,655.8165174990642,0.010829372427679118,0.01980988658125993,0.3999999999996362,0.0745986696718134,9.90189653260093,0.5209580153863602
1128,13900.0,K_I_693.8764,693.876396,0.00655092165605007,weak_anchor,low_snr,693.8022481409804,20.568381627325213,4.322229374549442,4.75874365864012,0.00040510668365259387,55.58186014466628,53.389146464478394,0.03108519238696772,0.022108097169335934,0.29999999999972715,0.13699560218951212,16.739922386133713,0.5792443537878983
1128,13900.0,K_I_766.4899,766.48991,1.0,strong_resonance,detected,766.4157621409804,694.1446606311988,4.9632070665352,139.85809000626264,0.013671597821283172,1174.1203036967272,1172.9332295652957,-0.01576214101237383,0.008748647560048105,0.5333333333328483,0.06938827685875146,19.22241831248728,0.6791306969197867
1128,13900.0,K_I_769.8964,769.89645,0.4984931955549362,weak_resonance,detected,769.8223021409804,481.9915238147073,2.084809105813638,231.19216165673862,0.009493113814158084,992.4592222566407,984.7829474041608,0.011031192317886962,0.012762656574970176,0.4333333333329392,0.0733518674147752,8.07443094684514,0.6732935026546097
1129,14000.0,K_I_693.8764,693.876396,0.00655092165605007,weak_anchor,detected,693.8017783082441,18.458120256609913,1.5820316470886597,11.667352097903695,0.0003978182282112805,41.09660862144392,38.501841776856594,0.03155502512322528,0.028229152069948703,0.26666666666642413,0.19121534935701517,6.127182222353041,0.5688229096780403
1129,14000.0,K_I_766.4899,766.48991,1.0,strong_resonance,detected,766.415292308244,506.52456299418844,5.106248912240854,99.19699797241228,0.010916859430671534,872.0481415590166,872.0427164279234,-0.015292308276002586,0.010436213620644987,0.5333333333328483,0.074404502557671,19.776416998716552,0.5422902611855395
1129,14000.0,K_I_769.8964,769.89645,0.4984931955549362,weak_resonance,detected,769.821832308244,380.37986151470903,6.857446210207416,55.46960921815291,0.008198128544581611,777.2042780657421,776.5567506094234,-0.02183230827904481,0.009880749921146993,0.3999999999996362,0.08380274889571629,26.558774969670644,0.5814474355887221
1130,14100.0,K_I_693.8764,693.876396,0.00655092165605007,weak_anchor,low_snr,693.8017783082441,8.773590171988982,2.1184262850593467,4.1415602864572625,0.00024155677032887643,34.889722086735674,32.030422592675784,0.03155502512322528,0.05974405386920596,0.23333333333312112,0.24226190221020505,8.204629722210358,0.34539147582228713
1130,14100.0,K_I_766.4899,766.48991,1.0,strong_resonance,detected,766.415292308244,491.1234513596236,2.79477102673812,175.72940561532576,0.013521738811320292,838.831489038178,837.2784380285981,0.01804102505730043,0.009522328952172367,0.5333333333328483,0.07269152967192107,10.824101643029586,0.6716865155441932
1130,14100.0,K_I_769.8964,769.89645,0.4984931955549362,weak_resonance,detected,769.821832308244,345.2896183185177,1.8150251280500904,190.23958014810938,0.009506603727103782,710.0596207771413,709.7872173550829,-0.02183230827904481,0.005119103257395865,0.4333333333329392,0.08223003365222661,7.029562093892378,0.6742502667802193
1131,14200.0,K_I_693.8764,693.876396,0.00655092165605007,weak_anchor,detected,693.8022481409804,10.502972865953021,0.7739571678275299,13.57048335818698,0.00030833548810634963,28.775914984582244,27.226153431630767,0.03108519238696772,0.06895642590429367,0.33333333333303017,0.1652520039547101,2.997523221676608,0.44087544778994936
1131,14200.0,K_I_766.4899,766.48991,1.0,strong_resonance,detected,766.4157621409804,410.61710721628634,4.058926910438387,101.16395694642783,0.012054475222798053,762.1160736892934,761.1536296491036,0.017571192320929185,0.008139702860353329,0.46666666666624224,0.10583023116674287,15.720156327615294,0.5988008326515253
1131,14200.0,K_I_769.8964,769.89645,0.4984931955549362,weak_resonance,detected,769.8223021409804,285.5127477753815,1.0747554851636811,265.65367817769175,0.00838178995313622,603.7496201047115,601.7943313452689,0.011031192317886962,0.007665804253140965,0.3999999999996362,0.08103661759315811,4.162510095287795,0.5944735127525488
1132,14300.0,K_I_693.8764,693.876396,0.00655092165605007,weak_anchor,detected,693.802574969179,12.655140455593047,0.8126705552210497,15.572288640568253,0.00032085061852691064,29.882545673831146,28.439139041892936,0.030758364188386622,0.12399392529051789,0.29999999999972715,0.15507814492317976,3.147459526327123,0.45877028617589394
1132,14300.0,K_I_766.4899,766.48991,1.0,strong_resonance,detected,766.4160889691789,420.8347002025633,2.6434632497532027,159.19824126242457,0.01066958318885382,720.2616706383296,718.576955697655,-0.016088969210841242,0.0035843346651083362,0.5333333333328483,0.0631351418100042,10.238089142614802,0.5300069210352067
1132,14300.0,K_I_769.8964,769.89645,0.4984931955549362,weak_resonance,detected,769.8226289691788,280.2440578922111,1.4465477908349627,193.733010183128,0.007105134836608466,603.8296514951633,598.1162162488114,0.010704364119419552,0.017864472311325555,0.3999999999996362,0.08628382412931183,5.602455503402036,0.5039275009890595
1133,14400.0,K_I_693.8764,693.876396,0.00655092165605007,weak_anchor,detected,693.8032437522966,10.196462788013577,1.143787872824916,8.914644953203126,0.00024412771518463261,29.19972361717646,28.15731947765224,0.030089581070797067,0.031244128051316444,0.29999999999972715,0.12483990206787814,4.429871383048935,0.34906755758467517
1133,14400.0,K_I_766.4899,766.48991,1.0,strong_resonance,detected,766.4167577522966,444.50846277430355,0.5401239441453628,822.9749256490536,0.010642596129011594,828.266581873499,827.9049756808613,0.016575581004758533,0.005427299677965129,0.46666666666624224,0.10177487219063462,2.0918910405647573,0.5286663505329107
1133,14400.0,K_I_769.8964,769.89645,0.4984931955549362,weak_resonance,detected,769.8232977522965,309.07952233493586,4.142921640327211,74.60424047762693,0.007400103267839735,663.1111256666991,660.8379160381495,0.01003558100171631,0.0021564861730680664,0.3999999999996362,0.08214150569101036,16.045466517644194,0.5248479631392176
1134,14500.0,K_I_693.8764,693.876396,0.00655092165605007,weak_anchor,detected,693.804431701742,7.346102846646421,0.879415270823476,8.353394682090977,0.00017597534687920674,24.791416025304216,20.957485738718233,0.06223496495863401,0.06838196656979678,0.23333333333312112,0.19843980694099625,3.4059606983029056,0.2516194627217296
1134,14500.0,K_I_766.4899,766.48991,1.0,strong_resonance,detected,766.417945701742,433.64120197256966,2.325466530533855,186.47492719364965,0.010387842714872357,776.5877676456416,773.4175484850341,-0.01794570177401056,0.0017600831346983958,0.49999999999954525,0.06359540157163597,9.006493144928553,0.5160115850878841
1134,14500.0,K_I_769.8964,769.89645,0.4984931955549362,weak_resonance,detected,769.824485701742,293.22461290332626,3.5704852339198143,82.12458354894613,0.00702417377572383,643.5829913210887,642.6765144158394,0.008847631556250235,0.003079173161084075,0.3999999999996362,0.0897257300157238,13.82842984886351,0.49818538545892094
1135,14600.0,K_I_693.8764,693.876396,0.00655092165605007,weak_anchor,detected,693.8049886625371,12.521223847215534,0.8544141433015744,14.654747870665851,0.00032450216720776587,37.986397273670775,36.54402033361139,0.02834467083027903,0.09267838240278833,0.29999999999972715,0.14323210088053537,3.3091317477740847,0.46399147615206554
1135,14600.0,K_I_766.4899,766.48991,1.0,strong_resonance,detected,766.4185026625371,441.5382766804229,3.196402301079896,138.13601514779612,0.011442981088453425,859.3940847516596,859.1575979044086,0.014830670764240494,0.0044513559479977425,0.46666666666624224,0.09784154817183603,12.379612879872763,0.5684251265308159
1135,14600.0,K_I_769.8964,769.89645,0.4984931955549362,weak_resonance,detected,769.825042662537,307.17619961172204,5.791182725517116,53.042049296466146,0.007960830642830154,684.4914829997078,681.9483046525845,0.008290670761198271,0.0015447331227081973,0.3999999999996362,0.0768972474913899,22.429154250792266,0.5646172217547171
1136,14700.0,K_I_693.8764,693.876396,0.00655092165605007,weak_anchor,detected,693.8058827345358,10.948479335633586,1.062692784711426,10.302581793294703,0.0002725525523464943,41.853365176482384,40.86779120418207,0.027450598831592288,0.010405007288152822,0.26666666666642413,0.23017508838799827,4.11579145732588,0.3897109907783585
1136,14700.0,K_I_766.4899,766.48991,1.0,strong_resonance,detected,766.4193967345357,542.7204528103804,6.015916804482888,90.21408879955932,0.013510537864622476,1050.6056016639159,1048.768024085002,-0.019396734567635576,-0.009545597843638155,0.46666666666624224,0.09390321685277746,23.299545595952758,0.671130113371127
1136,14700.0,K_I_769.8964,769.89645,0.4984931955549362,weak_resonance,detected,769.8259367345356,369.131013480485,2.0496306261713326,180.0963592010791,0.009189184798194831,815.0984935503966,813.7250310230241,0.007396598762625217,0.008581787148183436,0.3999999999996362,0.08564734327114988,7.93818528104547,0.6517375163131128
1137,14800.0,K_I_693.8764,693.876396,0.00655092165605007,weak_anchor,detected,693.8074803962903,14.683757719868874,1.2446860142704033,11.797158119813888,0.0003544157483110277,39.87812178126396,38.59627405204866,0.0258529370770475,0.028840070102797377,0.29999999999972715,0.14677052571955795,4.820648204530944,0.5067635992861782
1137,14800.0,K_I_766.4899,766.48991,1.0,strong_resonance,detected,766.4209943962903,525.7458578740757,1.4397813052022097,365.15674705210694,0.012689708941991973,989.7274577342671,987.816753337538,0.012338937011008966,0.00973057522932332,0.46666666666624224,0.086025222155384,5.576249017234008,0.6303557923616131
1137,14800.0,K_I_769.8964,769.89645,0.4984931955549362,weak_resonance,detected,769.8275343962903,362.9805301957634,1.6764665959817977,216.51521781929048,0.008761109975111593,788.5982653525598,786.2462262101789,0.005798937007966742,0.009681668256154893,0.3999999999996362,0.07059238828305167,6.492927206716446,0.6213765617649737
1138,14900.0,K_I_693.8764,693.876396,0.00655092165605007,weak_anchor,detected,693.8093285676072,19.202787342700983,1.3075696275068547,14.685862181821225,0.00044450784824648295,43.22758631011402,41.35415248983503,0.02400476576019628,0.0871377081773589,0.33333333333303017,0.16601707942157523,5.064195391345289,0.635582358181946
1138,14900.0,K_I_766.4899,766.48991,1.0,strong_resonance,detected,766.4228425676072,536.4538245845617,2.107939077828742,254.4920914588906,0.012417881372847576,1038.908464876553,1037.4912832851007,0.010490765694157744,0.004889905110619511,0.46666666666624224,0.09534850730662049,8.164012943257964,0.6168528756661219
1138,14900.0,K_I_769.8964,769.89645,0.4984931955549362,weak_resonance,detected,769.8293825676071,370.92362605696945,1.6473273519130933,225.16691999692964,0.008586173451795121,852.4749720990126,851.0983059469751,0.003950765691115521,0.006865526626183037,0.3999999999996362,0.0865820128892747,6.380071399717178,0.6089692919447905
1139,15000.0,K_I_693.8764,693.876396,0.00655092165605007,weak_anchor,detected,693.8112088920566,21.348428939359856,3.3301957718593034,6.410562742214004,0.0004902508093272941,52.41115994589927,49.3336606611591,0.02212444131077973,-0.07659769725036324,0.26666666666642413,0.2376515734513124,12.897792764033166,0.7009882203926071
1139,15000.0,K_I_766.4899,766.48991,1.0,strong_resonance,detected,766.4247228920566,625.4194030438208,3.9419065613150135,158.6591141407426,0.014362291922377883,1221.4824897188564,1218.4857388123662,-0.02472289208856182,-0.008487328940136318,0.4333333333329392,0.09698270177154368,15.266938464292677,0.7134406270659626
1139,15000.0,K_I_769.8964,769.89645,0.4984931955549362,weak_resonance,detected,769.8312628920565,438.17103592662113,4.748108854625033,92.28327516118505,0.010062272291651181,997.6495988601773,996.9087307490113,0.0020704412416989726,-0.0008875394190295761,0.3999999999996362,0.08460755917579392,18.389346519959453,0.7136607322463765
1140,15100.0,K_I_693.8764,693.876396,0.00655092165605007,weak_anchor,detected,693.8140849696412,11.291058529746342,1.444807298081055,7.81492351591991,0.0002588295285200388,35.25289230399085,33.95471153196358,0.019248363726205753,0.08419207803867494,0.26666666666642413,0.18540872577046513,5.59571460395195,0.3700890383664651
1140,15100.0,K_I_766.4899,766.48991,1.0,strong_resonance,detected,766.4275989696412,479.7538617765508,1.2901032730757527,371.872447569847,0.010997592964570535,951.2149132037957,951.1044079684765,0.005734363660167219,-0.000391703112424453,0.3999999999996362,0.11827038805981967,4.996548491514614,0.5463006644945274
1140,15100.0,K_I_769.8964,769.89645,0.4984931955549362,weak_resonance,detected,769.8341389696411,337.1110110597716,1.3258635243966894,254.25770062810045,0.0077277328623921735,769.2605848648797,768.9694376360857,-0.0008056363428750046,0.006429927678715784,0.3999999999996362,0.07166757423505597,5.1350473493369195,0.5480848990495961
1141,15200.0,K_I_693.8764,693.876396,0.00655092165605007,weak_anchor,low_snr,693.8157391011375,13.28644256896406,5.11895856928529,2.5955362578406485,0.00047758792052255073,36.008278930376946,20.963648326907176,0.11759423222974874,0.2592999544335102,0.23333333333312112,0.20457691962604516,19.825641288785704,0.6828821087465159
1141,15200.0,K_I_766.4899,766.48991,1.0,strong_resonance,detected,766.4292531011376,514.3254130994666,7.047447648835114,72.98038080275494,0.01848768797509868,921.4198990314853,897.0864754973902,0.037413565496990486,0.03819105864216657,0.49999999999954525,0.06741185279890914,27.294647377231833,0.9183678881643625
1141,15200.0,K_I_769.8964,769.89645,0.4984931955549362,weak_resonance,detected,769.8357931011376,357.84901505278617,0.8953633487584315,399.66904558803157,0.012863064441291485,794.6201592844438,780.7754992123811,0.030873565493948263,0.03378210265123665,0.3999999999996362,0.06800508831876807,3.467727338549062,0.9123052648576286
1142,15300.0,K_I_693.8764,693.876396,0.00655092165605007,weak_anchor,detected,693.8166457915904,15.074905595882969,1.2091121281812793,12.467748229900167,0.000351614541723853,41.06897631472668,33.32605508323351,0.08335420844355212,0.09915368541172603,0.29999999999972715,0.12545988238345607,4.682871136147761,0.5027582763307913
1142,15300.0,K_I_766.4899,766.48991,1.0,strong_resonance,detected,766.4301597915904,616.143433761054,5.782046584381831,106.56147866835752,0.01437123368502029,1186.6341819883382,1160.4401244417563,0.036506875044210574,0.02777960645758175,0.4333333333329392,0.07875374487749323,22.393770128326675,0.7138848052501376
1142,15300.0,K_I_769.8964,769.89645,0.4984931955549362,weak_resonance,detected,769.8366997915904,420.52322452476506,1.5711869302938788,267.64684482584727,0.009808491332502545,928.0050158571069,927.9227055915077,-0.0033664582921346664,0.04024223029177709,0.3999999999996362,0.09354659558912806,6.08518081481248,0.6956614672805024
1143,15400.0,K_I_693.8764,693.876396,0.00655092165605007,weak_anchor,detected,693.8190006269028,8.272581162416556,0.96477714789378,8.57460314071136,0.00018238288112674804,23.144435876317175,19.37095908369449,0.08099937313113514,0.1585978308259387,0.29999999999972715,0.1430956585340505,3.7365658265974986,0.2607813160911343
1143,15400.0,K_I_766.4899,766.48991,1.0,strong_resonance,detected,766.432514626903,495.04967508271017,2.3082239230704107,214.472118642715,0.010914197669360842,962.6010606529691,946.8702798164555,0.034152039731679906,0.030606547351167676,0.4333333333329392,0.08447623747963869,8.93971281337738,0.5421580393459569
1143,15400.0,K_I_769.8964,769.89645,0.4984931955549362,weak_resonance,detected,769.8390546269029,323.83025626248514,4.971777981374693,65.13369210685194,0.007139379351330834,711.190749910812,697.5216278662191,0.027612039728637683,0.02179391988220281,0.3999999999996362,0.07489382108679181,19.25561332292243,0.5063562730142872
1144,15500.0,K_I_693.8764,693.876396,0.00655092165605007,weak_anchor,detected,693.8208684697684,13.112626331420309,0.5145036619394916,25.48597279558804,0.0002489215967883953,25.91584724004383,25.119391248678962,0.04579819693231002,0.08295784481270668,0.3666666666663332,0.09612545026759184,1.992664114256194,0.35592211951554803
1144,15500.0,K_I_766.4899,766.48991,1.0,strong_resonance,detected,766.4343824697684,440.88152923813715,0.6936435846681017,635.6024029964791,0.008369409108341424,904.9474947242895,881.9874393603644,0.032284196866271486,0.03650274268517563,0.4333333333329392,0.0897376299201827,2.6864700516256153,0.4157467704108668
1144,15500.0,K_I_769.8964,769.89645,0.4984931955549362,weak_resonance,detected,769.8409224697683,301.93015744992215,1.1766361242917664,256.60452812602375,0.0057316463545457825,661.4554043044229,654.9429379442659,0.025744196863229263,0.04012311538605465,0.3999999999996362,0.07054867584935264,4.557092113932196,0.4065136398421981
1145,15600.0,K_I_693.8764,693.876396,0.00655092165605007,weak_anchor,detected,693.8223742606258,12.1589857365238,1.3180851504011055,9.22473463328504,0.00026497774326113803,33.10248472410831,27.107622735593957,0.07762573940817674,0.095027833323863,0.29999999999972715,0.1393004011790296,5.104921836391423,0.3788801020994726
1145,15600.0,K_I_766.4899,766.48991,1.0,strong_resonance,detected,766.4358882606258,539.9017584652969,0.913518244796439,591.0136568598083,0.01176594435102571,1183.7877423277632,1163.93822113376,0.03077840600883519,0.03071471184503344,0.3999999999996362,0.10451672472948176,3.538040948556456,0.5844681866366915
1145,15600.0,K_I_769.8964,769.89645,0.4984931955549362,weak_resonance,detected,769.8424282606258,358.29255730075204,1.5407711295135313,232.5410636515989,0.007808180330011479,857.4858277836752,852.7182256216499,0.024238406005792967,0.038518289166215906,0.3666666666663332,0.08713211907389086,5.967380924928525,0.553790588280069
1146,15700.0,K_I_693.8764,693.876396,0.00655092165605007,weak_anchor,detected,693.824320846647,15.803548198844931,1.5713645908582383,10.057212877765972,0.0003215152215239142,40.80341331818079,24.33936480742902,0.10901248672030306,0.201423823117243,0.23333333333312112,0.21912609137936,6.085868891219523,0.459720572974556
1146,15700.0,K_I_766.4899,766.48991,1.0,strong_resonance,detected,766.437834846647,519.582815210983,2.795049064101252,185.89398729501545,0.0105706504533449,1125.3754416501224,1110.621941255269,0.02883181998765849,0.028375260953883322,0.3999999999996362,0.10931320297354431,10.82517847710662,0.5250924802732236
1146,15700.0,K_I_769.8964,769.89645,0.4984931955549362,weak_resonance,detected,769.8443748466469,349.43659349179944,1.6437791734730192,212.58122692569512,0.007109111343317785,807.4837973005895,800.0113900546498,0.022291819984616268,0.026190713138827676,0.3999999999996362,0.07312619091404822,6.366329363709386,0.5042095323839274
1147,15800.0,K_I_693.8764,693.876396,0.00655092165605007,weak_anchor,detected,693.8272491516328,21.509329227872357,0.731530131578959,29.4032033669562,0.00043356404460736305,44.40564660826237,38.41661088028829,0.07275084840114232,0.01721726284916961,0.29999999999972715,0.15236107180408853,2.833204016856805,0.6199342913325727
1147,15800.0,K_I_766.4899,766.48991,1.0,strong_resonance,detected,766.4407631516328,621.4184680811637,1.9441651537688005,319.6325512143515,0.012525946372416543,1316.341512061389,1291.2443339075976,0.02590351500180077,0.025776915157035517,0.3666666666663332,0.09650928644832471,7.529719262830195,0.6222209576876438
1147,15800.0,K_I_769.8964,769.89645,0.4984931955549362,weak_resonance,detected,769.8473031516328,422.81648640594085,1.8128697387007133,233.23048390061058,0.008522721653973548,954.1087250940446,945.7805131392403,0.019363514998758546,0.027891998940553293,0.3666666666663332,0.0684412805129154,7.021214306837639,0.604469010578596
1148,15900.0,K_I_693.8764,693.876396,0.00655092165605007,weak_anchor,detected,693.829665463333,21.487535829527484,2.0632134643495235,10.41459655087213,0.0004482753255349709,44.333066574993,33.002602250542004,0.10366787003431455,0.05660293314423698,0.29999999999972715,0.1774323938279168,7.990791387103881,0.6409693094109516
1148,15900.0,K_I_766.4899,766.48991,1.0,strong_resonance,detected,766.4431794633329,616.4508205448977,7.311784654666004,84.30921446127527,0.01286046452456995,1290.2726259434585,1272.966462640707,0.023487203301783666,0.022453459827790682,0.3999999999996362,0.09699280515312511,28.318420198602137,0.6388380019259259
1148,15900.0,K_I_769.8964,769.89645,0.4984931955549362,weak_resonance,detected,769.8497194633328,415.52952888769096,1.040640371149,399.30175727172036,0.008668822535507038,974.8379741171084,960.2145152684835,0.016947203298741442,0.03311205267457177,0.3666666666663332,0.08985734757235939,4.030382826854848,0.6148311294991446
1149,16000.0,K_I_693.8764,693.876396,0.00655092165605007,weak_anchor,detected,693.8356107166569,15.280829302959088,1.1867164756555286,12.876562866052847,0.0003506405080112985,42.84219362646036,35.010798386237134,0.06438928337706784,0.04727618046984651,0.26666666666642413,0.1914529736167013,4.596133146888002,0.5013655480664506
1149,16000.0,K_I_766.4899,766.48991,1.0,strong_resonance,detected,766.4491247166569,538.5355248128383,1.6797980883699306,320.59539092310257,0.012357468711854402,1057.9965052257357,1049.4369771726144,0.01754194997772629,0.020350846188246164,0.4333333333329392,0.09122712741423124,6.505830021253713,0.613851902912286
1149,16000.0,K_I_769.8964,769.89645,0.4984931955549362,weak_resonance,detected,769.8556647166569,358.1527300232359,1.6136366693269235,221.95376247406907,0.008218327206669478,786.1487493542895,782.8942158037089,0.011001949974684067,0.01835716874936245,0.4333333333329392,0.06810319687611875,6.249587947138463,0.5828800137935461
1150,16100.0,K_I_693.8764,693.876396,0.00655092165605007,weak_anchor,detected,693.8376562282733,18.381662676065012,0.6221070708996657,29.54742605558591,0.0005900424618206085,46.55154478957752,39.21761731182008,0.06234377176065209,0.027571589808700538,0.26666666666642413,0.172838101346586,2.4094103251544734,0.8436759458597262
1150,16100.0,K_I_766.4899,766.48991,1.0,strong_resonance,detected,766.4511702282732,474.4247284249054,5.596408740756595,84.77306615755992,0.015228803816148039,815.7114643342793,812.3085143635717,0.015496438361424225,0.018499253922823283,0.5333333333328483,0.060872305423638244,21.674797851539626,0.7564842298692359
1150,16100.0,K_I_769.8964,769.89645,0.4984931955549362,weak_resonance,detected,769.8577102282732,334.84133974002424,3.326676891504352,100.65339997254921,0.01074824469914649,665.1273467524443,663.2592565695483,0.008956438358382002,0.00762135631864785,0.4333333333329392,0.06397189973995521,12.88416419902113,0.7623129209811318
1151,16200.0,K_I_693.8764,693.876396,0.00655092165605007,weak_anchor,detected,693.8408583007994,13.183204962215845,1.613751330793659,8.169291458140712,0.0003289388486717507,37.52495736478522,29.497432904701608,0.05914169923460122,0.04600932459806026,0.26666666666642413,0.25045393583416,6.250032029089582,0.47033529320390294
1151,16200.0,K_I_766.4899,766.48991,1.0,strong_resonance,detected,766.4543723007994,490.45544198080046,1.5492218132054107,316.58180758895054,0.012237528648939601,835.7697523223032,833.4301853207876,0.012294365835259669,0.01232683989162752,0.49999999999954525,0.06313585639976238,6.000110282131271,0.607893932265349
1151,16200.0,K_I_769.8964,769.89645,0.4984931955549362,weak_resonance,detected,769.8609123007993,336.04505363290775,2.349048670437636,143.05580717078178,0.008384779980335374,689.5451971435195,688.3929854587875,0.005754365832217445,0.012614294446295507,0.4333333333329392,0.06664811048845538,9.097826380043912,0.5946855786695241
1152,16300.0,K_I_693.8764,693.876396,0.00655092165605007,weak_anchor,detected,693.8408583007994,13.090101914765029,1.0406811146892436,12.578398637198145,0.0003179544651853254,44.0970462879327,31.96611642559978,0.09247503256790424,0.04326177759104079,0.23333333333312112,0.20377184290590816,4.030540625907676,0.4546292030032059
1152,16300.0,K_I_766.4899,766.48991,1.0,strong_resonance,detected,766.4543723007994,562.7736631388286,1.893056630617128,297.28305748326557,0.013669595565322585,1018.1914281967051,1010.6100276540471,0.012294365835259669,0.014358818370796564,0.49999999999954525,0.06919925594569631,7.33177680381433,0.679031235722661
1152,16300.0,K_I_769.8964,769.89645,0.4984931955549362,weak_resonance,detected,769.8609123007993,401.0721528907894,8.724513615689913,45.97071774517182,0.009741916656071128,832.2958771712001,828.7350932471252,0.005754365832217445,0.0102813892141426,0.4333333333329392,0.07663849653197936,33.78989593735762,0.6909396975893232
1153,16400.0,K_I_693.8764,693.876396,0.00655092165605007,weak_anchor,detected,693.840702367527,13.331144184166021,1.746092592837446,7.634843787122746,0.0003494983267277549,35.03383207835327,32.34449395545228,0.05929763250696851,0.0871922081597301,0.29999999999972715,0.16925730377888548,6.762587533001707,0.49973239293425287
1153,16400.0,K_I_766.4899,766.48991,1.0,strong_resonance,detected,766.454216367527,429.51257969603495,0.4844524731554332,886.593842525867,0.01126039339448316,749.8031225201569,747.3604982843024,0.012450299107626961,0.015899586677873834,0.49999999999954525,0.06821470003610232,1.876276360561695,0.5593551619607665
1153,16400.0,K_I_769.8964,769.89645,0.4984931955549362,weak_resonance,detected,769.860756367527,302.24142252576524,0.6387616203677873,473.1677873065388,0.007923766331027765,615.7614330148376,613.3957792128448,0.0059102991045847375,0.019754769438068517,0.4333333333329392,0.06993068620810795,2.4739131178831544,0.561988457283391
1154,16500.0,K_I_693.8764,693.876396,0.00655092165605007,weak_anchor,detected,693.8400976109118,11.451178803289057,0.997645239946582,11.478207227152408,0.00022915186990650154,29.978789634731925,26.956324390558066,0.05990238912215773,0.07864440847117815,0.29999999999972715,0.11759553191983664,3.863863399739729,0.32765425049641766
1154,16500.0,K_I_766.4899,766.48991,1.0,strong_resonance,detected,766.4536116109118,535.554981994139,1.6184085762611533,330.91457240753004,0.010717099756267064,1000.5021122664548,992.2585195276808,0.013055055722816178,0.018159680197272085,0.4333333333329392,0.07415270412060514,6.268069463224403,0.5323672859292322
1154,16500.0,K_I_769.8964,769.89645,0.4984931955549362,weak_resonance,detected,769.8601516109118,371.5505499134505,1.9381434748823028,191.7043576642403,0.007435173682992479,769.5422758806526,767.6345224517364,0.0065150557197739545,0.015486755225898815,0.4333333333329392,0.06280517493558,7.506397400786558,0.5273353116657385
1155,16600.0,K_I_693.8764,693.876396,0.00655092165605007,weak_anchor,detected,693.8395668405142,10.785316101965668,1.5072191439989968,7.155771703741607,0.00022404104187774258,25.571850923125112,24.59102793362298,0.027099826186486098,0.15292732079691276,0.29999999999972715,0.13907978641477045,5.837434643798422,0.3203465007151815
1155,16600.0,K_I_766.4899,766.48991,1.0,strong_resonance,detected,766.4530808405142,503.1632540048375,5.354797848842195,93.96493914585973,0.010452101597772703,956.856338014345,953.0528958385349,0.013585826120447564,0.012033946717351965,0.46666666666624224,0.08960538813225427,20.739042890891987,0.5192036172481238
1155,16600.0,K_I_769.8964,769.89645,0.4984931955549362,weak_resonance,detected,769.8596208405141,349.3444086548486,0.64370940001117,542.705153363904,0.007256855946478156,756.601360853304,755.1603459090156,0.0070458261174053405,0.014990317096511462,0.3999999999996362,0.07501786586884045,2.4930757860426978,0.5146882312921617
1156,16700.0,K_I_693.8764,693.876396,0.00655092165605007,weak_anchor,detected,693.8394705158486,24.5079463042648,3.5237826791444276,6.955010718826541,0.00048470342603463114,47.39060380777573,39.12679150215264,0.09386281751869774,-0.014506440371603846,0.3666666666663332,0.13099208514120214,13.647551631992934,0.6930562593062085
1156,16700.0,K_I_766.4899,766.48991,1.0,strong_resonance,detected,766.4529845158486,710.5132767564819,0.8821877769212053,805.3991398930287,0.01405210437510341,1277.9362456570589,1272.7639790861717,0.013682150786053171,0.0086507877815161,0.46666666666624224,0.07816568207307244,3.4166985682466793,0.6980321950809014
1156,16700.0,K_I_769.8964,769.89645,0.4984931955549362,weak_resonance,detected,769.8595245158485,486.4240877879297,2.8273515528707525,172.04230839070536,0.00962020313450546,1007.6388435129228,1004.1391578305903,0.007142150783010948,0.02217807154701071,0.4333333333329392,0.06046048638301066,10.950285478152061,0.6823072378021923
1157,16800.0,K_I_693.8764,693.876396,0.00655092165605007,weak_anchor,detected,693.8394405206851,16.454655100270084,1.4959770091073494,10.999270042317422,0.0003309962303996857,34.52690258527082,31.220842298349986,0.06055947934885353,0.04752215735482227,0.3666666666663332,0.10933942048160335,5.7938940425872145,0.47327705347985716
1157,16800.0,K_I_766.4899,766.48991,1.0,strong_resonance,detected,766.4529545206851,565.0553452035018,3.2398001002854238,174.4105585877724,0.011366460621011883,1060.1363707772625,1057.0632838165961,0.013712145949511978,0.013840052952470183,0.46666666666624224,0.08773092510616985,12.547691833457977,0.5646240054722881
1157,16800.0,K_I_769.8964,769.89645,0.4984931955549362,weak_resonance,detected,769.8594945206851,384.4397398040675,1.153376626489459,333.3167423152917,0.007733258698864719,847.3126065326114,845.2853603836619,0.0071721459464697546,0.01620910551499906,0.3999999999996362,0.07185350129243584,4.467008466302629,0.5484768157448482
1158,16900.0,K_I_693.8764,693.876396,0.00655092165605007,weak_anchor,detected,693.8383751677918,19.536165565361213,1.1260591820841308,17.349146364761506,0.00035954531769823823,42.04444986955241,37.059559489441725,0.061624832242159755,-0.024559145451633634,0.26666666666642413,0.1533363424227505,4.361208459059751,0.5140981465173293
1158,16900.0,K_I_766.4899,766.48991,1.0,strong_resonance,detected,766.4518891677918,641.8689666281157,1.7218634930647139,372.775756738802,0.011813013191090793,1309.5975356692861,1299.0465487705123,0.014777498842818204,0.020030924973691498,0.4333333333329392,0.08353687668835129,6.668748633088232,0.5868063108687285
1158,16900.0,K_I_769.8964,769.89645,0.4984931955549362,weak_resonance,detected,769.8584291677918,427.6514705546409,3.2760633179578926,130.538218907568,0.007870535460516005,981.9294712827091,977.6776159462559,0.00823749883977598,0.016050418669194613,0.3666666666663332,0.06651157728026821,12.688138671583472,0.5582130891631053
1159,17000.0,K_I_693.8764,693.876396,0.00655092165605007,weak_anchor,detected,693.8379757564389,22.36041429174647,2.728179478777363,8.196093572907937,0.00044279615426538933,54.235762685083955,47.671588119175325,0.06202424359503311,0.03932694167666431,0.26666666666642413,0.1741409872310446,10.566193686779169,0.6331348817171748
1159,17000.0,K_I_766.4899,766.48991,1.0,strong_resonance,detected,766.4514897564391,574.0100165043992,0.7619370119281768,753.3562584809933,0.011366937325118256,1115.017918941177,1111.3103050702678,0.015176910195577875,0.006170164514582422,0.46666666666624224,0.09383480780471336,2.950969358059554,0.5646476855421831
1159,17000.0,K_I_769.8964,769.89645,0.4984931955549362,weak_resonance,detected,769.858029756439,389.4053501345755,5.838417490838502,66.69707172288048,0.007711269980968225,882.1687079241319,881.017416678726,0.008636910192535652,0.013707473483439633,0.3999999999996362,0.08451717744692318,22.612093710244178,0.546917278886738
1160,17100.0,K_I_693.8764,693.876396,0.00655092165605007,weak_anchor,detected,693.8370202454374,9.436812424125751,0.42377704279800604,22.268342715827156,0.00019030879689203726,27.60151272506755,21.183017364115447,0.09631308792984328,0.11455237441013959,0.33333333333303017,0.11530005124706737,1.6412814292631979,0.27211423687695724
1160,17100.0,K_I_766.4899,766.48991,1.0,strong_resonance,detected,766.4505342454374,565.7167271926802,2.9968756960243095,188.76883280249717,0.011408605458607892,1211.1946192064593,1205.229605301997,0.01613242119719871,0.01151660102614684,0.3999999999996362,0.11755149865994502,11.606849661366468,0.5667175320155858
1160,17100.0,K_I_769.8964,769.89645,0.4984931955549362,weak_resonance,detected,769.8570742454374,388.66936666282476,3.450839293553658,112.6303874506352,0.007838155113615576,906.5177916143084,902.8111459299607,0.009592421194156486,0.013662503467438362,0.3666666666663332,0.07315812939360969,13.36504311438364,0.5559165321420311
1161,17200.0,K_I_693.8764,693.876396,0.00655092165605007,weak_anchor,low_snr,693.8366303598673,16.835102527271705,4.884890971619317,3.4463619812769233,0.00043117782119707934,37.353164595128874,30.203760339330827,0.09670297349998691,0.19404906531012991,0.33333333333303017,0.12121827384784989,18.919101381137786,0.6165223346972962
1161,17200.0,K_I_766.4899,766.48991,1.0,strong_resonance,detected,766.4501443598672,667.2145067208845,3.1583940736813334,211.25119005279745,0.017088585995419996,1364.8816498525066,1354.935852706443,0.01652230676745603,0.015161782674609567,0.3999999999996362,0.09962074969934478,12.23240764813913,0.8488681036518411
1161,17200.0,K_I_769.8964,769.89645,0.4984931955549362,weak_resonance,detected,769.8566843598671,450.90618070996226,2.5889035254332007,174.16878469216508,0.011548533443611042,1046.269792762579,1040.1800858150552,0.009982306764413806,0.02121201925153294,0.3666666666663332,0.07059289507309156,10.026780238949573,0.8190729285449287
1162,17300.0,K_I_693.8764,693.876396,0.00655092165605007,weak_anchor,detected,693.8365983419326,21.93555849703248,1.502202355282123,14.602266079467599,0.000476006358788518,40.332511788721376,36.65448538041462,0.06340165810138387,0.023732622568166297,0.49999999999954525,0.10803292661536014,5.818004704646511,0.6806207026982487
1162,17300.0,K_I_766.4899,766.48991,1.0,strong_resonance,detected,766.4501123419326,763.3106743805548,7.3881938211575,103.31492281573196,0.016564006555176154,1591.9137887217403,1578.911390682918,0.016554324702042322,0.0074838190005613175,0.3999999999996362,0.10085755001881393,28.614351627921558,0.8228098472944174
1162,17300.0,K_I_769.8964,769.89645,0.4984931955549362,weak_resonance,detected,769.8566523419325,513.3560097700188,1.9274716707666695,266.33647464495635,0.011139936327852673,1151.6454152342117,1144.3882637091315,0.010014324699000099,0.02465706542731461,0.3999999999996362,0.07200002128866838,7.465065681172685,0.7900934189099311
1163,17400.0,K_I_693.8764,693.876396,0.00655092165605007,weak_anchor,detected,693.8360563045836,9.422801704012619,1.3746883550698814,6.854500272197051,0.00024701780210670276,35.9706434756547,30.063310437698988,0.06394369545034806,0.08091092935384307,0.23333333333312112,0.2202724747965963,5.324145105415761,0.35319996664905146
1163,17400.0,K_I_766.4899,766.48991,1.0,strong_resonance,detected,766.4495703045836,733.6276439399293,2.410562610238077,304.338763417339,0.019231975145310495,1426.924318720853,1425.3263966474701,0.01709636205100651,0.01715492146529932,0.46666666666624224,0.09062939899244446,9.336068844450844,0.9553400307933331
1163,17400.0,K_I_769.8964,769.89645,0.4984931955549362,weak_resonance,detected,769.8561103045836,520.496460683943,4.695285084086496,110.85513474954624,0.013644762541030045,1135.8421957081755,1133.8795396863075,0.010556362047964285,0.0052712133253654,0.3999999999996362,0.08433919873217183,18.18476093637963,0.9677467419003333
1164,17500.0,K_I_693.8764,693.876396,0.00655092165605007,weak_anchor,low_snr,693.8352698760071,13.396860676489968,6.93139674980625,1.932779374786827,0.0003365661914425958,44.26377742535806,31.697426164519623,0.09806345736012645,0.16609206418358413,0.23333333333312112,0.24609761638669847,26.84518417798024,0.4812412975052434
1164,17500.0,K_I_766.4899,766.48991,1.0,strong_resonance,detected,766.4487838760072,690.9756782637118,1.7999050053436467,383.89563683211566,0.017359220046290223,1390.7473472802376,1380.9078250357368,0.01788279062748188,0.01020471280969189,0.3999999999996362,0.1019160591443678,6.971002110457656,0.8623117328442972
1164,17500.0,K_I_769.8964,769.89645,0.4984931955549362,weak_resonance,detected,769.8553238760071,482.9409695422074,2.4060837514610913,200.71660816002026,0.012132812808575236,1079.8744902889653,1078.142238829703,0.011342790624439658,0.014403342728103796,0.3999999999996362,0.08636743144860068,9.318722298997548,0.8605125981693302
1165,17600.0,K_I_693.8764,693.876396,0.00655092165605007,weak_anchor,detected,693.8332860555595,9.616268056363543,0.7587647897787254,12.673582361627355,0.00026263414511696443,31.01761005739661,24.548836604114346,0.0667139444744862,0.0839797994073711,0.26666666666642413,0.20831312578435696,2.938683394504248,0.3755290934705345
1165,17600.0,K_I_766.4899,766.48991,1.0,strong_resonance,detected,766.4468000555594,398.49211841818584,2.6646891136074555,149.54544467617362,0.010883394290090682,810.5048368300439,807.37777550963,0.019866611075258334,0.014443661956341036,0.3999999999996362,0.11111036407339098,10.320296559831265,0.5406278948299543
1165,17600.0,K_I_769.8964,769.89645,0.4984931955549362,weak_resonance,detected,769.8533400555593,286.2590186990663,1.0372633824460744,275.97524750561456,0.007818146521851511,627.8126497170674,627.2230267430376,-0.020006722261086907,0.019725187608615344,0.3999999999996362,0.09344077767274483,4.017303805848075,0.5544974345629078
1166,17700.0,K_I_693.8764,693.876396,0.00655092165605007,weak_anchor,low_snr,693.8303105808502,13.905463393811754,4.899192954531138,2.8383171520017285,0.0003830376681554587,23.38260697721398,22.969456355590513,0.03635608585045702,-0.1413477352584077,0.3999999999996362,0.09010064020982667,18.974492722773064,0.5476888324000169
1166,17700.0,K_I_766.4899,766.48991,1.0,strong_resonance,detected,766.4438245808502,446.3258623227959,2.313053274570878,192.9596119681243,0.012294420739525944,960.5228043770508,950.2942666121303,0.022842085784418487,0.02425894484874814,0.3999999999996362,0.1077001289720884,8.95841681131169,0.6107200222099333
1166,17700.0,K_I_769.8964,769.89645,0.4984931955549362,weak_resonance,detected,769.8503645808502,287.69693669310624,2.3195036126629667,124.03383858618278,0.00792485375319725,689.8713565625467,689.3133766322843,-0.017031247551926754,0.01759493641261868,0.3999999999996362,0.10261179984602482,8.98339886331978,0.562065582059907
1167,17800.0,K_I_693.8764,693.876396,0.00655092165605007,weak_anchor,detected,693.8300409408412,12.439274766254117,1.2409716986004218,10.02381825490721,0.0003291371007749373,24.162557367857936,23.48904092360189,0.036625725859494196,0.05561926278108343,0.4333333333329392,0.07324981077315461,4.806262721798535,0.470618765227524
1167,17800.0,K_I_766.4899,766.48991,1.0,strong_resonance,detected,766.4435549408412,450.85503470061497,3.531325375182886,127.67303683458094,0.011929402781077911,989.5381186262784,984.9565510450908,0.023111725793455662,0.01691462971164138,0.3999999999996362,0.12461923174995045,13.676764368135414,0.5925879133116491
1167,17800.0,K_I_769.8964,769.89645,0.4984931955549362,weak_resonance,detected,769.8500949408411,306.98574375681665,2.643222889355016,116.14069513136121,0.00812269200399559,714.488154353282,710.6978518582122,-0.01676160754288958,0.019694707325386262,0.3999999999996362,0.0853931210657551,10.237158230795538,0.5760971434049753
1168,17900.0,K_I_693.8764,693.876396,0.00655092165605007,weak_anchor,detected,693.8294334901277,9.204640358509133,1.7133138534428005,5.372419268082707,0.0002062976048258375,24.903573690922713,17.208647555459166,0.13723317657286316,0.16150093201504886,0.33333333333303017,0.12672018303829505,6.635636021216456,0.2949759350250807
1168,17900.0,K_I_766.4899,766.48991,1.0,strong_resonance,detected,766.4429474901278,518.6587639718263,1.525723105041771,339.94291772728087,0.0116243608182262,1107.2303089882153,1098.1172041369407,0.023719176506801887,0.01948454741997713,0.3999999999996362,0.104969881184317,5.909100176756023,0.5774350860028498
1168,17900.0,K_I_769.8964,769.89645,0.4984931955549362,weak_resonance,detected,769.8494874901278,337.1009728740819,7.309928166381913,46.11549733476133,0.007555224384632725,797.6396236327337,789.4351128403214,0.017179176503759663,0.01755053653603439,0.3666666666663332,0.07100882436822456,28.311230050395416,0.5358498369296151
1169,18000.0,K_I_693.8764,693.876396,0.00655092165605007,weak_anchor,detected,693.8292097235849,19.147570578281265,1.5857047195355884,12.075117354692043,0.00039876052346092186,34.28934434677194,32.06405633891301,0.0707902764490882,0.0985417294562701,0.3999999999996362,0.09750679686333613,6.141407970769422,0.5701702565004491
1169,18000.0,K_I_766.4899,766.48991,1.0,strong_resonance,detected,766.442723723585,589.0051565806191,3.7563302726027006,156.8033463075937,0.012266412785843488,1292.576199333933,1278.8370512295567,0.02394294304963296,0.017159429824101756,0.3999999999996362,0.11720316401996454,14.548204588658256,0.6093287392485479
1169,18000.0,K_I_769.8964,769.89645,0.4984931955549362,weak_resonance,detected,769.849263723585,385.4281323342785,1.9536870937673774,197.2824274490349,0.008026789778778205,923.0895045403918,919.6799454751645,0.017402943046590735,0.017611236816628684,0.3999999999996362,0.0893622581881502,7.566597577868302,0.5692953345998724
1170,18100.0,K_I_693.8764,693.876396,0.00655092165605007,weak_anchor,low_snr,693.8289612963267,8.05029273438628,3.9998432245021833,2.012652067229013,0.00015203846956362972,18.224150703774285,18.153100930689266,0.004372037040639043,0.09798616011556716,0.3666666666663332,0.0938708366117666,15.49132619595162,0.2173931672991341
1170,18100.0,K_I_766.4899,766.48991,1.0,strong_resonance,detected,766.4424752963267,393.54606389963743,2.4741941795677014,159.06029815671096,0.007432542297811584,767.5860820407827,764.0318624338026,0.024191370307903526,0.02846369160571566,0.46666666666624224,0.0959702297760357,9.582512852757747,0.3692083176072258
1170,18100.0,K_I_769.8964,769.89645,0.4984931955549362,weak_resonance,detected,769.8490152963267,262.7767331714944,2.133883873887372,123.1448141987149,0.004962822305538195,593.1239063319808,593.1182829665786,0.017651370304861302,0.01661597577379069,0.3999999999996362,0.09377034485604092,8.264496706313876,0.35198524726047214
1171,18200.0,K_I_693.8764,693.876396,0.00655092165605007,weak_anchor,detected,693.8284820331294,11.322364712532307,0.7015983779260521,16.137957368147845,0.00024500233281189726,18.060940438676994,17.791225991375992,0.03818463357129076,-0.00035434633100818886,0.3999999999996362,0.08786994896610271,2.7172788334362084,0.3503181351306899
1171,18200.0,K_I_766.4899,766.48991,1.0,strong_resonance,detected,766.4419960331293,405.9066572821403,2.0243653193160256,200.51057652938078,0.008783331085239486,830.3239899718405,824.5939635824059,0.024670633505365913,0.017703037825818557,0.3999999999996362,0.10381168053629386,7.840333168357957,0.4363081652321498
1171,18200.0,K_I_769.8964,769.89645,0.4984931955549362,weak_resonance,detected,769.8485360331292,278.3502759074673,1.172981233738616,237.30155939518986,0.0060231646539949885,635.3940410644776,634.0403189013165,-0.015202699830979327,0.024264933098178027,0.3999999999996362,0.09419840500010743,4.5429367836876215,0.4271894034289932
1172,18300.0,K_I_693.8764,693.876396,0.00655092165605007,weak_anchor,detected,693.8282253554244,15.025087012311348,1.6113966202995287,9.32426369959648,0.00030112275376286844,33.24339471500707,24.61322572980414,0.10510797794290738,0.0829085151747356,0.26666666666642413,0.18472500538614256,6.240912274560666,0.4305622739707379
1172,18300.0,K_I_766.4899,766.48991,1.0,strong_resonance,detected,766.4417393554243,447.6348249749225,1.174540850765413,381.11473490531415,0.008971198041393088,879.8296785143593,874.1626769387573,0.0249273112103765,0.017378033783424725,0.46666666666624224,0.09491527169063481,4.548977154458872,0.4456403748632857
1172,18300.0,K_I_769.8964,769.89645,0.4984931955549362,weak_resonance,detected,769.8482793554242,302.06137214093445,1.074458902871392,281.1288280395866,0.006053712175506167,693.664565098075,691.4548068470192,0.018387311207334278,0.02698335810524473,0.3999999999996362,0.08647743802152048,4.161361437008978,0.4293559683894811
1173,18400.0,K_I_693.8764,693.876396,0.00655092165605007,weak_anchor,detected,693.8282253554244,9.949995723029545,0.9947593634848145,10.002414742971592,0.00020167494816589602,23.30426547800216,20.15566503527901,0.10510797794290738,0.0028592332694426462,0.3999999999996362,0.11173133168492402,3.852686448264081,0.2883662001630724
1173,18400.0,K_I_766.4899,766.48991,1.0,strong_resonance,detected,766.4417393554243,470.6895790672106,4.566535217881763,103.07367765917397,0.009540335403451233,882.0798405531568,878.8864390405154,0.0249273112103765,0.01903755405206011,0.46666666666624224,0.09055173412350631,17.686114848741813,0.47391202667679405
1173,18400.0,K_I_769.8964,769.89645,0.4984931955549362,weak_resonance,detected,769.8482793554242,308.4250828819637,1.5256127101793562,202.16473081540084,0.006251421039238724,680.8210552788448,677.1372794378251,0.018387311207334278,0.0259361078004101,0.3999999999996362,0.0744005781212994,5.908672619292383,0.4433783530331611
1174,18500.0,K_I_693.8764,693.876396,0.00655092165605007,weak_anchor,detected,693.8258275055279,12.92119303774939,0.4659649646067432,27.72996688421497,0.0002804521776091818,35.2808507318216,25.930721952880074,0.07417249450611507,0.07196994451849958,0.26666666666642413,0.225229604406547,1.8046745478396862,0.40100631992275754
1174,18500.0,K_I_766.4899,766.48991,1.0,strong_resonance,detected,766.4393415055279,429.3776624039842,2.370965817441457,181.09820869004838,0.009319565158273665,811.6357348973852,809.9199986035987,0.02732516110677352,0.020162018658376475,0.46666666666624224,0.0924130921368216,9.18271112538617,0.46294536042267204
1174,18500.0,K_I_769.8964,769.89645,0.4984931955549362,weak_resonance,detected,769.8458815055278,287.7057564865957,1.4801115560393536,194.38112979569635,0.006244601847649272,636.8346546989919,636.3973493466144,-0.012548172229571719,0.019407095059598534,0.3999999999996362,0.09080185396764967,5.732447407074776,0.44289470588846047
1175,18600.0,K_I_693.8764,693.876396,0.00655092165605007,weak_anchor,detected,693.825384573686,13.425204402615702,0.3980434773596111,33.72798492182487,0.00026153226985441315,44.289113812925734,36.64539285450834,0.0746154263479184,0.01597962094879312,0.26666666666642413,0.17165848307615758,1.5416157588816648,0.373953570157375
1175,18600.0,K_I_766.4899,766.48991,1.0,strong_resonance,detected,766.4388985736861,550.0084801348605,3.4255880356204242,160.55885133170892,0.010714545710813903,985.3431098144906,984.999309496864,-0.005565240384726167,0.02391632802428739,0.46666666666624224,0.07304737690108191,13.26724541293735,0.5322404148281917
1175,18600.0,K_I_769.8964,769.89645,0.4984931955549362,weak_resonance,detected,769.845438573686,385.64356226508727,1.3739052344798095,280.69152994464014,0.007512603396509871,829.8063567944534,829.802438376041,0.021228092945534627,0.02013561804753163,0.3999999999996362,0.09029687079085412,5.321112092412338,0.5328269684649982
1176,18700.0,K_I_693.8764,693.876396,0.00655092165605007,weak_anchor,detected,693.825384573686,11.975702177534208,1.231687562372494,9.723003254548125,0.0002944624010798612,35.46812941262738,32.11721817676753,0.0746154263479184,0.04538136980901076,0.33333333333303017,0.14790758192807998,4.770305416803817,0.4210389265623883
1176,18700.0,K_I_766.4899,766.48991,1.0,strong_resonance,detected,766.4388985736861,447.9683928167715,0.7461983009235266,600.3342439433953,0.011014790331390252,743.2347796667528,741.8846691111694,-0.005565240384726167,0.014519538552167562,0.5333333333328483,0.035533133526366015,2.8900135924477173,0.5471549362384839
1176,18700.0,K_I_769.8964,769.89645,0.4984931955549362,weak_resonance,detected,769.845438573686,308.02078516726874,1.8900406404270464,162.9704560731947,0.007573713727868712,635.2462213126348,629.507592472302,0.021228092945534627,0.024325138463357394,0.4333333333329392,0.058129793569360266,7.320095924035809,0.5371611827022292
1177,18800.0,K_I_693.8764,693.876396,0.00655092165605007,weak_anchor,low_snr,693.8239402366257,19.478930328350927,4.669316044787477,4.1716881319472785,0.00047719165644439506,30.124845837161956,22.1374189234325,0.10939309674154174,-0.0896396045764871,0.3666666666663332,0.11956533809995618,18.08418327965743,0.6823155080481244
1177,18800.0,K_I_766.4899,766.48991,1.0,strong_resonance,detected,766.4374542366257,407.15168313943013,0.9623242558139176,423.09198867181016,0.009974335491032918,733.6809420168856,733.0703635248769,-0.004120903324405845,0.01233729235317546,0.49999999999954525,0.0583947021082229,3.727065816422138,0.49547079294504687
1177,18800.0,K_I_769.8964,769.89645,0.4984931955549362,weak_resonance,detected,769.8439942366257,275.2218998748259,4.596708280272597,59.87369288931786,0.006742341190054466,580.4826562090138,577.1791571091546,0.02267243000585495,0.020845048346258038,0.3999999999996362,0.07473446403197948,17.80297461688569,0.4781965754138409
1178,18900.0,K_I_693.8764,693.876396,0.00655092165605007,weak_anchor,detected,693.8245398110531,6.602495054505052,1.274345120029428,5.181088663291294,0.0001659683324889351,20.128672242360835,18.888929983577718,0.042126855647552475,0.0672624696791936,0.33333333333303017,0.1213131879217461,4.935517427199155,0.23731086990470765
1178,18900.0,K_I_766.4899,766.48991,1.0,strong_resonance,detected,766.4380538110531,383.90211559896306,1.9657461714430597,195.29587348357364,0.009650229714516713,648.7945925215158,648.40536429144,-0.004720477751789076,0.01999814261435813,0.5333333333328483,0.05267024783545648,7.6133021848768845,0.4793709789541376
1178,18900.0,K_I_769.8964,769.89645,0.4984931955549362,weak_resonance,detected,769.8445938110531,263.791567516085,2.2479559042283093,117.34730517618443,0.006630985138779322,536.291965179123,535.8947807419061,-0.0112604777548313,0.017105071544766575,0.4333333333329392,0.08145994838877249,8.706295780092795,0.47029871310305627
1179,19000.0,K_I_693.8764,693.876396,0.00655092165605007,weak_anchor,detected,693.8254410697014,16.401411509509956,0.8481979486333227,19.336773374584418,0.00042572471064491167,26.111324496405018,23.967605656761652,0.07455893033261418,0.048024228657607824,0.3999999999996362,0.12543471368874068,3.2850565293471403,0.6087251700851392
1179,19000.0,K_I_766.4899,766.48991,1.0,strong_resonance,detected,766.4389550697013,350.86332925128625,0.848790834524456,413.36842362095143,0.0091072155122018,606.3102351495249,606.2326402874463,-0.005621736399916699,0.02100686379124733,0.5333333333328483,0.057907002766218026,3.2873527665297035,0.4523969837798957
1179,19000.0,K_I_769.8964,769.89645,0.4984931955549362,weak_resonance,detected,769.8454950697012,238.1016374903726,0.9805392884955968,242.82722812227408,0.006180306534342736,480.2933527534469,478.5232262231596,0.021171596930344094,0.013396172590261771,0.4333333333329392,0.07227284786327642,3.7976123346489703,0.43833459868360736
1180,19100.0,K_I_693.8764,693.876396,0.00655092165605007,weak_anchor,detected,693.8245398110531,12.426348160248994,1.5043534401017915,8.260258413347444,0.0002537017634172439,33.52489072042363,26.844941507234896,0.07546018898085549,0.018392108380709104,0.26666666666642413,0.19843922476644735,5.8263358203293745,0.36275707100279725
1180,19100.0,K_I_766.4899,766.48991,1.0,strong_resonance,detected,766.4380538110531,617.7153690266222,2.2889351313164106,269.8701944739527,0.012611547366209272,1220.1976148354943,1220.008763850778,-0.004720477751789076,0.016762299308580773,0.4333333333329392,0.09140805124158492,8.865007644145606,0.6264731499574444
1180,19100.0,K_I_769.8964,769.89645,0.4984931955549362,weak_resonance,detected,769.8445938110531,412.90466932417723,3.3815778929747395,122.10414261992624,0.0084300424694248,946.0586722451321,944.6978900463877,-0.0112604777548313,0.01820230258340362,0.3999999999996362,0.09257659556753829,13.096794863406243,0.5978957940334688
1181,19200.0,K_I_693.8764,693.876396,0.00655092165605007,weak_anchor,detected,693.8241706484434,11.260855187029774,0.8632629636998131,13.044524855749017,0.0002517693057463767,25.275047330350958,21.468134619822646,0.07582935159052795,0.0943452378862234,0.33333333333303017,0.13961961995282995,3.343403081810075,0.35999393417994524
1181,19200.0,K_I_766.4899,766.48991,1.0,strong_resonance,detected,766.4376846484435,445.14275471328517,3.118135190583537,142.7592864021973,0.009952466349205805,845.3848047857264,843.4139151729776,0.0289820181911864,0.026249334856076566,0.46666666666624224,0.09208500922377585,12.076485664364313,0.4943844528022024
1181,19200.0,K_I_769.8964,769.89645,0.4984931955549362,weak_resonance,detected,769.8442246484434,297.26745824786644,1.879174813889615,158.19042275932094,0.00664628221755832,665.1778460673124,663.5431705062215,0.022442018188144175,0.01969749058398932,0.3999999999996362,0.08868260807887533,7.27801275881352,0.4713836494003684
1182,19300.0,K_I_693.8764,693.876396,0.00655092165605007,weak_anchor,detected,693.8233425272081,12.052291382828763,0.5872559800631196,20.523062841409217,0.00023986369032704769,20.307617527249022,18.514740373477327,0.07665747282590019,0.12147258288358688,0.3999999999996362,0.10823919013326587,2.2744326307472456,0.3429706146734952
1182,19300.0,K_I_766.4899,766.48991,1.0,strong_resonance,detected,766.436856527208,457.8179264022448,2.2506668890718053,203.41434293328626,0.009111453900058714,838.3949574467574,838.3081037766472,-0.003523193906630695,0.018364104486227027,0.46666666666624224,0.07444262506469616,8.716795379243484,0.45260752385990016
1182,19300.0,K_I_769.8964,769.89645,0.4984931955549362,weak_resonance,detected,769.8433965272079,318.74885360370666,2.6793393961262946,118.96546367531631,0.006343712899426772,696.3669549716587,693.4845972802234,0.0232701394236301,0.02268061898246237,0.3999999999996362,0.08163877234147417,10.377036860044013,0.44992409882626905
1183,19400.0,K_I_693.8764,693.876396,0.00655092165605007,weak_anchor,detected,693.8231321591159,9.40136106647898,0.9215319369729794,10.201883070227918,0.00019175882685687294,21.03779206200943,18.441551165555452,0.11020117425141507,0.07365632998264127,0.4333333333329392,0.045273988388450884,3.569077844897858,0.27418757139314265
1183,19400.0,K_I_766.4899,766.48991,1.0,strong_resonance,detected,766.4366461591159,417.5423191543565,1.8753567766078127,222.64687144470525,0.008516578048429797,790.4056475302832,786.3068148078975,0.0300205075187705,0.0218072381135281,0.46666666666624224,0.0848260601675508,7.263225564005888,0.4230573237312381
1183,19400.0,K_I_769.8964,769.89645,0.4984931955549362,weak_resonance,detected,769.8431861591158,271.8047189387829,3.1755759941082453,85.59225773310779,0.005543979607772213,630.2391410906366,627.7345881706161,-0.00985282581757474,0.019096005440764438,0.3999999999996362,0.07979136715426674,12.298952939808482,0.3932034864256736
1184,19500.0,K_I_693.8764,693.876396,0.00655092165605007,weak_anchor,detected,693.8230070183133,11.499180442622615,1.3022112891534263,8.830502805806795,0.0002223207163675328,23.739469444599308,22.996409985896882,0.04365964838734726,0.07894416137267803,0.3999999999996362,0.07802537732953048,5.0434426361390985,0.31788668240391205
1184,19500.0,K_I_766.4899,766.48991,1.0,strong_resonance,detected,766.4365210183133,395.78265158299223,3.5910523447407705,110.21355680393538,0.00765190902645793,820.6793041422516,814.3557876585072,0.030145648321308727,0.013344722426475466,0.3999999999996362,0.11363640120062357,13.908085926552747,0.38010526478590045
1184,19500.0,K_I_769.8964,769.89645,0.4984931955549362,weak_resonance,detected,769.8430610183133,261.7771301207526,0.898892869468239,291.22172286850264,0.005061097996285486,609.1449028705019,607.5383762161324,-0.009727685015036514,0.027658206584684323,0.3999999999996362,0.08844267228387802,3.4813971134782533,0.35895539270951976
1185,19600.0,K_I_693.8764,693.876396,0.00655092165605007,weak_anchor,detected,693.8228835297033,10.664130137262662,1.075589309304806,9.9146858796461,0.00022219686537349216,17.471139440924503,16.872360343194984,0.04378313699737646,0.16824844943444964,0.46666666666624224,0.06510060488859713,4.16573948230004,0.31770959327676596
1185,19600.0,K_I_766.4899,766.48991,1.0,strong_resonance,detected,766.4363975297033,360.7120950702488,1.0665698907697903,338.19827297947353,0.007515765073689129,766.2085656763788,760.2152772925562,0.030269136931337925,0.020728756198282256,0.3999999999996362,0.12631620689951276,4.130807424521419,0.37334237293273653
1185,19600.0,K_I_769.8964,769.89645,0.4984931955549362,weak_resonance,detected,769.8429375297032,239.67747273448072,1.1009692011020575,217.69680068667344,0.004993898466800991,559.4356325542633,559.176095774922,0.023729136928295702,0.02515668306077655,0.3999999999996362,0.09691581780094434,4.264035380559431,0.35418930568379814
1186,19700.0,K_I_693.8764,693.876396,0.00655092165605007,weak_anchor,detected,693.8230070183133,7.129260487143235,0.6860507581246704,10.391739099059041,0.0001441849669432639,23.459074443061866,22.179074836896692,0.04365964838734726,0.037523215052571474,0.29999999999972715,0.1135403349970102,2.6570631608722377,0.2061637869065694
1186,19700.0,K_I_766.4899,766.48991,1.0,strong_resonance,detected,766.4365210183133,427.7734037856606,2.0191964770870774,211.8532835411702,0.008651457496225971,818.3253729135222,812.3367452057857,0.030145648321308727,0.03807553528658298,0.46666666666624224,0.09012845934662718,7.82031432848605,0.42975740184788463
1186,19700.0,K_I_769.8964,769.89645,0.4984931955549362,weak_resonance,detected,769.8430610183133,284.67703792973924,0.4415028938240264,644.7908765988868,0.005757420335170463,633.8565774365773,633.3769968995837,-0.009727685015036514,0.03354720567696933,0.3999999999996362,0.09468199954454429,1.7099333550843907,0.40834164422852093
1187,19800.0,K_I_693.8764,693.876396,0.00655092165605007,weak_anchor,detected,693.8231321591159,8.465164947692834,0.5297647534844013,15.9791018409874,0.0001577489175046902,26.779189090304726,19.014168409934687,0.07686784091811205,-0.005608468913392909,0.23333333333312112,0.23259774926758592,2.0517700676546298,0.22555828740437442
1187,19800.0,K_I_766.4899,766.48991,1.0,strong_resonance,detected,766.4366461591159,403.56602045657814,4.889547180286233,82.53648151380624,0.007520479903472154,830.9472188028785,827.3158528609382,0.0300205075187705,0.026460367715829058,0.3999999999996362,0.10418924585297926,18.93713479976124,0.37357658005894523
1187,19800.0,K_I_769.8964,769.89645,0.4984931955549362,weak_resonance,detected,769.8431861591158,267.35782265674203,0.8775240175243408,304.6729403612318,0.004982230986769706,604.3448380712298,602.9130094617516,-0.00985282581757474,0.024285316339782877,0.3999999999996362,0.08500982097497364,3.3986359057718887,0.35336179653862165
1188,19900.0,K_I_693.8764,693.876396,0.00655092165605007,weak_anchor,detected,693.8230070183133,13.125555938426567,1.303802134553064,10.067137942618826,0.0002467400035527506,24.92988306590496,22.34336495941492,0.07699298172065028,0.04840803774794054,0.3999999999996362,0.07872944312714704,5.049603953878291,0.35280275462969796
1188,19900.0,K_I_766.4899,766.48991,1.0,strong_resonance,detected,766.4365210183133,384.12856921263284,2.957521865658585,129.88190338437093,0.007221018673560263,782.3668744452643,775.9229292024397,0.030145648321308727,0.026822433923716336,0.3999999999996362,0.10286822576594923,11.454432931750405,0.35870097324041234
1188,19900.0,K_I_769.8964,769.89645,0.4984931955549362,weak_resonance,detected,769.8430610183133,257.4667668732717,0.6388578675866586,403.0110294264276,0.004839974113937733,574.6037811121004,570.3877716304686,-0.009727685015036514,0.020270428418471886,0.3999999999996362,0.07818841320133177,2.4742858817589624,0.34327231166982314
1189,20000.0,K_I_693.8764,693.876396,0.00655092165605007,weak_anchor,detected,693.8223444439899,9.16328012102728,1.6635421142664306,5.508294645770357,0.00017490018648791788,20.123706613068634,17.773276408849913,0.07765555604407837,0.1464938325367173,0.29999999999972715,0.18074766775271248,6.442870904274422,0.25008213783620753
1189,20000.0,K_I_766.4899,766.48991,1.0,strong_resonance,detected,766.4358584439899,404.8410187320177,2.7071457120100137,149.54533734034933,0.007727229631636594,866.8838636804921,855.1427782392997,0.030808222644736816,0.015413277915234586,0.3999999999996362,0.11800349586117724,10.484730258381138,0.38384678320650345
1189,20000.0,K_I_769.8964,769.89645,0.4984931955549362,weak_resonance,detected,769.8423984439899,277.81922055293103,1.1328407017707482,245.24120656917657,0.005302755437229634,629.4817677668243,628.892903124254,0.024268222641694592,0.026116126712358204,0.3999999999996362,0.09434818359123535,4.387473171868021,0.3760948042915418
1190,20100.0,K_I_693.8764,693.876396,0.00655092165605007,weak_anchor,detected,693.8212490006406,17.39457225299121,0.8563736335432914,20.311896083278793,0.0003657324521994913,30.08159310820264,26.40680572831146,0.11208433272668117,0.018907726085722793,0.46666666666624224,0.06900711074205822,3.316720820847318,0.5229448599155475
1190,20100.0,K_I_766.4899,766.48991,1.0,strong_resonance,detected,766.4347630006406,568.0841554318628,1.7598972050501325,322.79394148800884,0.0119443472480931,1075.5121921393566,1067.9917152146709,0.0319036659940366,0.02430708899465376,0.46666666666624224,0.07819277854660034,6.816052566202341,0.5933302732341535
1190,20100.0,K_I_769.8964,769.89645,0.4984931955549362,weak_resonance,detected,769.8413030006406,386.59636877838716,4.265093379573248,90.64194716812246,0.008128445811044563,877.8629086450546,874.4899313812509,-0.00796966734230864,0.014657771612883121,0.3999999999996362,0.07227909428017484,16.51863562912172,0.5765052287790097
1191,20200.0,K_I_693.8764,693.876396,0.00655092165605007,weak_anchor,low_snr,693.8209996423229,14.927534582473488,3.134807197998508,4.761866883553261,0.0003153423355865316,22.354852009298156,17.6713576189664,0.11233369104434132,-0.0921588330082316,0.3999999999996362,0.09110853991646875,12.1410560714304,0.45089423297550546
1191,20200.0,K_I_766.4899,766.48991,1.0,strong_resonance,detected,766.4345136423228,487.6896705305093,1.2247951720825976,398.18059512862004,0.010302384422346725,964.2650500890791,960.2841514871005,0.03215302431181044,0.026377631854833317,0.46666666666624224,0.1010267732570378,4.743611303995462,0.5117664814416842
1191,20200.0,K_I_769.8964,769.89645,0.4984931955549362,weak_resonance,detected,769.8410536423228,329.6981919156721,0.9624986686720248,342.5440498224918,0.006964833831261983,749.7336704568881,748.5149389466751,-0.007720309024534799,0.03074355015477901,0.3999999999996362,0.08971474276329225,3.727741314516953,0.49397673486901017
1192,20300.0,K_I_693.8764,693.876396,0.00655092165605007,weak_anchor,detected,693.8210757492429,10.323941201748474,1.5400996720298332,6.703424063548849,0.00022199867237224883,24.64099517788418,16.712199739322543,0.11225758412433606,0.12438753186866108,0.33333333333303017,0.12657880951959014,5.964780381276474,0.3174262057604323
1192,20300.0,K_I_766.4899,766.48991,1.0,strong_resonance,detected,766.434589749243,527.1656223504222,1.2256551612817896,430.10925014105317,0.011335793762779633,943.3528123559727,943.2748577817817,-0.0012564159416115217,0.021129358007805785,0.49999999999954525,0.07403630049257846,4.746942027841854,0.5631006425796797
1192,20300.0,K_I_769.8964,769.89645,0.4984931955549362,weak_resonance,detected,769.8411297492429,362.16561360975595,1.0202401624413915,354.9807456541497,0.007787751192018606,785.2397919717898,783.595742687837,-0.007796415944653745,0.02021898659965269,0.3999999999996362,0.08250926025468613,3.951373158271053,0.5523416637075097
1193,20400.0,K_I_693.8764,693.876396,0.00655092165605007,weak_anchor,detected,693.8208841124457,11.619438272635428,0.9453139924378229,12.2916177752438,0.0002505825409647421,30.27519026163759,29.076735983307582,0.04578255425496991,0.05364529127715396,0.29999999999972715,0.14854879978369243,3.661185349651862,0.35829703105102595
1193,20400.0,K_I_766.4899,766.48991,1.0,strong_resonance,detected,766.4343981124457,482.1849276337645,1.5872790843020457,303.78081107632664,0.010398706163440373,889.599260104168,886.6429360281444,0.032268554188931375,0.024726321144518667,0.46666666666624224,0.08376352285475998,6.147505459290772,0.5165512221876138
1193,20400.0,K_I_769.8964,769.89645,0.4984931955549362,weak_resonance,detected,769.8409381124457,342.2513632262204,1.2736802398201088,268.71058569186806,0.007380926188820081,759.1154278602321,756.4640584394007,-0.007604779147413865,0.01239997257160508,0.3999999999996362,0.0712370173680679,4.932942357221236,0.5234878401114529
1194,20500.0,K_I_693.8764,693.876396,0.00655092165605007,weak_anchor,detected,693.820803218878,23.431309281763266,1.802764359679737,12.997433167541576,0.0004486785081662266,44.43260880056641,43.83750556907679,0.04586344782262586,0.07328442289350041,0.4333333333329392,0.07927883520626915,6.982076342182249,0.6415458026462508
1194,20500.0,K_I_766.4899,766.48991,1.0,strong_resonance,detected,766.434317218878,620.0031191184372,7.13078621799024,86.94737160318074,0.011872237748190134,1106.2954449957433,1103.2806535883801,0.032349447756587324,0.01878186347527622,0.49999999999954525,0.07481688188057205,27.617416267666687,0.5897482650765261
1194,20500.0,K_I_769.8964,769.89645,0.4984931955549362,weak_resonance,detected,769.840857218878,421.9170704005807,4.701861838423183,89.73404257707301,0.008079152532228948,898.9373723375029,897.0153537619453,-0.007523885579757916,0.027287486126857982,0.3999999999996362,0.07450422549821117,18.21023259639774,0.5730091320292164
1195,20600.0,K_I_693.8764,693.876396,0.00655092165605007,weak_anchor,detected,693.8205070821788,12.662865114303044,0.6859851768291003,18.459385919730664,0.0002778772679217133,38.60271927787278,34.60496235369442,0.07949291785519108,0.0756839320201345,0.33333333333303017,0.16013826140545234,2.656809165606672,0.39732456902066937
1195,20600.0,K_I_766.4899,766.48991,1.0,strong_resonance,detected,766.4340210821788,501.9962555881498,4.946910418081284,101.47672247173111,0.011015938869332479,1031.6615578813798,1026.0977788509051,0.03264558445584953,0.020008048092263052,0.3999999999996362,0.11770286405393843,19.15930166442621,0.5472119893630228
1195,20600.0,K_I_769.8964,769.89645,0.4984931955549362,weak_resonance,detected,769.8405610821787,338.12653417958865,1.1564273146333297,292.3889205149041,0.0074199382747538066,773.5772967870073,771.1392214575511,-0.00722774888049571,0.027203635235183873,0.3999999999996362,0.07514976394420149,4.478823730678324,0.5262547493151545
1196,20700.0,K_I_693.8764,693.876396,0.00655092165605007,weak_anchor,detected,693.8198295466044,15.689421347071443,1.3758145456709125,11.403732717057833,0.0003409160797571157,42.27271128516679,31.63671319980677,0.08017045342955953,0.027487678653958715,0.29999999999972715,0.1897005155976623,5.3285068228582135,0.48746101282338017
1196,20700.0,K_I_766.4899,766.48991,1.0,strong_resonance,detected,766.4333435466044,551.5380679443426,2.1106414827590347,261.31300481376445,0.011984393292840975,1118.0966588302308,1107.3863200874432,0.03332312003021798,0.025824776424985006,0.3999999999996362,0.10325448049307429,8.174479312547705,0.595319543152273
1196,20700.0,K_I_769.8964,769.89645,0.4984931955549362,weak_resonance,detected,769.8398835466044,354.96509839952404,1.8999834321017595,186.8253651069273,0.007713051177604627,822.7128968944057,822.4527896014207,-0.006550213306127262,0.02057872728334247,0.3999999999996362,0.09513177219267935,7.358604190606817,0.5470436092084551
1197,20800.0,K_I_693.8764,693.876396,0.00655092165605007,weak_anchor,detected,693.8195762668108,14.897383504366502,1.2280091846345988,12.131329057444553,0.000303054528305358,38.8606452058516,31.04229418039618,0.08042373322314234,0.14910865857457545,0.29999999999972715,0.14443014881365496,4.756059121083876,0.4333244340181585
1197,20800.0,K_I_766.4899,766.48991,1.0,strong_resonance,detected,766.4330902668107,559.1516765850591,5.3707720956108576,104.11011054481594,0.011374712045841303,1028.5295710095925,1028.3616484440108,0.00024306649061145436,0.01821112168010433,0.46666666666624224,0.06760019123487324,20.80091088259528,0.5650338914247743
1197,20800.0,K_I_769.8964,769.89645,0.4984931955549362,weak_resonance,detected,769.8396302668107,380.57559189890276,2.3980026849847196,158.7052401074888,0.007741974048909263,822.5364210916068,822.3143005314172,-0.006296933512430769,0.02818157563209025,0.3999999999996362,0.08759963567782147,9.287424463114936,0.5490949468105055
1198,20900.0,K_I_693.8764,693.876396,0.00655092165605007,weak_anchor,detected,693.818939916139,19.342248036405053,0.8346431458584206,23.174272900200695,0.0003958884282987712,33.03393043051893,31.6040152132637,0.04772675056165099,0.0009585751996825685,0.3999999999996362,0.07323567050734356,3.232559003938771,0.5660635730677857
1198,20900.0,K_I_766.4899,766.48991,1.0,strong_resonance,detected,766.4324539161389,573.7435499186093,3.316022876646599,173.02158979639492,0.011743124780342324,1175.5306414762335,1170.2012694872299,0.03421275049572614,0.02517721576176032,0.4333333333329392,0.11229545536164241,12.84290137690677,0.5833346343522985
1198,20900.0,K_I_769.8964,769.89645,0.4984931955549362,weak_resonance,detected,769.8389939161389,381.2323899265603,4.582173961687291,83.19902149375825,0.007802892992611072,861.3497910823307,860.9578672269953,-0.0056605828406190994,0.02935317311258267,0.3999999999996362,0.09520745002464155,17.74668344305628,0.5534155869909527
1199,21000.0,K_I_693.8764,693.876396,0.00655092165605007,weak_anchor,detected,693.8180570842757,15.137868890306928,0.6950353992850912,21.77999696976246,0.0003223599057415065,34.690951334968304,30.542040095776727,0.08194291575830448,0.04801173157973083,0.33333333333303017,0.15693017057047448,2.6918605264582287,0.4609283500454317
1199,21000.0,K_I_766.4899,766.48991,1.0,strong_resonance,detected,766.4315710842757,497.37831201508504,3.7550238770285884,132.45676413878587,0.010591637894401235,1023.9447663935644,1022.0500195735183,0.0017622490256599121,0.018191402915339352,0.4333333333329392,0.09828165757754051,14.543144940356157,0.5261350223123819
1199,21000.0,K_I_769.8964,769.89645,0.4984931955549362,weak_resonance,detected,769.8381110842756,349.5073823100215,0.8267444244083726,422.75142352503053,0.007442736334541925,795.108709548047,793.8925554539525,-0.004777750977382311,0.023182186916681207,0.3999999999996362,0.08268700337499012,3.201967387306376,0.5278716882699555
1200,21100.0,K_I_693.8764,693.876396,0.00655092165605007,weak_anchor,detected,693.8171774296394,18.552883346123377,1.0903937068784484,17.014848149881665,0.000654388161415986,37.574593221252826,35.816302017077724,0.04948923706126607,0.039071676564470144,0.3666666666663332,0.07619721388603744,4.2230766675534435,0.935681051391675
1200,21100.0,K_I_766.4899,766.48991,1.0,strong_resonance,detected,766.4306914296394,505.81415004684584,1.8525251153659856,273.04037383963725,0.01784082751409674,902.1838152311166,900.3674971806713,0.002641903661924516,0.01442852440293892,0.49999999999954525,0.07313926023074532,7.174798920249961,0.8862353750936357
1200,21100.0,K_I_769.8964,769.89645,0.4984931955549362,weak_resonance,detected,769.8372314296394,346.0189206914897,4.134136665951241,83.69798791155173,0.012204608906451218,735.9498491364848,735.5371036079516,-0.003898096341117707,0.019689528812331183,0.3999999999996362,0.0793422840723318,16.011442458189173,0.8656046940993042
1201,21200.0,K_I_693.8764,693.876396,0.00655092165605007,weak_anchor,detected,693.8171002888597,19.76576171398516,0.9231757086567888,21.410617208228043,0.0005595323617559999,40.106217683268824,28.13833485245428,0.08289971117426376,0.01960626598590622,0.26666666666642413,0.2147516440848553,3.5754441452542247,0.8000508863159446
1201,21200.0,K_I_766.4899,766.48991,1.0,strong_resonance,detected,766.4306142888597,547.4094107940808,1.447942095084229,378.0602916736371,0.01549615364695792,988.2050923871539,981.5704366853173,0.036052377774922206,0.017763112972107368,0.46666666666624224,0.08261909559163001,5.607855620538995,0.7697647168534749
1201,21200.0,K_I_769.8964,769.89645,0.4984931955549362,weak_resonance,detected,769.8371542888597,383.4481916721621,2.5288570338592895,151.62905080758233,0.010854713084271743,819.7526242010736,819.2617318770365,-0.003820955561423034,0.02214511422513849,0.3999999999996362,0.0845223792310175,9.794221177085422,0.7698641284507032
1202,21300.0,K_I_693.8764,693.876396,0.00655092165605007,weak_anchor,detected,693.816386282597,13.673380978131453,1.2971808917572056,10.540843659521551,0.00028057769530713447,37.89423340760345,36.72718137286254,0.05028038410364388,0.04157461311652744,0.33333333333303017,0.13757956570388769,5.023959990798712,0.40118579219703354
1202,21300.0,K_I_766.4899,766.48991,1.0,strong_resonance,detected,766.4299002825971,579.4527041990116,5.883983589686113,98.4796601429548,0.011890365999723873,945.2830022913022,944.4284281677941,0.003433050704188645,0.018600390956240026,0.5333333333328483,0.0380384345697586,22.788570452232776,0.5906487781152346
1202,21300.0,K_I_769.8964,769.89645,0.4984931955549362,weak_resonance,detected,769.8364402825971,397.1048577044721,8.008405702485716,49.58600656073348,0.008148589288061685,815.6045076045984,815.0895705161595,0.03022638403444944,0.023398451555048733,0.4333333333329392,0.07954979637269842,31.016421915427895,0.5779338930152136
1203,21400.0,K_I_693.8764,693.876396,0.00655092165605007,weak_anchor,detected,693.8156304476736,12.380259988329422,1.6688074998276112,7.418626767681899,0.0002393662465162275,32.53561002385436,29.56631756878694,0.05103621902708255,0.07861271649840197,0.33333333333303017,0.1316370688891945,6.463263654864253,0.34225934149442455
1203,21400.0,K_I_766.4899,766.48991,1.0,strong_resonance,detected,766.4291444476735,535.7800558047908,4.28406063236745,125.06360245156216,0.010359044239551002,997.5351545278236,993.9877876014854,0.004188885627854688,0.02824322700361138,0.46666666666624224,0.08044654317859719,16.59209548331704,0.5145810333066744
1203,21400.0,K_I_769.8964,769.89645,0.4984931955549362,weak_resonance,detected,769.8356844476734,379.7847447775544,2.230991519812505,170.23137085230692,0.007342951515333531,802.4152781494026,800.8582165747811,0.03098221895811548,0.03434352914783534,0.3999999999996362,0.08404157136231279,8.640593001771665,0.5207945087741849
1204,21500.0,K_I_693.8764,693.876396,0.00655092165605007,weak_anchor,detected,693.8155549330944,10.45514531060402,1.33363622236557,7.839578091287105,0.00020745770618019177,31.546288282354908,19.372925316240504,0.11777840027286857,-0.007033205371335747,0.26666666666642413,0.21720608819346718,5.165150879125521,0.2966347132838657
1204,21500.0,K_I_766.4899,766.48991,1.0,strong_resonance,detected,766.4290689330944,535.4369618335679,4.476824878359473,119.60194476710873,0.010624483984303943,966.5034138953433,960.4324354545786,0.037597733540224,0.019574085195494213,0.46666666666624224,0.08155653559385859,17.33866819778905,0.5277666375938078
1204,21500.0,K_I_769.8964,769.89645,0.4984931955549362,weak_resonance,detected,769.8356089330944,376.34973813659025,1.5853631465786422,237.39024017859074,0.007467773146695956,774.7218634610849,773.4685516513337,0.031057733537181775,0.030336153286463576,0.3999999999996362,0.081552421087166,6.140085064395653,0.5296474094169359
1205,21600.0,K_I_693.8764,693.876396,0.00655092165605007,weak_anchor,detected,693.8152033720628,16.984666872193138,1.4635925301659396,11.60477832601909,0.00047594789103452384,40.76852454474215,33.01348321032217,0.08479662797117271,0.05465270049635717,0.29999999999972715,0.1460964893411349,5.668469494971416,0.6805371022104107
1205,21600.0,K_I_766.4899,766.48991,1.0,strong_resonance,detected,766.4287173720628,596.2354636877322,3.837773938507033,155.3597145744544,0.016707834992440156,928.729281860421,927.4077358619336,0.0046159612385281434,0.017716327890231417,0.5666666666661513,0.03703187040577274,14.863634550360104,0.8299544625846599
1205,21600.0,K_I_769.8964,769.89645,0.4984931955549362,weak_resonance,detected,769.8352573720628,421.4592389085141,6.81203596546242,61.86979062432244,0.011810219030196462,831.6675484505358,831.5538983748692,-0.00192403876451408,0.01775465814679082,0.46666666666624224,0.07550398845872808,26.38290184802591,0.8376328245532912
1206,21700.0,K_I_693.8764,693.876396,0.00655092165605007,weak_anchor,detected,693.8147221002988,18.461526460598527,1.7351037180620135,10.640013198299597,0.000571069424488103,49.401632589466885,43.69587530205173,0.08527789973516064,0.03652029451978454,0.33333333333303017,0.15590687702055292,6.720027804002859,0.8165472284315894
1206,21700.0,K_I_766.4899,766.48991,1.0,strong_resonance,detected,766.4282361002988,699.3375205189592,6.529630245225415,107.10216264241419,0.021632570644580993,1122.0269259595098,1120.7719263153544,0.005097233002516077,0.012506088286169779,0.5666666666661513,0.03807506345859965,25.289149196673282,1.0745885718749095
1206,21700.0,K_I_769.8964,769.89645,0.4984931955549362,weak_resonance,detected,769.8347761002988,480.5098890935943,5.967760079797184,80.5176285019026,0.014863587060970735,956.1019357012901,955.7346056954053,-0.0014427670005261461,0.015134106737307258,0.4333333333329392,0.06450254199811736,23.11303540323696,1.0541911526824208
1207,21800.0,K_I_693.8764,693.876396,0.00655092165605007,weak_anchor,detected,693.8130996968249,17.4796758980464,1.1112736091760027,15.72940790972926,0.0005764713745622686,35.89225231238947,35.34267013251086,0.020233636542457134,0.14112774939479175,0.4333333333329392,0.07759562418589916,4.303944181422382,0.824271240910702
1207,21800.0,K_I_766.4899,766.48991,1.0,strong_resonance,detected,766.4266136968249,690.9588810596595,4.715702905434404,146.52298817709536,0.02278749435937692,1123.9476578971025,1120.8200315494678,0.0067196364764186,0.019896275669917342,0.5333333333328483,0.046336143850461836,18.263838818425988,1.1319589068987737
1207,21800.0,K_I_769.8964,769.89645,0.4984931955549362,weak_resonance,detected,769.8331536968249,489.5010419425079,7.339726065393902,66.69200424937628,0.01614351090627477,986.7566418546203,986.6245829435785,0.00017963647337637667,0.02556453685705113,0.4333333333329392,0.07798151138109749,28.426636817020924,1.1449689971079948
1208,21900.0,K_I_693.8764,693.876396,0.00655092165605007,weak_anchor,detected,693.8129983129535,19.253671798326124,1.2160790514295488,15.832582409583223,0.0005528547526875206,43.99465085680134,40.704811973810344,0.05366835374718448,0.05195813431373565,0.3666666666663332,0.10199115832996959,4.709853913862639,0.7905028647556868
1208,21900.0,K_I_766.4899,766.48991,1.0,strong_resonance,detected,766.4265123129535,638.7650576903692,4.857181658436526,131.50940249082237,0.01834165979839443,1088.3028232791403,1084.4604400462624,0.006821020347842932,0.024061556927124795,0.5333333333328483,0.0553989053047391,18.811783672645895,0.9111140017707255
1208,21900.0,K_I_769.8964,769.89645,0.4984931955549362,weak_resonance,detected,769.8330523129534,455.2550256040339,7.186497097058015,63.348668962853225,0.013072306790435185,907.3454562825309,907.1864310203244,0.0002810203448007087,0.019672350549106724,0.4333333333329392,0.07115372501517174,27.833183574498953,0.9271456551570191
1209,22000.0,K_I_693.8764,693.876396,0.00655092165605007,weak_anchor,detected,693.8121033927754,24.037146332847005,1.2979097384138836,18.519890575920716,0.0006312899650329477,52.036111138566184,47.16062962070298,0.08789660725858539,0.015482039671413471,0.3666666666663332,0.11979302612395984,5.026782801761967,0.9026539492048524
1209,22000.0,K_I_766.4899,766.48991,1.0,strong_resonance,detected,766.4256173927754,729.6536058419325,2.6716833303721303,273.10632122718727,0.019162965226395105,1197.9230470738821,1197.604690349794,0.007715940525940823,0.019933036270831275,0.5333333333328483,0.04735121685792143,10.347385044880639,0.9519119929779999
1209,22000.0,K_I_769.8964,769.89645,0.4984931955549362,weak_resonance,detected,769.8321573927753,522.0786793915927,5.074357768076847,102.88566617750675,0.013711404286256206,1057.213832696113,1056.3646689978332,0.0011759405228985997,0.026132416062124533,0.4333333333329392,0.07598959925862635,19.65290312847774,0.9724732684062538
1210,22100.0,K_I_693.8764,693.876396,0.00655092165605007,weak_anchor,detected,693.8120771244788,17.509013009561222,1.054739067624804,16.600326608732008,0.00040818598712781057,26.64712171110159,25.438039523214474,0.05458954222183365,0.1477508063531215,0.46666666666624224,0.06116707432547397,4.084986843508919,0.5836473153375239
1210,22100.0,K_I_766.4899,766.48991,1.0,strong_resonance,detected,766.4255911244788,521.4257716488322,6.444259146568136,80.91322210816357,0.012155950378135718,1006.9629166297764,998.2776725942639,0.04107554215579512,0.01530637557667688,0.4333333333329392,0.0983442525846603,24.95850835332591,0.6038415670166943
1210,22100.0,K_I_769.8964,769.89645,0.4984931955549362,weak_resonance,detected,769.8321311244788,340.7900072094678,2.1238949890957977,160.4552056288582,0.007944805650674212,755.676280893652,755.1056102668506,0.0012022088194498792,0.02413133025468692,0.3999999999996362,0.0771270260443387,8.225809921868889,0.5634806586301293
1211,22200.0,K_I_693.8764,693.876396,0.00655092165605007,weak_anchor,detected,693.8115284872497,13.710676549003312,1.7108891018816759,8.013772800308324,0.00028933468138415107,38.17605158798165,30.14591906743742,0.088471512784281,0.047478991993435124,0.29999999999972715,0.13076118099756026,6.626244998801521,0.4137070241243277
1211,22200.0,K_I_766.4899,766.48991,1.0,strong_resonance,detected,766.4250424872497,502.59330720856497,8.801403145492069,57.10377071705718,0.010606163298161091,937.5882023762479,930.5647194756476,0.008290846051636436,0.017204864621606884,0.46666666666624224,0.08466121235505117,34.08768780577935,0.5268565654492868
1211,22200.0,K_I_769.8964,769.89645,0.4984931955549362,weak_resonance,detected,769.8315824872496,342.5181254860594,1.8999829602943168,180.2743143722729,0.00722811688771185,732.6965912102396,731.0079257813328,0.03508417938189723,0.02470757653912799,0.3999999999996362,0.08781495061886001,7.358602363304449,0.5126499304860653
1212,22300.0,K_I_693.8764,693.876396,0.00655092165605007,weak_anchor,detected,693.8111203155831,15.884196241691871,0.5913665441012677,26.860153656192978,0.0003420813273020992,33.25049580516918,29.996555411202998,0.08887968445083061,0.10811947544047591,0.3999999999996362,0.12271947854910899,2.2903527768105265,0.4891271493953843
1212,22300.0,K_I_766.4899,766.48991,1.0,strong_resonance,detected,766.4246343155833,412.9498981631023,0.9090858124258289,454.24743464115426,0.008893270211691522,850.7163477885015,836.231911999347,0.04203235105137537,0.02624430151377977,0.3999999999996362,0.12466468896371218,3.520874211801877,0.44176934369439896
1212,22300.0,K_I_769.8964,769.89645,0.4984931955549362,weak_resonance,detected,769.8311743155832,281.92717909923823,2.9532020970620603,95.46491226581087,0.006071570897346943,640.6504069627113,640.290757837451,0.0021590177150301315,0.02643731347500094,0.3999999999996362,0.08195466146294912,11.43770253991658,0.43062258771128653
1213,22400.0,K_I_693.8764,693.876396,0.00655092165605007,weak_anchor,low_snr,693.8096354641832,11.362381266342002,2.5631797453859924,4.432924100151598,0.0002726944241269638,28.01429352974901,21.78578288639689,0.09036453585076742,0.030314673315088265,0.26666666666642413,0.1527477674165659,9.927152467225143,0.3899138470409554
1213,22400.0,K_I_766.4899,766.48991,1.0,strong_resonance,detected,766.4231494641832,418.14337860312384,4.1204817812672,101.47924461263588,0.010035340758054944,798.6074218975882,792.8032700132862,0.010183869118122857,0.019036491635516156,0.4333333333329392,0.07287090532524602,15.958557317213453,0.4985012031465486
1213,22400.0,K_I_769.8964,769.89645,0.4984931955549362,weak_resonance,detected,769.8296894641832,303.2193246528515,3.1393421881411627,96.58689829935068,0.00727719103787794,650.79087148503,649.1186476298371,0.0036438691150806335,0.02759054788142144,0.3999999999996362,0.08042384248329908,12.158620012728132,0.516130485665531
1214,22500.0,K_I_693.8764,693.876396,0.00655092165605007,weak_anchor,detected,693.8092660466748,13.509331467108654,2.273252802642067,5.942731688885441,0.00030698277770774756,25.783883489123582,25.364000453231988,0.024067286692570633,0.16186682531790797,0.3666666666663332,0.08070526668744239,8.804270246360069,0.4389412662710575
1214,22500.0,K_I_766.4899,766.48991,1.0,strong_resonance,detected,766.4227800466747,420.15790830250927,1.142952005037799,367.60765670874696,0.009547566589850408,770.345465376118,765.0482118643213,0.010553286626645786,0.023484075113142905,0.49999999999954525,0.06787547793640186,4.426634081029797,0.474271232727398
1214,22500.0,K_I_769.8964,769.89645,0.4984931955549362,weak_resonance,detected,769.8293200466746,285.0104635260247,1.448200364727172,196.8031982782425,0.006476508773362533,606.4587087223499,604.5571748975946,0.0040132866236035625,0.031833990744186115,0.3999999999996362,0.08370210215557285,5.608855894564945,0.4593425679240418
1215,22600.0,K_I_693.8764,693.876396,0.00655092165605007,weak_anchor,detected,693.8084517891223,14.31440873365267,1.1020026913453602,12.989449886167865,0.0003354807916591707,28.192396392439605,24.550971188454476,0.09154821091169651,-0.015807639645642614,0.4333333333329392,0.15040657291903006,4.2680380710602135,0.4796893317601145
1215,22600.0,K_I_766.4899,766.48991,1.0,strong_resonance,detected,766.4219657891223,415.5849486046314,2.98658121212494,139.15072756683702,0.009739890075357721,750.1094653800155,742.5679391078022,0.044700877512354964,0.01971613303439721,0.49999999999954525,0.07917220722031242,11.566979296666373,0.48382481852285586
1215,22600.0,K_I_769.8964,769.89645,0.4984931955549362,weak_resonance,detected,769.8285057891222,289.05969221127,5.082583003415004,56.87259647644708,0.006774570726893573,610.3532069070416,609.0635682294035,0.004827544176009724,0.016920687266786732,0.3999999999996362,0.062235036977166744,19.684759327961086,0.48048243632019333
1216,22700.0,K_I_693.8764,693.876396,0.00655092165605007,weak_anchor,detected,693.8072113760404,10.04890392886072,0.6607056596795642,15.2093504598316,0.0002581689639451915,18.81949473761381,17.718706166169092,0.05945529066025301,0.09951696104454621,0.4333333333329392,0.08735995614712778,2.5589020166862646,0.3691445259312649
1216,22700.0,K_I_766.4899,766.48991,1.0,strong_resonance,detected,766.4207253760403,342.39380817382715,2.9807853992213618,114.86697709377769,0.008796526998692017,675.0494357325215,661.6042166281593,0.045941290594328166,0.022554317846734145,0.4333333333329392,0.11464539142858832,11.544532209813061,0.43696366651419893
1216,22700.0,K_I_769.8964,769.89645,0.4984931955549362,weak_resonance,detected,769.8272653760403,234.54564420690002,2.2577742454227585,103.88356793527971,0.006025772202761812,516.11532492898,514.7716381940651,0.0060679572579829255,0.028952086696790058,0.3999999999996362,0.06460981736333596,8.744322052026314,0.4273743422885631
1217,22800.0,K_I_693.8764,693.876396,0.00655092165605007,weak_anchor,detected,693.8068153527524,12.98965010848142,1.2679647666574225,10.24448821454591,0.00033744470085940095,41.43475098283034,32.201525931913096,0.0931846472815323,0.05637228280958564,0.26666666666642413,0.17290910315119892,4.910806424846437,0.48249743975114695
1217,22800.0,K_I_766.4899,766.48991,1.0,strong_resonance,detected,766.4203293527523,507.32867162520455,6.660737406189024,76.16704287933719,0.013179367450566252,985.7268655049411,973.0315377233703,0.013003980549001426,0.016032960442330425,0.4333333333329392,0.09303594935093891,25.796925047654337,0.6546793665720152
1217,22800.0,K_I_769.8964,769.89645,0.4984931955549362,weak_resonance,detected,769.8268693527523,349.913295476907,1.0316148842200323,339.1898477128547,0.009090036015815057,780.6384662691119,774.4115506115053,-0.026869352787343814,0.03041588444434061,0.3999999999996362,0.1188347781637762,3.995427266287512,0.6447054473545739
1218,22900.0,K_I_693.8764,693.876396,0.00655092165605007,weak_anchor,detected,693.8058984769622,13.825194967324487,0.6241760971522562,22.149510419256067,0.0003537302194992147,30.66861086254511,23.680408771986265,0.09410152307179942,0.05184032896514882,0.33333333333303017,0.13116213708461882,2.4174236293736295,0.505783391578862
1218,22900.0,K_I_766.4899,766.48991,1.0,strong_resonance,detected,766.4194124769622,383.35446532533115,2.6779812181966682,143.15054292407586,0.009808473550357183,705.6223154475938,695.4280714061973,0.04725418967245787,0.024415212643165388,0.46666666666624224,0.09065939596116906,10.37177665954138,0.4872316729214732
1218,22900.0,K_I_769.8964,769.89645,0.4984931955549362,weak_resonance,detected,769.8259524769621,269.21624424505956,5.3388168048048525,50.42620005293478,0.0068881430890944196,557.2449989016413,553.2859559429745,0.040714189669415646,0.02594023997202706,0.3999999999996362,0.08964577258886919,20.677148573480295,0.48853748917723605
1219,23000.0,K_I_693.8764,693.876396,0.00655092165605007,weak_anchor,detected,693.805134326498,12.81909831632919,0.9460229621851965,13.550514975575911,0.0003569797629866894,24.42977040232745,22.840179813828705,0.06153234020268883,0.13831837466001232,0.4333333333329392,0.07268781120797628,3.663931177676407,0.5104297718867271
1219,23000.0,K_I_766.4899,766.48991,1.0,strong_resonance,detected,766.418648326498,372.7100128488349,2.2124617052661866,168.4594187378232,0.010379039833095103,691.4100995309732,681.8006612035666,0.014685006803347278,0.02767571205689581,0.4333333333329392,0.08901303848832635,8.568827338625395,0.5155743057504988
1219,23000.0,K_I_769.8964,769.89645,0.4984931955549362,weak_resonance,detected,769.8251883264979,260.7507779854543,1.8202161903902936,143.25264183566225,0.007261255716033624,550.2411886634184,548.1829819264035,0.008145006800305055,0.038946224211553436,0.3999999999996362,0.06504947649818489,7.049666991885127,0.5150002823549495
1220,23100.0,K_I_693.8764,693.876396,0.00655092165605007,weak_anchor,detected,693.8037510113064,15.751958635393589,0.7130438695909704,22.091149376867264,0.00039520269789002186,23.589289258794565,23.417372905900116,-0.03708434460565968,0.03358698190096851,0.49999999999954525,0.09298883746479078,2.7616070320436332,0.565083077105815
1220,23100.0,K_I_766.4899,766.48991,1.0,strong_resonance,detected,766.4172650113064,441.60033006628134,2.6170839364575795,168.7375494207575,0.011079361358858585,841.0630258141209,831.6969495507846,0.01606832199490782,0.030263099775285462,0.4333333333329392,0.0720992614574134,10.135922501536374,0.5503624740448645
1220,23100.0,K_I_769.8964,769.89645,0.4984931955549362,weak_resonance,detected,769.8238050113064,302.92748786580984,0.7828481570808417,386.9556121782218,0.007600182506867253,666.6648889577323,666.0063409734391,0.009528321991865596,0.03554481260097161,0.3999999999996362,0.08692215721140252,3.031957874986025,0.5390384652537499
1221,23200.0,K_I_693.8764,693.876396,0.00655092165605007,weak_anchor,detected,693.8020899816293,16.359180543179278,1.9591502153237013,8.350141002575613,0.000439986236904054,34.43112616859685,28.335289147593944,0.09791001840471836,0.039285220508966295,0.33333333333303017,0.15420113995386026,7.587756156674271,0.6291171036062615
1221,23200.0,K_I_766.4899,766.48991,1.0,strong_resonance,detected,766.4156039816291,528.4257356638877,0.9516533266040639,555.2712536082372,0.014212206430776746,1024.3445636100387,1006.945485094099,0.017729351672187477,0.028270839426054923,0.4333333333329392,0.09031399523758034,3.6857374853037794,0.705985195313139
1221,23200.0,K_I_769.8964,769.89645,0.4984931955549362,weak_resonance,detected,769.8221439816291,367.9031075482782,1.08316406347042,339.6559394423864,0.009894890725621625,810.8794164302544,810.259737199281,-0.022143981664157764,0.03421216891626036,0.3999999999996362,0.09738686284368009,4.195076379035105,0.7017892933193749
1222,23300.0,K_I_693.8764,693.876396,0.00655092165605007,weak_anchor,low_snr,693.8020500459236,16.50733850817578,4.4990440678724735,3.669076865917839,0.00046135833287523214,30.999856511302823,27.64498212626204,0.09794995411039054,0.09531878180877397,0.49999999999954525,0.056111790815094285,17.424722748739207,0.6596761302021653
1222,23300.0,K_I_766.4899,766.48991,1.0,strong_resonance,detected,766.4155640459236,582.7691416417281,2.5941083579549544,224.6510404450297,0.016287628651087127,1177.8380691264574,1160.4747938335868,0.017769287377745968,0.017613670708522256,0.4333333333329392,0.08386198640904538,10.046938468626145,0.8090808946825278
1222,23300.0,K_I_769.8964,769.89645,0.4984931955549362,weak_resonance,detected,769.8221040459235,387.7585781024138,2.272119829672891,170.65938734324504,0.010837340681103523,881.4666686656149,878.5918804157121,0.011229287374703745,0.031143143494338124,0.3999999999996362,0.07657427982017403,8.799882260918743,0.7686320009941447
1223,23400.0,K_I_693.8764,693.876396,0.00655092165605007,weak_anchor,low_snr,693.8017102947554,15.318137672087095,5.4150058471668885,2.8288312338760426,0.0004436262248371311,29.39179854435497,28.83458642499143,0.03162303861199689,-0.03763668188241617,0.3999999999996362,0.07142608253332289,20.972227465712216,0.6343217633741045
1223,23400.0,K_I_766.4899,766.48991,1.0,strong_resonance,detected,766.4152242947554,475.4618729444637,2.3676856751358035,200.81291952623425,0.013769778041145212,931.8088704675692,919.2704803263446,0.018109038545958356,0.027109238257973626,0.4333333333329392,0.07641517378849441,9.17000718886317,0.6840077567931283
1223,23400.0,K_I_769.8964,769.89645,0.4984931955549362,weak_resonance,detected,769.8217642947553,337.7406622697799,1.7573170955246973,192.19107532151887,0.009781255279469003,770.3922510877125,768.0272549535603,0.011569038542916132,0.02921837061068236,0.3999999999996362,0.08009247955351412,6.806059844978931,0.6937297662702299
1224,23500.0,K_I_693.8764,693.876396,0.00655092165605007,weak_anchor,low_snr,693.8013367852658,17.933032625657415,4.1106135756647495,4.362616990276778,0.0004377688936210626,38.16386171625618,36.282085886384344,0.06532988143487728,0.1523323694427701,0.3666666666663332,0.09748381519446421,15.920337921258174,0.6259466212891054
1224,23500.0,K_I_766.4899,766.48991,1.0,strong_resonance,detected,766.4148507852658,694.2487769438558,7.480130730841066,92.81238549500517,0.01694752501290038,1263.3680268794105,1248.4189323855117,0.01848254803553573,0.02981978617102444,0.49999999999954525,0.06609807483183229,28.970421748028112,0.8418609604766957
1224,23500.0,K_I_769.8964,769.89645,0.4984931955549362,weak_resonance,detected,769.8213907852657,498.95176745896606,4.456511841017664,111.96015746365171,0.012180068355994413,1032.7463532837992,1026.0484369628234,0.011942548032493505,0.03007050703995947,0.3999999999996362,0.06768239785975251,17.259996142453264,0.8638641700207356
1225,23600.0,K_I_693.8764,693.876396,0.00655092165605007,weak_anchor,detected,693.8011733877504,12.97635194768813,0.6857396333166668,18.923147091449792,0.000264283625354374,22.962864799437767,22.584144787117566,0.03215994561696789,0.08323561583991634,0.49999999999954525,0.054684065860319604,2.6558581796722467,0.3778876132204174
1225,23600.0,K_I_766.4899,766.48991,1.0,strong_resonance,detected,766.4146873877504,352.96721389742726,0.9701787490727543,363.8166824770948,0.007188727255248673,703.9383313767985,692.6709014218693,0.018645945550929355,0.017300220082079064,0.4333333333329392,0.08524482268981791,3.7574861380065387,0.35709691102989743
1225,23600.0,K_I_769.8964,769.89645,0.4984931955549362,weak_resonance,detected,769.8212273877504,246.95730891952698,3.6759238519387556,67.18237887035575,0.005029670370542055,548.7210895519206,547.9667372008046,0.012105945547887131,0.035593456866006255,0.3999999999996362,0.08613324362203806,14.236791860498368,0.3567264068750347
1226,23700.0,K_I_693.8764,693.876396,0.00655092165605007,weak_anchor,detected,693.8001306290003,10.978558423320681,0.7946403335958158,13.815757845617728,0.00024200363945428444,24.553592968523617,24.260137606371206,-0.03346396229949278,0.03604564214619369,0.3666666666663332,0.1454001019262211,3.0776287782440996,0.34603043446755277
1226,23700.0,K_I_766.4899,766.48991,1.0,strong_resonance,detected,766.4136446290003,446.2155906991141,4.602849559898123,96.94333583846054,0.009836063421682511,844.1882087698214,829.7830164948793,0.019688704301074722,0.029535330750825033,0.4333333333329392,0.08376713076178925,17.826759690599783,0.4886021878229522
1226,23700.0,K_I_769.8964,769.89645,0.4984931955549362,weak_resonance,detected,769.8201846290002,298.57038975252,3.973375051593416,75.14276550178324,0.006581476198178216,655.2294751747518,653.7880190627819,-0.020184629035270518,0.026044621290042435,0.4333333333329392,0.09934254121869866,15.388815403071332,0.46678732066822387
1227,23800.0,K_I_693.8764,693.876396,0.00655092165605007,weak_anchor,detected,693.799993164408,9.67029063112642,1.0457123013694525,9.247563233656448,0.0002198379316448598,26.069653123428225,21.727843803071373,0.06667350229270141,0.01719684353296232,0.29999999999972715,0.16652023943735056,4.050026328131804,0.3143366569653969
1227,23800.0,K_I_766.4899,766.48991,1.0,strong_resonance,detected,766.413507164408,459.96105489202944,4.9601749182830615,92.73081342285457,0.010456447567271638,836.5964542757265,825.8257680300861,0.019826168893359863,0.02557332812079941,0.49999999999954525,0.06742563737900167,19.210674852803503,0.5194195013995732
1227,23800.0,K_I_769.8964,769.89645,0.4984931955549362,weak_resonance,detected,769.8200471644079,317.7137462295164,4.840079790237065,65.64225384680175,0.007222692211692191,674.8947167706174,674.5982837733217,-0.020047164442985377,0.033953151787735183,0.3999999999996362,0.09211801569967683,18.74554842192029,0.5122651885363169
1228,23900.0,K_I_693.8764,693.876396,0.00655092165605007,weak_anchor,detected,693.7999551525132,10.107669671547015,0.6906147975059975,14.63575600761615,0.00027286550900359634,33.59268788512691,26.257258966138867,0.10004484752073495,0.04747961088393502,0.26666666666642413,0.2018228407760849,2.6747396093875686,0.3901584738338643
1228,23900.0,K_I_766.4899,766.48991,1.0,strong_resonance,detected,766.4134691525132,499.11820103282616,2.242618324850218,222.5604756289333,0.01347413859014021,984.0588655759939,969.35978151629,0.01986418078809038,0.02683619840229221,0.4333333333329392,0.07792897077701672,8.685623424052368,0.669321995185553
1228,23900.0,K_I_769.8964,769.89645,0.4984931955549362,weak_resonance,detected,769.8200091525132,337.1156712369989,2.991907981676508,112.67581533309624,0.009100736590563091,744.1697505394159,743.2319731369682,0.013324180785048156,0.03231604944567554,0.3999999999996362,0.08675755451170537,11.5876097864287,0.645464379312366
1229,24000.0,K_I_693.8764,693.876396,0.00655092165605007,weak_anchor,detected,693.7998330067765,17.56351440276918,0.7830623712119902,22.42926623531294,0.00041861892422235674,40.21269871899358,22.288826391983985,0.10016699325751688,0.037439388706331456,0.23333333333312112,0.2497425510534712,3.032787522748486,0.5985649164270745
1229,24000.0,K_I_766.4899,766.48991,1.0,strong_resonance,detected,766.4133470067765,508.02936468078747,4.153816495365713,122.30423882412245,0.012108664657826541,961.6109470135607,948.8835480063933,0.01998632652487231,0.022284836966339695,0.46666666666624224,0.0697030065700743,16.087662109767695,0.6014926693525213
1229,24000.0,K_I_769.8964,769.89645,0.4984931955549362,weak_resonance,detected,769.8198870067764,359.88737974065316,1.8738260264429472,192.06018843906304,0.008577763213749616,781.3884863148936,775.35252729494,0.013446326521830088,0.03506173082379883,0.3999999999996362,0.07207555423950263,7.2572969941101535,0.608372800767852
1230,24100.0,K_I_693.8764,693.876396,0.00655092165605007,weak_anchor,detected,693.7994219317955,10.611157672038212,1.7273814079496521,6.142915295489561,0.00026083878602221856,21.42687560332911,17.13301146530601,0.10057806823851934,0.19200963489166045,0.29999999999972715,0.19805324801508814,6.690119425543408,0.3729619879138532
1230,24100.0,K_I_766.4899,766.48991,1.0,strong_resonance,detected,766.4129359317956,371.8038544651481,1.1694068223274254,317.94226557115616,0.009139517952186134,732.453036131627,722.5077420524123,0.02039740150576108,0.03159149118380812,0.4333333333329392,0.07172774683357093,4.529093147819573,0.4540015934872277
1230,24100.0,K_I_769.8964,769.89645,0.4984931955549362,weak_resonance,detected,769.8194759317955,258.0498770866521,1.3946537083476742,185.0279216568954,0.0063432679781805675,572.1275156146279,566.0290469476847,0.013857401502718858,0.03857879279083205,0.3999999999996362,0.08464520048465493,5.40147058616187,0.44989254304908916
1231,24200.0,K_I_693.8764,693.876396,0.00655092165605007,weak_anchor,detected,693.7991721191538,9.910853294197237,1.2776392174357127,7.757161144512162,0.0001990074081137437,19.293891482985856,17.255583634381857,0.10082788088016059,-0.021651281421287357,0.5666666666661513,0.10395898343144575,4.9482754115944925,0.28455200114818424
1231,24200.0,K_I_766.4899,766.48991,1.0,strong_resonance,detected,766.4126861191539,424.07876383425463,2.6448115517352075,160.34365985585063,0.008515393490502805,898.7202865797581,879.1785374256915,0.020647214147402337,0.020051673214331232,0.3999999999996362,0.10085555246834148,10.243311093736772,0.42299848132956597
1231,24200.0,K_I_769.8964,769.89645,0.4984931955549362,weak_resonance,detected,769.8192261191539,283.39488247606965,1.7992199051665274,157.50986394842045,0.005690497009705736,666.7116426026778,665.723919192289,0.014107214144360114,0.035964634876261004,0.3666666666663332,0.095287189281983,6.968348728881186,0.40359514681012504
1232,24300.0,K_I_693.8764,693.876396,0.00655092165605007,weak_anchor,detected,693.7994112404773,15.064679728533443,0.7433552507700335,20.265787741363376,0.0003685143123708283,34.4241660690148,33.4467766249257,0.03392209289006587,0.08188387591775612,0.3999999999996362,0.08711247369200352,2.8790025065507963,0.5269225202758892
1232,24300.0,K_I_766.4899,766.48991,1.0,strong_resonance,detected,766.4129252404773,464.02679194671254,3.967927873734199,116.94436156925882,0.01135108858849475,929.3955264142369,911.0712726976293,0.020408092824027335,0.024307140341561617,0.4333333333329392,0.09240690890269501,15.367718573938737,0.5638604064187683
1232,24300.0,K_I_769.8964,769.89645,0.4984931955549362,weak_resonance,detected,769.8194652404773,334.4652103720726,2.319006607894659,144.22779531263228,0.008181734974343708,733.1188553207176,728.6465806744844,0.013868092820985112,0.04033313956624835,0.3999999999996362,0.06535775541477913,8.981473972129136,0.5802847312808869
1233,24400.0,K_I_693.8764,693.876396,0.00655092165605007,weak_anchor,detected,693.7965840401795,12.897371296921127,0.8897898054593462,14.4948517254173,0.00024056633494315408,31.68995615613062,31.473672817259697,0.03674929318788145,0.06278855469852533,0.3999999999996362,0.07370338575621713,3.446141098172319,0.34397529552183226
1233,24400.0,K_I_766.4899,766.48991,1.0,strong_resonance,detected,766.4100980401795,497.57412916774746,4.27194253883927,116.4749115054678,0.009280928792442482,1065.4541527315887,1035.0283467998267,0.023235293121842915,0.02417912440472388,0.3999999999996362,0.11293571462254336,16.54516230889457,0.4610261156938276
1233,24400.0,K_I_769.8964,769.89645,0.4984931955549362,weak_resonance,detected,769.8166380401794,330.0638707316886,0.74252398217323,444.5161081069097,0.006156468155493693,717.2635959764913,714.4975330563992,0.01669529311880069,0.036180966883685266,0.3999999999996362,0.07973053858258196,2.875783017119148,0.4366438757125056
1234,24500.0,K_I_693.8764,693.876396,0.00655092165605007,weak_anchor,detected,693.7963555901822,20.329155340237065,1.0878352244998069,18.687715641479187,0.0004641330575957662,33.19729697693219,28.11287556345271,0.1036444098517677,0.10539621697512004,0.3666666666663332,0.14170986592051157,4.21316770790939,0.663643587893047
1234,24500.0,K_I_766.4899,766.48991,1.0,strong_resonance,detected,766.4098695901822,474.0412586221074,5.768123662964459,82.1829222673911,0.010822791951190746,917.0479247817366,885.371653783804,0.056797076452426154,0.027453997373233924,0.4333333333329392,0.11699627339057234,22.339846885546592,0.5376174999083007
1234,24500.0,K_I_769.8964,769.89645,0.4984931955549362,weak_resonance,detected,769.8164095901822,334.7706204550365,1.8129015675193374,184.66011969591707,0.007643116945320952,736.283130419702,727.3331949933502,0.016923743116080914,0.03555896649166129,0.3999999999996362,0.0809665867214701,7.0213375793221005,0.542083564998355
1235,24600.0,K_I_693.8764,693.876396,0.00655092165605007,weak_anchor,low_snr,693.7954909390878,11.32630203852528,3.5061773596664194,3.2303847970779422,0.00021104189714110256,22.734480378033368,20.351705438228812,0.10450906094615675,-0.012734590954800902,0.4333333333329392,0.0937895840829052,13.579366522849885,0.30175959139815917
1235,24600.0,K_I_766.4899,766.48991,1.0,strong_resonance,detected,766.4090049390879,402.78849706613386,2.9308708987555403,137.4296279092878,0.007505119347719448,802.5188022131292,777.7969800082606,0.05766172754670151,0.03100473342471233,0.4333333333329392,0.11063506486020264,11.351214180774495,0.3728135511087247
1235,24600.0,K_I_769.8964,769.89645,0.4984931955549362,weak_resonance,detected,769.8155449390879,281.344408574838,0.6756576943625153,416.4008060920362,0.005242263320695106,619.4354298213589,616.0313826555605,0.017788394210356273,0.03678946729945786,0.3999999999996362,0.07339438707539932,2.616810998005303,0.3718044365763903
1236,24700.0,K_I_693.8764,693.876396,0.00655092165605007,weak_anchor,low_snr,693.7948657755684,8.764255623506537,2.1174297260066317,4.139101060055245,0.00022505576272340916,17.256791999645884,14.978398492548413,0.10513422446558707,-0.06700484720532505,0.3999999999996362,0.10912854902818517,8.200770065595677,0.32179740573413523
1236,24700.0,K_I_766.4899,766.48991,1.0,strong_resonance,detected,766.4083797755684,336.8759217819828,3.906348709062765,86.23805678188114,0.008650576931650712,651.0628051283329,638.1099495774569,0.0249535577329425,0.026353139399937334,0.4333333333329392,0.07890307747835597,15.129223494692688,0.4297136601842184
1236,24700.0,K_I_769.8964,769.89645,0.4984931955549362,weak_resonance,detected,769.8149197755683,221.64977533494448,0.4015130807541597,552.0362497745303,0.005691705193044111,508.2051842514718,507.3198217570119,0.018413557729900276,0.036369838958744106,0.3999999999996362,0.09047937572095902,1.5550534750467084,0.40368083650137576
1237,24800.0,K_I_693.8764,693.876396,0.00655092165605007,weak_anchor,detected,693.7948341474209,11.926411549189705,0.4723050594763876,25.251500719496217,0.0003300118989525493,17.788846114687885,17.5373659780401,-0.028167480720185267,0.12321379057647434,0.4333333333329392,0.13895857875553522,1.8292296296832165,0.4718696009345948
1237,24800.0,K_I_766.4899,766.48991,1.0,strong_resonance,detected,766.4083481474208,312.21132451135486,4.066695309022425,76.77273579328126,0.008639099166713146,624.4815586906398,611.5512395518958,0.02498518588049592,0.027858987223240674,0.3999999999996362,0.08472254564301673,15.750243205957998,0.42914350718505717
1237,24800.0,K_I_769.8964,769.89645,0.4984931955549362,weak_resonance,detected,769.8148881474208,219.87643762343805,0.8182724907224991,268.7080894401041,0.006084130202597485,494.3971822426156,494.00348296720796,-0.014888147455849321,0.0384210601839102,0.3666666666663332,0.10304210724179079,3.169155729230784,0.43151334903455585
1238,24900.0,K_I_693.8764,693.876396,0.00655092165605007,weak_anchor,low_snr,693.7938545898403,6.055463389298987,1.9623494469658638,3.085823169090396,0.00019917549936770875,14.400691090636883,9.578452999460632,0.10614541019367607,0.025011380268500007,0.26666666666642413,0.18578113872737287,7.600146727545037,0.2847923474907884
1238,24900.0,K_I_766.4899,766.48991,1.0,strong_resonance,detected,766.4073685898403,276.7685313530079,6.049262167983014,45.75244445808008,0.009103433857583661,546.3471033514834,539.6568106376585,0.025964743461031503,0.018913274344470883,0.46666666666624224,0.07301104045411129,23.428691633462094,0.4522091317255931
1238,24900.0,K_I_769.8964,769.89645,0.4984931955549362,weak_resonance,detected,769.8139085898403,203.0896356474617,0.7289568609619118,278.60309234139055,0.006679997383515182,440.7165820585243,439.5156123233656,0.01942474345798928,0.03495008809009033,0.3999999999996362,0.08642189889848725,2.8232377826116877,0.4737748776763659
1239,25000.0,K_I_693.8764,693.876396,0.00655092165605007,weak_anchor,detected,693.793449626551,11.652231441040852,0.2972806049220317,39.19607013749486,0.0006018635495715708,35.11920218592775,25.778308232947133,0.10655037348294627,0.06462202105647391,0.26666666666642413,0.1575028913284067,1.1513628320145426,0.8605784029449521
1239,25000.0,K_I_766.4899,766.48991,1.0,strong_resonance,detected,766.406963626551,347.8148291902595,1.480753890816844,234.89036993067816,0.01796540591811141,594.0908298558688,590.5484459078323,0.026369706750301702,0.02119729412112171,0.49999999999954525,0.050943718197781575,5.734935158970689,0.8924237533245933
1239,25000.0,K_I_769.8964,769.89645,0.4984931955549362,weak_resonance,detected,769.813503626551,245.00527772086008,4.421430200227398,55.41312802094201,0.012655064985533215,525.2222225359369,523.5398634504231,0.01982970674725948,0.023797186473216433,0.3999999999996362,0.0810764895434794,17.124125531914814,0.8975530260391206
1240,25100.0,K_I_693.8764,693.876396,0.00655092165605007,weak_anchor,low_snr,693.7927234374899,6.58407840672233,1.5549680825892371,4.234220933820666,0.00034323469870603936,17.990136055885614,13.83169058286659,0.10727656254402973,-0.08322404150501472,0.26666666666642413,0.19762498414555227,6.022365487757671,0.49077630479200496
1240,25100.0,K_I_766.4899,766.48991,1.0,strong_resonance,detected,766.4062374374898,311.4501958526326,0.7098583877424842,438.7497580230292,0.01623621523496289,538.3963916380542,535.8001594633961,0.02709589581149885,0.029552355761607054,0.49999999999954525,0.06193317588789056,2.749269713894789,0.8065269555175587
1240,25100.0,K_I_769.8964,769.89645,0.4984931955549362,weak_resonance,detected,769.8127774374898,207.02001716605596,1.6897206372357807,122.51730410579624,0.010792163888200635,448.6953535072623,446.514396792829,-0.012777437524846391,0.031586141010844254,0.3999999999996362,0.09592950945239279,6.544259887763115,0.7654278635817265
1241,25200.0,K_I_693.8764,693.876396,0.00655092165605007,weak_anchor,detected,693.7916368378316,10.679091620319923,0.5882045029779275,18.155406098141786,0.0005454931469870189,33.16180949311831,12.97356435602092,0.14169649553571162,0.13451668333385158,0.23333333333312112,0.19309151461557658,2.2781062441997957,0.7799768262850768
1241,25200.0,K_I_766.4899,766.48991,1.0,strong_resonance,detected,766.4051508378316,345.89798485406436,1.8282602362179412,189.19515832691934,0.017668635779422143,587.0548986039475,578.9023188257166,0.028182495469764035,0.031282645928698345,0.49999999999954525,0.054120630723447756,7.080821447411764,0.8776818252963077
1241,25200.0,K_I_769.8964,769.89645,0.4984931955549362,weak_resonance,detected,769.8116908378315,221.37625124702083,0.8771467293320049,252.38223417376352,0.011308005610809496,467.1331599919532,465.4958576782184,0.02164249546672181,0.032058615054633956,0.4333333333329392,0.07203428882974976,3.3971746748862492,0.8020136337547042
1242,25300.0,K_I_693.8764,693.876396,0.00655092165605007,weak_anchor,detected,693.7912909152194,11.821444196880865,0.4209455838560746,28.083069760681305,0.0005866688869274356,25.005010181198017,24.767171361493254,-0.024624248518648528,0.019744846275495064,0.3666666666663332,0.14439247291190713,1.6303152359356172,0.8388522184619654
1242,25300.0,K_I_766.4899,766.48991,1.0,strong_resonance,detected,766.4048049152194,277.8318649223553,0.7802266249730817,356.0912381475583,0.01378810475542225,537.4722781487353,533.5140615689211,0.02852841808191897,0.03313840376451375,0.46666666666624224,0.07452065887396853,3.0218047247911137,0.6849181283826026
1242,25300.0,K_I_769.8964,769.89645,0.4984931955549362,weak_resonance,detected,769.8113449152194,186.83968599600522,1.0140703424149362,184.24726390386274,0.009272389125354902,433.95523815856404,430.7994628929359,0.021988418078876748,0.03433767919610444,0.3666666666663332,0.07799086453139356,3.927477548059473,0.6576387341818035
1243,25400.0,K_I_693.8764,693.876396,0.00655092165605007,weak_anchor,detected,693.7911017532693,14.84826125657556,1.100019191551177,13.498183823172655,0.0007028252832779206,28.12253970258061,19.402782045520144,0.1422315800979277,0.08344151032998375,0.3666666666663332,0.09614571028727782,4.260356009390129,1.004939176434911
1243,25400.0,K_I_766.4899,766.48991,1.0,strong_resonance,detected,766.4046157532694,286.0616000490771,1.4709751953653463,194.47071639982883,0.013540395175926213,528.3861961016563,519.5327924781177,0.028717580031980106,0.025701272181491548,0.46666666666624224,0.06429237598042309,5.697062434339369,0.6726132623708944
1243,25400.0,K_I_769.8964,769.89645,0.4984931955549362,weak_resonance,detected,769.8111557532693,199.12461422862063,3.747497169173521,53.13536081270367,0.009425333443729655,433.6732224507705,431.4581953140866,-0.011155753304365135,0.033800100125845986,0.3999999999996362,0.09693906373117016,14.513994126181686,0.6684862198272489
1244,25500.0,K_I_693.8764,693.876396,0.00655092165605007,weak_anchor,detected,693.7910386112532,10.364116895422894,2.0685753065316446,5.010268111921091,0.0005116679168605653,24.356360817424275,16.812848673362637,0.10896138878081274,0.1943972268966294,0.33333333333303017,0.1380489075791756,8.011557712580247,0.7316116070552531
1244,25500.0,K_I_766.4899,766.48991,1.0,strong_resonance,detected,766.4045526112532,379.75679212336297,1.8641263639849617,203.71837417263552,0.01874828011880344,750.0933043694458,742.6925271035609,0.028780722048168172,0.028165010466733746,0.4333333333329392,0.07354469689846675,7.219730362946509,0.9313126899702295
1244,25500.0,K_I_769.8964,769.89645,0.4984931955549362,weak_resonance,detected,769.8110926112531,266.67572770385954,1.1413787601128897,233.64349944402645,0.013165561084299358,612.6739010134559,609.2991063928964,-0.011092611288177068,0.022336609380265632,0.3666666666663332,0.10135773202355412,4.420540929636113,0.9337596609914114
1245,25600.0,K_I_693.8764,693.876396,0.00655092165605007,weak_anchor,low_snr,693.7896353117021,1.2194548739866127,2.5255305876445258,0.4828509620720752,4.5258204276955e-05,2.5281157001895735,2.193772238439258,-0.02296864500135598,0.2861269333957157,0.09999999999990905,0.1015668982675222,9.781337906293574,0.06471272962873921
1245,25600.0,K_I_766.4899,766.48991,1.0,strong_resonance,detected,766.4031493117021,242.63499951545222,0.8506333539919626,285.24040160991007,0.009005027251979943,540.5603631347981,524.7598960319824,0.03018402159921152,0.0292998312381292,0.3999999999996362,0.09851212605292846,3.2944888137424257,0.4473208262386423
1245,25600.0,K_I_769.8964,769.89645,0.4984931955549362,weak_resonance,detected,769.8096893117021,174.90909858730927,1.209128253986631,144.6571924943565,0.006491483926652793,402.0723564230656,401.828493978309,-0.009689311737133721,0.02399972796648771,0.3999999999996362,0.09928079745172759,4.682933591123333,0.4604046718457868
1246,25700.0,K_I_693.8764,693.876396,0.00655092165605007,weak_anchor,detected,693.7896314781009,13.749474692718197,1.1789588866881835,11.662386914391801,0.000358250495256908,23.09441723670443,22.50999315838703,-0.022964811400129292,0.08323907433841408,0.46666666666624224,0.131079679525543,4.566088134010724,0.512246736460265
1246,25700.0,K_I_766.4899,766.48991,1.0,strong_resonance,detected,766.4031454781009,340.88717681928443,2.562786904556567,133.01424953170945,0.008882012051479675,771.7057770923875,750.7977556648144,0.030187855200438207,0.025343051459788036,0.3999999999996362,0.09399879480357926,9.925631001235068,0.4412100994648179
1246,25700.0,K_I_769.8964,769.89645,0.4984931955549362,weak_resonance,detected,769.8096854781008,222.80312123981906,0.9365645123543478,237.89404605960752,0.005805263860096625,550.93397940728,547.0761147825159,-0.009685478135907033,0.030195683575619168,0.3666666666663332,0.10838512109353965,3.6272987590005585,0.41173491803809403
1247,25800.0,K_I_693.8764,693.876396,0.00655092165605007,weak_anchor,low_snr,693.7895465343129,11.764560654187761,2.5136916599130426,4.680192420495495,0.0005492994737884634,23.431924246198832,20.745030502843203,0.07712013238779036,-0.027089170513035107,0.3666666666663332,0.08894064155242402,9.735485936352545,0.7854193267358939
1247,25800.0,K_I_766.4899,766.48991,1.0,strong_resonance,detected,766.4030605343129,399.4300171572467,0.9821358124615454,406.6952982359413,0.018649799570857037,729.4237523732409,720.1271232013328,0.030272798988448812,0.03333013146402449,0.46666666666624224,0.06296484468346557,3.803795645380916,0.9264207114294503
1247,25800.0,K_I_769.8964,769.89645,0.4984931955549362,weak_resonance,detected,769.8096005343128,270.27981389955136,0.8237392050694641,328.11333033099874,0.012619643343656808,606.5254031090153,605.5838480453779,0.02373279898540659,0.028201289842998925,0.4333333333329392,0.0868541025102365,3.190328222855072,0.8950407669642136
1248,25900.0,K_I_693.8764,693.876396,0.00655092165605007,weak_anchor,detected,693.7891739303896,15.018569778459476,1.497549362233486,10.028764431551272,0.0007068133869233007,34.597809820500174,33.344113717076105,0.044159402977811624,0.09731045516115884,0.33333333333303017,0.07689023698859677,5.799983740059104,1.0106415916557085
1248,25900.0,K_I_766.4899,766.48991,1.0,strong_resonance,detected,766.4026879303894,417.22406582391886,1.7248836789033142,241.88533460365923,0.01963566167890878,774.8862056964922,761.7567318457939,0.030645402911886777,0.025075073160452054,0.46666666666624224,0.06141448670520188,6.680445762543593,0.9753929844044279
1248,25900.0,K_I_769.8964,769.89645,0.4984931955549362,weak_resonance,detected,769.8092279303894,288.03383462440104,2.58305689495741,111.5089006311455,0.01355562967729285,641.8210381633148,638.6293593139401,0.024105402908844553,0.017224232135281754,0.3666666666663332,0.08245850318197964,10.004136336485388,0.9614250460687981
1249,26000.0,K_I_693.8764,693.876396,0.00655092165605007,weak_anchor,detected,693.7886005360715,19.299340788008248,0.5802862665111894,33.25831042674884,0.0009678425016434141,41.32763669467708,34.88815375216822,0.11139946396247069,0.03174670761684567,0.3666666666663332,0.12366977764711631,2.2474390462327594,1.3838757222620133
1249,26000.0,K_I_766.4899,766.48991,1.0,strong_resonance,detected,766.4021145360714,444.8755007989283,1.9800544103934163,224.67842220080007,0.02231005827311149,755.0046821771449,750.4529084102207,0.03121879722993981,0.030987470016257027,0.5333333333328483,0.05658263115098116,7.668717756045223,1.1082424762197394
1249,26000.0,K_I_769.8964,769.89645,0.4984931955549362,weak_resonance,detected,769.8086545360713,324.62159705926797,4.299884823128833,75.4954168337596,0.016279446123908095,662.3499033837788,652.6950632214772,0.024678797226897586,0.029139365956261112,0.4333333333329392,0.06673447881106333,16.653382310603142,1.1546101223073955
1250,26100.0,K_I_693.8764,693.876396,0.00655092165605007,weak_anchor,detected,693.7890777999489,14.108579252682654,1.088337409322805,12.96342396377004,0.0004542135218049656,25.042555284154332,24.752438123132816,0.010922200085133227,-0.10844521005878702,0.4333333333329392,0.09707041769522579,4.215112661365582,0.6494600769047522
1250,26100.0,K_I_766.4899,766.48991,1.0,strong_resonance,detected,766.4025917999489,448.0543640098047,1.7131579099852532,261.5371072323751,0.014424723212174667,867.9099041448972,860.3596902268893,0.03074153335239771,0.03229715640098018,0.46666666666624224,0.07156221773923349,6.635032054802425,0.7165418743308059
1250,26100.0,K_I_769.8964,769.89645,0.4984931955549362,weak_resonance,detected,769.8091317999489,317.39507382628614,2.3853501097918413,133.06016275069314,0.010218260230474476,719.6448902271062,719.0969162910171,0.024201533349355486,0.02819653002437801,0.3666666666663332,0.09364858241636363,9.238421250106237,0.7247240848784258
1251,26200.0,K_I_693.8764,693.876396,0.00655092165605007,weak_anchor,low_snr,693.7894654241261,14.623023688975213,3.2579638718564734,4.488393445763605,0.0003908123581710692,24.603982155656013,19.71357320929513,0.1105345759078773,0.21243482959038107,0.3999999999996362,0.07801495533898586,12.618039818257033,0.5588055220912082
1251,26200.0,K_I_766.4899,766.48991,1.0,strong_resonance,detected,766.4029794241261,505.4545898664454,1.4614797149658596,345.8512524604236,0.013508690433362737,957.6500261557885,945.3904367577101,0.03035390917523273,0.03172773059236301,0.46666666666624224,0.06649401353513461,5.660286596887884,0.6710383430239197
1251,26200.0,K_I_769.8964,769.89645,0.4984931955549362,weak_resonance,detected,769.809519424126,350.45219184724357,2.607223145186103,134.4158793980898,0.0093661236167798,769.8413207073255,768.9746862901895,-0.00951942416111251,0.03449273031174992,0.3999999999996362,0.10350790711256078,10.097731821161481,0.6642867977451934
1252,26300.0,K_I_693.8764,693.876396,0.00655092165605007,weak_anchor,detected,693.7890777999489,10.149824310274697,1.8664842901489649,5.437937176243062,0.00030415447150959455,37.66322903184118,21.73388339521201,0.11092220008504228,0.08680443926027222,0.23333333333312112,0.193410410299869,7.2288625717112875,0.434897194765517
1252,26300.0,K_I_766.4899,766.48991,1.0,strong_resonance,detected,766.4025917999489,527.7929503118193,1.8185569604193605,290.22624080474765,0.01581609503388896,1030.6096125939557,1027.3683439156111,0.03074153335239771,0.021069769336174722,0.4333333333329392,0.09047827440236705,7.043240821840169,0.7856576665964602
1252,26300.0,K_I_769.8964,769.89645,0.4984931955549362,weak_resonance,detected,769.8091317999489,358.62901181941396,2.8832613269215597,124.38311035868537,0.01074684784913187,816.4982114614277,814.3775558638517,-0.00913179998394753,0.028347444196474687,0.3666666666663332,0.11035483773880618,11.166823101941256,0.762213850217056
1253,26400.0,K_I_693.8764,693.876396,0.00655092165605007,weak_anchor,detected,693.7876928803344,12.218188259246906,1.4509411315150325,8.420871111765239,0.0003557572852437852,24.805356546670737,21.348135964615366,-0.08769288030021016,-0.10235193214307098,0.3666666666663332,0.08782334622115191,5.619470838690177,0.5086818043542637
1253,26400.0,K_I_766.4899,766.48991,1.0,strong_resonance,detected,766.4012068803345,474.3888360337128,6.5086631650196605,72.8857561078412,0.013812791297399369,879.5041217970838,871.0732134688267,0.03212645296684968,0.025926044562321327,0.46666666666624224,0.0708050093429723,25.207944044217726,0.6861444216569235
1253,26400.0,K_I_769.8964,769.89645,0.4984931955549362,weak_resonance,detected,769.8077468803344,338.6239042366315,1.8868112014164393,179.46888590783473,0.009859720470316342,752.5135629012607,750.4938769384871,-0.007746880369495557,0.022155235617365092,0.3999999999996362,0.09531732037464671,7.307588360530124,0.6992948636888742
1254,26500.0,K_I_693.8764,693.876396,0.00655092165605007,weak_anchor,detected,693.7879040953085,13.45131104122218,0.7046176996155724,19.09022587505393,0.00033143180905202707,26.155474117073027,26.014506458629974,0.01209590472558375,-0.0991506846952562,0.3999999999996362,0.072951540154565,2.728972616056574,0.4738998683707999
1254,26500.0,K_I_766.4899,766.48991,1.0,strong_resonance,detected,766.4014180953086,428.48922519645436,4.4200858951086754,96.94137972988854,0.010557703901943142,791.1997182303121,784.1659304967584,0.031915237992734546,0.028749169800551342,0.46666666666624224,0.06391141795229846,17.118919060577774,0.5244493659429807
1254,26500.0,K_I_769.8964,769.89645,0.4984931955549362,weak_resonance,detected,769.8079580953085,310.2957142580765,2.039701205025233,152.12802418981647,0.007645490436023773,686.5356519588906,684.4967872214339,-0.007958095343610694,0.03549830795285633,0.3666666666663332,0.10661102838845488,7.899728798309114,0.5422519034276738
1255,26600.0,K_I_693.8764,693.876396,0.00655092165605007,weak_anchor,detected,693.7872044795549,12.209347329306125,1.7746248692346507,6.879959557070615,0.00030961958085792867,24.686634724157557,21.53877965311799,-0.05387114618747546,0.03738944815417316,0.29999999999972715,0.1712214402667802,6.8730925643175675,0.4427115159322612
1255,26600.0,K_I_766.4899,766.48991,1.0,strong_resonance,detected,766.4007184795549,359.64320566940165,3.824531013803902,94.03589730906596,0.00912027282002881,623.7321106872341,623.5104750940072,0.032614853746395056,0.016088233391506536,0.49999999999954525,0.06768426045478719,14.812344923529752,0.45304559988756443
1255,26600.0,K_I_769.8964,769.89645,0.4984931955549362,weak_resonance,detected,769.8072584795549,253.0393229359666,1.8029561387212663,140.34691000050225,0.006416881017051101,539.7023131193191,538.3484699487951,-0.007258479589950184,0.04122093669189296,0.4333333333329392,0.09737776382280598,6.982819099216244,0.45511350444831655
1256,26700.0,K_I_693.8764,693.876396,0.00655092165605007,weak_anchor,detected,693.7865308738872,25.294486399649845,0.5763092824045688,43.89047195997293,0.0006093702216801312,43.64829229048007,39.92334067976981,0.08013579281350758,0.14096302144497858,0.46666666666624224,0.060318821168277234,2.232036253019672,0.8713118655366224
1256,26700.0,K_I_766.4899,766.48991,1.0,strong_resonance,detected,766.400044873887,500.2466979760968,2.7905821474948236,179.26248773044756,0.012051458030184302,819.2338232426046,811.9283135752952,0.033288459414279714,0.02403311131986954,0.5333333333328483,0.04816797860877053,10.80787818348101,0.5986509549159962
1256,26700.0,K_I_769.8964,769.89645,0.4984931955549362,weak_resonance,detected,769.806584873887,363.0642940358969,3.8078910979979774,95.34524089377983,0.008746592670245225,740.3994447883729,735.0339277383952,0.02674845941123749,0.0384341006759986,0.4333333333329392,0.06586216403721665,14.747898806731055,0.6203469304728675
1257,26800.0,K_I_693.8764,693.876396,0.00655092165605007,weak_anchor,detected,693.7865407790746,18.15278396500515,1.202668430597515,15.093756103655604,0.0004022440186569191,38.73566841453567,35.90477600834785,0.08012588762608175,0.08640862910808511,0.3666666666663332,0.11003181301360057,4.657914802717822,0.5751511541384132
1257,26800.0,K_I_766.4899,766.48991,1.0,strong_resonance,detected,766.4000547790746,523.3619639074059,1.0939456536145373,478.4167862253034,0.011597076238010123,892.6029574874797,891.0327245696144,0.0332785542267402,0.029185154054839988,0.5333333333328483,0.06337241028596395,4.2368332981089445,0.5760797363049188
1257,26800.0,K_I_769.8964,769.89645,0.4984931955549362,weak_resonance,detected,769.8065947790745,379.12682241592915,1.2044597815788778,314.7691838402002,0.008400997716008912,734.6967620443879,730.3652549680438,0.026738554223697975,0.037731062065618395,0.4333333333329392,0.06061551831634781,4.664852675235859,0.5958358120145071
1258,26900.0,K_I_693.8764,693.876396,0.00655092165605007,weak_anchor,detected,693.7859006080746,12.915018160345983,0.9663421941050546,13.364849676575277,0.0003412088148415871,37.317223237150074,27.757930217892834,0.11409939195937113,0.13999991927795463,0.29999999999972715,0.1849797968162337,3.7426272245098153,0.4878795819353653
1258,26900.0,K_I_766.4899,766.48991,1.0,strong_resonance,detected,766.3994146080746,465.2297809073742,6.3332640806111735,73.45813706578907,0.012291155939664884,787.6167469096617,776.4780859779911,0.033918725226726565,0.02109838485094578,0.5333333333328483,0.047092110203592476,24.52862631136301,0.6105578446916995
1258,26900.0,K_I_769.8964,769.89645,0.4984931955549362,weak_resonance,detected,769.8059546080746,317.3465755236747,1.5286098961377446,207.60468470438207,0.008384149955044932,662.955670903604,658.6131128868708,0.02737872522368434,0.038658973297860784,0.4333333333329392,0.06992627875457758,5.920280670594718,0.5946408944970949
1259,27000.0,K_I_693.8764,693.876396,0.00655092165605007,weak_anchor,low_snr,693.785575099191,7.629922658041288,3.5817358611333123,2.13023041169403,0.00022839892071778285,17.12982001983937,12.652281504523122,0.11442490084300516,0.19831999648288617,0.3999999999996362,0.10894203967421436,13.872003340695816,0.326577641336771
1259,27000.0,K_I_766.4899,766.48991,1.0,strong_resonance,detected,766.3990890991911,346.829818378925,1.832910506751758,189.22354206674763,0.010382222696190067,628.6626942014677,620.4934082694982,0.03424423411024691,0.03585873655418986,0.46666666666624224,0.06235166785564702,7.098831867744612,0.5157324130953856
1259,27000.0,K_I_769.8964,769.89645,0.4984931955549362,weak_resonance,detected,769.805629099191,250.97823716460434,1.7559968001986261,142.92636361080807,0.007512940964301079,532.9647828432234,532.4598032493224,-0.005629099226098333,0.042968054051447775,0.4333333333329392,0.10207551515855685,6.800946363168977,0.5328509102616495
1260,27100.0,K_I_693.8764,693.876396,0.00655092165605007,weak_anchor,detected,693.785093264096,5.708679676294728,0.4571065089865658,12.488729790681024,0.0001933380493065508,12.099582140744573,12.034208211085184,-0.018426597395205135,0.09039357736906993,0.5333333333328483,0.10282935138963073,1.7703658967495903,0.2764456326008799
1260,27100.0,K_I_766.4899,766.48991,1.0,strong_resonance,detected,766.398607264096,211.42878736044605,1.4347031780140915,147.36761624317626,0.007160540025614104,391.40601610839576,388.10396061109896,0.034726069205362364,0.03224883889030999,0.46666666666624224,0.07616851073313036,5.556581515204485,0.3556967226132836
1260,27100.0,K_I_769.8964,769.89645,0.4984931955549362,weak_resonance,detected,769.8051472640959,152.49265145435567,0.7172437088828257,212.60925619253916,0.005164527252806881,317.98344895068436,317.6140703888727,-0.005147264130982876,0.03652817877400168,0.4333333333329392,0.10188548002570547,2.777872939677751,0.36629105177392424
1261,27200.0,K_I_693.8764,693.876396,0.00655092165605007,weak_anchor,low_snr,693.7851747100814,10.814489442031492,4.463522631057626,2.422859775994686,0.00036642868840933536,25.123573332528395,17.476852997892685,0.11482528995259145,-0.03589563096311689,0.29999999999972715,0.13922486589646246,17.287148815521817,0.5239403776636593
1261,27200.0,K_I_766.4899,766.48991,1.0,strong_resonance,detected,766.3986887100814,417.0390186564094,7.3560960957647765,56.692981335102026,0.014130584845536476,727.8656570105213,722.1409530530623,0.03464462321994688,0.02625359986006607,0.49999999999954525,0.06397026373539899,28.49003767202429,0.7019306784386278
1261,27200.0,K_I_769.8964,769.89645,0.4984931955549362,weak_resonance,detected,769.8052287100813,284.49183621554045,6.280656826438127,45.29651023408659,0.0096394722068397,604.664536591139,604.5223487860661,-0.005228710116398361,0.024661643655758507,0.4333333333329392,0.09019198544603098,24.324879292060917,0.6836738854015791
1262,27300.0,K_I_693.8764,693.876396,0.00655092165605007,weak_anchor,detected,693.7852561560668,10.281029813745485,1.3191805668130885,7.793497018063775,0.0003279009442302522,30.199884239236553,23.732030215278797,0.08141051063387295,0.024381823113652386,0.29999999999972715,0.15309033673209357,5.109164365912199,0.4688512389738203
1262,27300.0,K_I_766.4899,766.48991,1.0,strong_resonance,detected,766.3987701560668,420.0575311021112,3.528553345579047,119.04525451723853,0.013397224166713285,773.8503362403771,760.2046826964414,0.034563177234531395,0.029448773961941163,0.46666666666624224,0.06247763884416579,13.666028343644543,0.6655013045341798
1262,27300.0,K_I_769.8964,769.89645,0.4984931955549362,weak_resonance,detected,769.8053101560668,285.2241543678066,4.985177746487191,57.214440261190276,0.00909687757246244,603.7912298106621,603.1483244304594,-0.0053101561018138455,0.029255761877334398,0.4333333333329392,0.09134080107444602,19.30751039004627,0.6451906807278277
1263,27400.0,K_I_693.8764,693.876396,0.00655092165605007,weak_anchor,detected,693.7851747100814,11.958626248124883,1.0993976776020045,10.877434518698387,0.0003843435213494297,33.68302993470769,33.13303397975637,0.014825289952682397,0.09862489924564931,0.29999999999972715,0.13752594912305738,4.257948896215546,0.5495560148485105
1263,27400.0,K_I_766.4899,766.48991,1.0,strong_resonance,detected,766.3986887100814,476.36470750257394,6.700748837712821,71.09126443025619,0.015310093762386678,818.224117413185,810.0187059635015,0.03464462321994688,0.023045253782497648,0.49999999999954525,0.06458259098111348,25.951888655604062,0.7605222727200633
1263,27400.0,K_I_769.8964,769.89645,0.4984931955549362,weak_resonance,detected,769.8052287100813,335.69001024744637,2.410607664913142,139.255348405914,0.010788888116689835,707.1767464924192,706.0759498726679,-0.005228710116398361,0.0183347591761561,0.4333333333329392,0.09535657489627167,9.336243340457038,0.7651955314178465
1264,27500.0,K_I_693.8764,693.876396,0.00655092165605007,weak_anchor,detected,693.7848108194792,19.81873080931868,1.3999821298013977,14.156416990929861,0.0007152603419442406,37.64482396861922,34.27543019980136,0.11518918055480754,0.10111521119560744,0.49999999999954525,0.037317375526280505,5.4221074737137345,1.0227195237166264
1264,27500.0,K_I_766.4899,766.48991,1.0,strong_resonance,detected,766.3983248194792,449.8556437170344,5.731040013327975,78.49459132563382,0.016235343455964422,749.0358003806832,742.5833844920521,0.03500851382216297,0.02441421371552511,0.5333333333328483,0.05962214837493195,22.196222528087766,0.8064836502736121
1264,27500.0,K_I_769.8964,769.89645,0.4984931955549362,weak_resonance,detected,769.8048648194791,321.3321264014566,1.5205550906681005,211.32554050394182,0.011596914495629955,675.9719152398625,675.7455142753427,-0.0048648195141822725,0.04048369318745873,0.4333333333329392,0.09208976294056714,5.889084543153818,0.8225043261467722
1265,27600.0,K_I_693.8764,693.876396,0.00655092165605007,weak_anchor,low_snr,693.7837778613093,11.426082117532571,3.0285552034035894,3.7727831755193257,0.0003901400104283515,32.11183416157746,21.77886802876488,0.11622213872465181,0.11198138901856379,0.26666666666642413,0.1578613005359542,11.729543865862587,0.5578441614189038
1265,27600.0,K_I_766.4899,766.48991,1.0,strong_resonance,detected,766.3972918613093,380.7518004096004,4.98652654178177,76.35611627037511,0.013000651479169772,695.5082758764456,682.5910994337224,0.036041471992007246,0.022623204463671494,0.46666666666624224,0.06038989633241625,19.312734251759622,0.6458017281429325
1265,27600.0,K_I_769.8964,769.89645,0.4984931955549362,weak_resonance,detected,769.8038318613093,278.67996935480096,2.2964193436846285,121.35412903623084,0.009515440641147203,581.518893618108,580.6657413000368,-0.0038318613443379945,0.04514064431573663,0.4333333333329392,0.08657507193797653,8.893993874007222,0.6748770197008552
1266,27700.0,K_I_693.8764,693.876396,0.00655092165605007,weak_anchor,detected,693.7843220369695,13.125949797654165,1.5823117968160936,8.295425607055464,0.00030306245269454607,28.516026209806512,28.183393734352855,0.015677963064604228,0.04326790859886349,0.33333333333303017,0.09391466688211061,6.128267237581838,0.43333576475615826
1266,27700.0,K_I_766.4899,766.48991,1.0,strong_resonance,detected,766.3978360369695,497.8822799042282,2.9698473226927957,167.64574936222394,0.011495505256914396,956.2725163044297,939.4416305478787,0.03549729633186871,0.03156125609665331,0.46666666666624224,0.07297836005782127,11.502169221578344,0.571034241836746
1266,27700.0,K_I_769.8964,769.89645,0.4984931955549362,weak_resonance,detected,769.8043760369694,345.1130053357727,3.0659771161152114,112.56215955488047,0.00796824576249236,784.9510657452522,783.540920401022,-0.0043760370044765295,0.032680178898056494,0.3666666666663332,0.10560387215844991,11.874478310578056,0.565143134746777
1267,27800.0,K_I_693.8764,693.876396,0.00655092165605007,weak_anchor,detected,693.7843220369695,17.324618383472355,1.1108965797701427,15.595167632127392,0.000432522468522608,31.109792489375707,30.840357773224024,-0.01765537026869879,0.05637493432681374,0.4333333333329392,0.14995577900798676,4.302483952812455,0.6184449871801577
1267,27800.0,K_I_766.4899,766.48991,1.0,strong_resonance,detected,766.3978360369695,453.4783248261432,3.099784667761493,146.2934924294668,0.011321436359164898,906.1780300387209,883.3272909250796,0.03549729633186871,0.027015688049712515,0.3999999999996362,0.07268910027800726,12.00541439508027,0.5623874447771775
1267,27800.0,K_I_769.8964,769.89645,0.4984931955549362,weak_resonance,detected,769.8043760369694,320.81000054527794,3.670139444154046,87.41084785110216,0.008009269254378336,712.2931241446558,711.362163549181,0.028957296328826487,0.03016130218286981,0.3999999999996362,0.08940020783996447,14.214388945480493,0.5680527017322521
1268,27900.0,K_I_693.8764,693.876396,0.00655092165605007,weak_anchor,detected,693.7830861568381,17.773638370301036,1.7343004047266424,10.2483043432735,0.0003832082551754922,35.28926090451887,34.52353942602333,0.05024717652929667,0.07208045064733537,0.4333333333329392,0.06338387154688106,6.716916584833177,0.5479327473295188
1268,27900.0,K_I_766.4899,766.48991,1.0,strong_resonance,detected,766.3966001568381,508.3375263845211,6.799054508847728,74.76591424925519,0.010960003375084912,989.4257247297828,966.8390435825739,0.03673317646325813,0.031225027897132246,0.4333333333329392,0.06321670034657705,26.33262488274765,0.5444334179270078
1268,27900.0,K_I_769.8964,769.89645,0.4984931955549362,weak_resonance,detected,769.803140156838,349.5673556167538,3.149484726767184,110.99191961332997,0.007536841563967195,762.8358304508529,761.872855587951,-0.0031401568730871077,0.036709348243391664,0.3999999999996362,0.09331543496059862,12.197901895915015,0.5345460462075332
1269,28000.0,K_I_693.8764,693.876396,0.00655092165605007,weak_anchor,detected,693.782699931676,20.32031253104834,2.2214338921426493,9.147385660641335,0.00043251085198759445,43.09689751054657,41.671217916697294,0.050633401691356994,0.12516148626388618,0.3999999999996362,0.07992746770182184,8.603576468977028,0.6184283772040978
1269,28000.0,K_I_766.4899,766.48991,1.0,strong_resonance,detected,766.396213931676,528.6203617310312,7.674383261904689,68.88115222953225,0.011251502292641324,987.2988127654808,967.6873026635338,0.03711940162531846,0.034193549515106336,0.46666666666624224,0.07126508989996515,29.722758565796845,0.5589135003299049
1269,28000.0,K_I_769.8964,769.89645,0.4984931955549362,weak_resonance,detected,769.802753931676,368.6429762316486,5.171372745204975,71.28532294901069,0.007846438753615327,809.8382341342221,808.9624226987943,-0.0027539317110267802,0.02425346467008971,0.3999999999996362,0.10066345529141822,20.028640519228013,0.5565040444271829
1270,28100.0,K_I_693.8764,693.876396,0.00655092165605007,weak_anchor,detected,693.7826127911507,13.762842831149074,2.393117240563093,5.75101068926766,0.00025778401241804174,31.91084652097834,31.900724512533557,0.017387208883405947,0.12700821314896182,0.33333333333303017,0.11647292863489574,9.268503218231139,0.36859410055547737
1270,28100.0,K_I_766.4899,766.48991,1.0,strong_resonance,detected,766.3961267911507,548.1464751632544,1.6664479849043,328.9310438301698,0.010267021101235129,1123.6850584342787,1088.74209809155,0.03720654215067043,0.04003171620586276,0.4333333333329392,0.07883035627960869,6.454125292861132,0.5100098237908478
1270,28100.0,K_I_769.8964,769.89645,0.4984931955549362,weak_resonance,detected,769.8026667911506,378.52965347199665,2.9325989034109226,129.07651743023112,0.007090024502087208,875.9591738013221,875.0811507059677,-0.0026667911856748105,0.03480047499019411,0.3666666666663332,0.11584702737872166,11.357906714026965,0.5028558094181729
1271,28200.0,K_I_693.8764,693.876396,0.00655092165605007,weak_anchor,detected,693.7820000193495,20.596834291002626,1.8456542701621557,11.159638413316177,0.0004454333947773417,33.290604684763736,27.789648091994664,0.11799998068443074,0.012046820966282729,0.49999999999954525,0.11955492570806953,7.148188251201135,0.6369057567428733
1271,28200.0,K_I_766.4899,766.48991,1.0,strong_resonance,detected,766.3955140193495,518.5606970782283,6.33357628679379,81.87486399421522,0.011214551150637818,964.2343821526447,942.0415804449868,0.03781931395178617,0.034203313654536015,0.46666666666624224,0.05880779454973737,24.52983548070887,0.5570779683643758
1271,28200.0,K_I_769.8964,769.89645,0.4984931955549362,weak_resonance,detected,769.8020540193495,376.31721824648974,2.3102899007506674,162.8874446121309,0.008138350470194514,794.6632000234836,794.6129943142464,-0.0020540193845590693,0.044368977445684354,0.4333333333329392,0.09014464898345868,8.947714310526658,0.5772077108920678
1272,28300.0,K_I_693.8764,693.876396,0.00655092165605007,weak_anchor,low_snr,693.7816964123381,14.040407864576213,3.718062590801348,3.776269904469281,0.00033797708829503664,30.11400148937446,28.225662994170055,0.05163692102928508,0.0814222993439996,0.3999999999996362,0.09029660870759705,14.399994494343519,0.48325867729316696
1272,28300.0,K_I_766.4899,766.48991,1.0,strong_resonance,detected,766.395210412338,489.11884101187144,4.415965684326425,110.76146781391432,0.011773942987262706,966.4944793591931,950.170140881631,0.03812292096336023,0.03450741637269453,0.46666666666624224,0.07624743396053012,17.102961552835236,0.5848655154253999
1272,28300.0,K_I_769.8964,769.89645,0.4984931955549362,weak_resonance,detected,769.8017504123379,334.4619841721307,1.3271602075506737,252.0132703416368,0.008051082892048828,754.4868533738781,753.8063408618586,-0.0017504123729850107,0.038409819244071504,0.3999999999996362,0.09733562529456626,5.140069381597613,0.5710183093418343
1273,28400.0,K_I_693.8764,693.876396,0.00655092165605007,weak_anchor,low_snr,693.7810282664618,15.684675704669596,3.487026719483023,4.498008465789721,0.00041322785170216046,36.140068797661115,35.23039555677058,0.05230506690554648,0.12427916331113462,0.3666666666663332,0.0995120575623755,13.505196412350314,0.5908564572873021
1273,28400.0,K_I_766.4899,766.48991,1.0,strong_resonance,detected,766.3945422664618,524.4362557279611,4.170066432250027,125.7620865874295,0.013816777049758922,1025.2058749793368,995.2861756473362,0.03879106683950795,0.026626675476047038,0.4333333333329392,0.07295766145724021,16.150597844697625,0.6863424121780811
1273,28400.0,K_I_769.8964,769.89645,0.4984931955549362,weak_resonance,detected,769.8010822664618,369.98400182100943,7.9156521274761795,46.74081122599495,0.009747584018657565,825.6581150057154,825.4600842647278,-0.001082266496837292,0.026757746637739596,0.3999999999996362,0.10571123436178423,30.65718886411443,0.6913416519407969
1274,28500.0,K_I_693.8764,693.876396,0.00655092165605007,weak_anchor,detected,693.7809433192792,14.354008124586452,1.331442380798412,10.780795572977732,0.00028866240195377736,31.112792841437795,26.913373489812358,0.08572334742143539,0.000643364984157916,0.29999999999972715,0.16162801131161023,5.156654167271693,0.41274576112886036
1274,28500.0,K_I_766.4899,766.48991,1.0,strong_resonance,detected,766.3944573192792,554.7509107970408,3.780964318876443,146.72206982421125,0.0111561682985555,1050.9611442174937,1038.5406827637364,0.03887601402209384,0.03667363371999032,0.46666666666624224,0.08143892172892818,14.643611839626251,0.5541778254885297
1274,28500.0,K_I_769.8964,769.89645,0.4984931955549362,weak_resonance,detected,769.8009973192792,362.96898579241156,1.291588092639362,281.02534225960846,0.007299389714995209,810.1779670168639,810.0660425905467,-0.0009973193142513992,0.041345839948718335,0.3999999999996362,0.10682918472566032,5.0022991729566,0.5177049137576385
1275,28600.0,K_I_693.8764,693.876396,0.00655092165605007,weak_anchor,detected,693.7806680133705,9.572195370526568,1.4123841168255746,6.777331503869289,0.00023257675340268696,28.911889990566806,18.602624585477894,0.11933198666349654,0.09603142250680788,0.29999999999972715,0.1524558535834368,5.470140162918296,0.332551341824706
1275,28600.0,K_I_766.4899,766.48991,1.0,strong_resonance,detected,766.3941820133705,495.9559606547561,3.8271284203447142,129.58957896952012,0.012050300134382717,999.3953648100305,971.8085110026113,0.03915131993085197,0.021954742399631706,0.3999999999996362,0.07647855569213671,14.822404635805656,0.5985934369438491
1275,28600.0,K_I_769.8964,769.89645,0.4984931955549362,weak_resonance,detected,769.8007220133704,334.2010260363345,3.3857594759484617,98.70784632234216,0.008120121519740956,774.0993240018397,773.8291404922672,-0.0007220134054932714,0.033507361588293205,0.3666666666663332,0.10375107235679455,13.11299006462427,0.5759148333240891
1276,28700.0,K_I_693.8764,693.876396,0.00655092165605007,weak_anchor,detected,693.7801973464728,11.090544626111981,2.147636799984185,5.164069001887866,0.0002508358322691345,27.70469530476157,24.0679404138343,0.08646932022782039,-0.0067357248651214565,0.33333333333303017,0.1254117127205704,8.317761560048503,0.3586592012245961
1276,28700.0,K_I_766.4899,766.48991,1.0,strong_resonance,detected,766.3937113464729,477.8325292900808,1.5076659020294338,316.93528960685626,0.010807180730110054,905.8514556005966,886.5012949001031,0.03962198682847884,0.029709424523307427,0.46666666666624224,0.06985473402686836,5.8391649302100905,0.5368420192665431
1276,28700.0,K_I_769.8964,769.89645,0.4984931955549362,weak_resonance,detected,769.8002513464728,335.7425016717999,3.160975148695463,106.21485012634822,0.00759351796274147,714.5642397400707,714.5224372763188,-0.0002513465078664012,0.034432034650514094,0.4333333333329392,0.102602846758112,12.242404108684177,0.538565786389271
1277,28800.0,K_I_693.8764,693.876396,0.00655092165605007,weak_anchor,detected,693.7801530588564,11.920910543818412,2.132445832158389,5.590252452861826,0.00027338304923837513,25.572810156873857,23.89436748997682,0.05318027451096441,0.19330062387026065,0.3666666666663332,0.09136494537930379,8.258927194646368,0.39089848201183547
1277,28800.0,K_I_766.4899,766.48991,1.0,strong_resonance,detected,766.3936670588564,574.3080032661265,3.46863250523631,165.5718795228785,0.013170644352860434,1027.329454268207,1025.2268799612038,0.0063329411116228584,0.030283328877073138,0.46666666666624224,0.046093496508986406,13.433955926906158,0.6542460504738026
1277,28800.0,K_I_769.8964,769.89645,0.4984931955549362,weak_resonance,detected,769.8002070588564,397.5650349136534,1.3953526712204256,284.92082547556146,0.009117385883884143,853.9891359125695,853.9877555892605,-0.00020705889141936495,0.030417648504004843,0.4333333333329392,0.09016773432331542,5.404177657727657,0.6466452206291673
1278,28900.0,K_I_693.8764,693.876396,0.00655092165605007,weak_anchor,detected,693.778955023156,11.714309683181996,1.087407275947112,10.77269753688106,0.00020954797913926238,24.13827140014996,22.115567099189427,0.05437831021140482,0.20599852922081777,0.33333333333303017,0.11096850808090801,4.211510270291768,0.2996235032946854
1278,28900.0,K_I_766.4899,766.48991,1.0,strong_resonance,detected,766.392469023156,459.5990721539399,3.77072888632402,121.8860029478254,0.008221402659552847,938.6843672080995,912.5908065190656,0.04086431014536629,0.024197245234327515,0.3999999999996362,0.0797298887353645,14.603970179809451,0.4083946142087635
1278,28900.0,K_I_769.8964,769.89645,0.4984931955549362,weak_resonance,detected,769.7990090231559,302.2375255329369,1.4729952334940517,205.1856779033884,0.0054064869726301035,732.7148654362909,732.1182428219902,0.0009909768090210491,0.035514730036628986,0.3666666666663332,0.10854230376947599,5.704886008370556,0.3834519023073015
1279,29000.0,K_I_693.8764,693.876396,0.00655092165605007,weak_anchor,low_snr,693.7790941862502,7.6667440574848555,1.5474831852832873,4.95433109089412,0.00017553190253317326,19.45257028538208,15.635410105390307,0.08757248045048982,0.1495827987447784,0.33333333333303017,0.12562979317527714,5.993376605143629,0.25098540101891326
1279,29000.0,K_I_766.4899,766.48991,1.0,strong_resonance,detected,766.3926081862502,384.6238026596211,5.722779864239413,67.2092604964702,0.008806052130366221,792.023022720311,774.9189205709686,0.04072514705114827,0.026142692821102098,0.3999999999996362,0.0878556281461862,22.16423110823055,0.43743682330221423
1279,29000.0,K_I_769.8964,769.89645,0.4984931955549362,weak_resonance,detected,769.7991481862501,266.53059492566894,2.0758185937391973,128.39782615376043,0.006102280454364003,640.8266324923475,640.4877889014111,0.0008518137148030291,0.04179589746503443,0.3666666666663332,0.09784292255335864,8.039610843306923,0.432800644944536
1280,29100.0,K_I_693.8764,693.876396,0.00655092165605007,weak_anchor,low_snr,693.7788806211488,4.542072312114195,1.8914294712693476,2.401396605640277,0.00016106597622706103,18.25411589484679,11.387447138274897,0.12111937888516877,0.08145213522386754,0.23333333333312112,0.25426674958132794,7.325474842758745,0.23030120479786753
1280,29100.0,K_I_766.4899,766.48991,1.0,strong_resonance,detected,766.3923946211489,539.1779055453982,4.3243082591075455,124.68535387360987,0.019119734286288544,1014.201684892676,1000.4011742754947,0.04093871215241052,0.03055748667196878,0.46666666666624224,0.08140320989678584,16.747973871405943,0.949764514763174
1280,29100.0,K_I_769.8964,769.89645,0.4984931955549362,weak_resonance,detected,769.7989346211489,373.2200386054172,5.435066211899844,68.66890375470825,0.013234718809992293,812.4467674878488,811.5615947124829,0.03439871214936829,0.029668547975653773,0.4333333333329392,0.0879179757835052,21.04992092424187,0.938664631929185
1281,29200.0,K_I_693.8764,693.876396,0.00655092165605007,weak_anchor,detected,693.7788062191418,18.58527185607814,0.9068602780709174,20.494085258219627,0.0007144052500549951,38.53697917543502,27.802737492269188,0.121193780892213,-0.016817924049858254,0.29999999999972715,0.17420422845893427,3.5122547543088842,1.0214968651706122
1281,29200.0,K_I_766.4899,766.48991,1.0,strong_resonance,detected,766.3923202191418,525.9193793504967,3.7119575979809087,141.6824857149679,0.020215984389315447,941.3020771252732,935.5995794915732,0.04101311415956843,0.024938087199379608,0.49999999999954525,0.06987747374137558,14.37634995882122,1.0042202635497612
1281,29200.0,K_I_769.8964,769.89645,0.4984931955549362,weak_resonance,detected,769.7988602191417,393.7494768127575,1.5965325293105734,246.62790740805596,0.01513546294182649,868.0844114019937,867.4737245322749,0.001139780823223191,0.03415929854306265,0.3999999999996362,0.08641949403702723,6.183343897703879,1.0734737893064201
1282,29300.0,K_I_693.8764,693.876396,0.00655092165605007,weak_anchor,detected,693.7784765603393,11.769293919848721,1.4119923114037831,8.335239381118054,0.00036095679615766264,31.134972820897474,29.463640347747265,-0.04514322697184525,0.12864912796013628,0.23333333333312112,0.2720946552379044,5.468622707044743,0.5161163579196768
1282,29300.0,K_I_766.4899,766.48991,1.0,strong_resonance,detected,766.3919905603393,585.54537062439,1.0185563005491132,574.8777660191362,0.017958305946381505,1029.791167252809,1021.7988149835314,0.041342772962025265,0.037877926165455704,0.49999999999954525,0.07154190351200007,3.9448515892049394,0.892071065305821
1282,29300.0,K_I_769.8964,769.89645,0.4984931955549362,weak_resonance,detected,769.7985305603393,410.9750628400932,2.8795034860415445,142.72428036024394,0.012604345085925162,867.8167291535043,866.4603099654377,0.0014694396256800246,0.03604108335752524,0.4333333333329392,0.09443969909599056,11.152269046795245,0.8939557470503798
1283,29400.0,K_I_693.8764,693.876396,0.00655092165605007,weak_anchor,low_snr,693.7779521311231,9.835329416441063,3.107339168429675,3.165193396449041,0.0003323595599041561,27.87851868789994,27.844080726548828,-0.01128546442237166,0.06568407724560336,0.33333333333303017,0.1388536139285657,12.03467285035708,0.4752264187944372
1283,29400.0,K_I_766.4899,766.48991,1.0,strong_resonance,detected,766.3914661311231,500.33770112945444,3.7377269013419125,133.86149238186022,0.01690762058999909,921.7249886575246,902.6981241951194,0.04186720217819584,0.031895435839003825,0.46666666666624224,0.06937887729937667,14.476154041581847,0.8398787255624308
1283,29400.0,K_I_769.8964,769.89645,0.4984931955549362,weak_resonance,detected,769.7980061311231,349.95623356987153,2.8567180084261685,122.50289756904303,0.011825867223172894,771.7140074505554,770.722713596938,0.001993868841850599,0.04474553836756225,0.3999999999996362,0.09084695930432066,11.064021271455431,0.8387426634181329
1284,29500.0,K_I_693.8764,693.876396,0.00655092165605007,weak_anchor,detected,693.7777819618099,14.257498038535921,1.28810124939053,11.068615953351424,0.0004887907137148269,41.09274815768049,40.811902325241185,0.02221803822419588,0.10896574314784009,0.29999999999972715,0.12781558430657627,4.988794687123026,0.6989004934464939
1284,29500.0,K_I_766.4899,766.48991,1.0,strong_resonance,detected,766.3912959618099,700.4907661431586,1.2395690085413835,565.108325003571,0.02401496956957816,1220.2781539093776,1209.8475048268654,0.04203737149146036,0.025977104854400614,0.49999999999954525,0.07033222298290086,4.800830126559983,1.192933206015297
1284,29500.0,K_I_769.8964,769.89645,0.4984931955549362,weak_resonance,detected,769.7978359618098,488.6430468986324,3.234391415228348,151.0772767321775,0.016752180712198556,1008.9051872288743,1007.0952174779925,0.002164038155115122,0.03787877877979398,0.4333333333329392,0.09173779461388083,12.526744086307023,1.1881385443833397
1285,29600.0,K_I_693.8764,693.876396,0.00655092165605007,weak_anchor,detected,693.7777335767316,15.402631145096455,1.4115232435613037,10.912063414723008,0.00031594375332291556,24.72480804880297,16.395680668318647,0.12226642330233517,0.16968388093879638,0.33333333333303017,0.13506797142687,5.466806015102576,0.4517541739296445
1285,29600.0,K_I_766.4899,766.48991,1.0,strong_resonance,detected,766.3912475767316,518.7874446784839,1.64287938435578,315.77938686102345,0.010641535910616536,1157.994749036965,1134.7074629252227,0.0420857565696906,0.030974299051559386,0.3999999999996362,0.1035020297308767,6.362844495443217,0.5286136846436024
1285,29600.0,K_I_769.8964,769.89645,0.4984931955549362,weak_resonance,detected,769.7977875767316,351.1940584915744,1.2027881546734673,291.98330323340815,0.0072038061509938685,880.5135842865977,879.4487679022195,0.002212423233345362,0.03858758201522771,0.33333333333303017,0.10230182595260284,4.658378492070127,0.5109257058114857
1286,29700.0,K_I_693.8764,693.876396,0.00655092165605007,weak_anchor,detected,693.7771122630581,15.607909602134376,1.2347641447911006,12.640397494514993,0.00031056521217321287,29.117170789254487,27.22510979712249,0.05622107030922052,0.02323127969599489,0.3666666666663332,0.08391502739522914,4.782220969274325,0.444063632849229
1286,29700.0,K_I_766.4899,766.48991,1.0,strong_resonance,detected,766.3906262630583,402.46210117611395,2.161293427563505,186.21354048618113,0.008008165797317564,821.5425876783697,798.8957748481159,0.0427070702430683,0.03606809514541886,0.3999999999996362,0.08238433704344902,8.370653451228614,0.3978021654875617
1286,29700.0,K_I_769.8964,769.89645,0.4984931955549362,weak_resonance,detected,769.7971662630582,262.66196440372386,1.6132512693090664,162.81528451313008,0.005226431391793827,628.1185383213065,627.026247319163,0.002833736906723061,0.03789507761827048,0.3666666666663332,0.09696739958010092,6.248095299287673,0.3706815663493607
1287,29800.0,K_I_693.8764,693.876396,0.00655092165605007,weak_anchor,detected,693.776310483603,15.93413723436969,0.597941664593953,26.648314004327087,0.0002859257798800991,21.1113548719332,19.60759842649493,0.05702284976439387,0.016772576640099894,0.6666666666660603,0.07708177051252345,2.315818108978027,0.40883278474857226
1287,29800.0,K_I_766.4899,766.48991,1.0,strong_resonance,detected,766.389824483603,444.26973539947556,1.3396919867172616,331.6208052330744,0.007972077101057127,992.0251232961423,951.3320081495589,0.043508849698355334,0.031130010137232798,0.3999999999996362,0.08491766435456764,5.188604753608201,0.39600947514056195
1287,29800.0,K_I_769.8964,769.89645,0.4984931955549362,weak_resonance,detected,769.7963644836029,299.2322821138949,5.1274981293183455,58.35834057216421,0.005369492076682348,752.4358648839607,751.3031479895091,0.003635516362010094,0.03143518541789822,0.33333333333303017,0.11005667980519902,19.858714862577695,0.3808280611145562
1288,29900.0,K_I_693.8764,693.876396,0.00655092165605007,weak_anchor,detected,693.7761292717939,16.84547184448122,3.087191721270063,5.45656809339688,0.00035454979783424833,23.215581333468435,21.36873611131073,0.09053739490673252,0.21389876613714068,0.49999999999954525,0.04476744439454912,11.956642123039238,0.5069552708447747
1288,29900.0,K_I_766.4899,766.48991,1.0,strong_resonance,detected,766.3896432717941,468.9949750037249,3.695711126867097,126.90249830248452,0.009871024991640411,1047.551489818613,1003.6915114446234,0.04369006150727728,0.032790415931047784,0.3999999999996362,0.08651128253282989,14.313427646762731,0.49033888865933556
1288,29900.0,K_I_769.8964,769.89645,0.4984931955549362,weak_resonance,detected,769.796183271794,331.1401157906338,1.0328510863376137,320.60780123185367,0.0069695679760280686,806.1656030131371,804.4859153277913,0.0038167281709320378,0.03580881137388627,0.33333333333303017,0.10115733099451787,4.000215056501455,0.4943125012965524
1289,30000.0,K_I_693.8764,693.876396,0.00655092165605007,weak_anchor,detected,693.7754120549744,12.644875088326607,0.5281997561483394,23.93957009850536,0.0001656194893810442,21.6663496189675,21.056287198397,0.024587945059693084,0.1605557863227763,0.3666666666663332,0.1210047984464555,2.0457088590351975,0.2368120743805713
1289,30000.0,K_I_766.4899,766.48991,1.0,strong_resonance,detected,766.3889260549744,586.4520854944495,4.2458820432265725,138.12255722695187,0.0076812063596978465,1177.1957998982925,1131.5488916144725,0.04440727832695757,0.026118354412486465,0.3999999999996362,0.07498976224385726,16.44423044339259,0.3815605971180249
1289,30000.0,K_I_769.8964,769.89645,0.4984931955549362,weak_resonance,detected,769.7954660549743,394.372703503823,6.638291746715631,59.408763361288436,0.005165397469242129,904.3344865064983,901.6365595884099,0.004533944990612326,0.031240667502375873,0.3999999999996362,0.09477723992550444,25.709993382319166,0.3663527713617461
1290,30100.0,K_I_693.8764,693.876396,0.00655092165605007,weak_anchor,detected,693.7753882169893,25.85070462505105,1.0852005965162337,23.821130128418933,0.0003497909195642646,42.42974251443047,39.94473573528248,0.05794511637805044,0.14321290783307394,0.4333333333329392,0.07108028634224121,4.20296383760555,0.5001507586520902
1290,30100.0,K_I_766.4899,766.48991,1.0,strong_resonance,detected,766.3889022169893,546.2081930362981,5.756868136150055,94.87939972194302,0.007390849452148143,1226.4764742679654,1181.845994298389,0.04443111631201191,0.02590144220202308,0.3999999999996362,0.08804272580853877,22.29625441764157,0.3671372435672988
1290,30100.0,K_I_769.8964,769.89645,0.4984931955549362,weak_resonance,detected,769.7954422169893,365.8138981413827,3.4749390491911134,105.27203296602737,0.004949899110148908,939.2395690215126,937.2940111473104,0.004557782975666669,0.03698195844570588,0.33333333333303017,0.10968525237163898,13.458381066615258,0.35106867724356516
1291,30200.0,K_I_693.8764,693.876396,0.00655092165605007,weak_anchor,detected,693.7753882169893,11.162396008691253,1.329312588565892,8.397119010761516,0.00013144519213699967,25.264361881438617,19.743698013951068,0.09127844971135346,0.149468109903522,0.29999999999972715,0.13435355196827395,5.148405517424254,0.18794773932492484
1291,30200.0,K_I_766.4899,766.48991,1.0,strong_resonance,detected,766.3889022169893,525.5651452059675,4.722583583578706,111.28763226837413,0.006188905270724957,1092.6859909855157,1059.7482737690077,0.04443111631201191,0.030935843039761747,0.3999999999996362,0.08473575134877852,18.290487570289503,0.307431187240958
1291,30200.0,K_I_769.8964,769.89645,0.4984931955549362,weak_resonance,detected,769.7954422169893,361.4292951898468,3.759912145447874,96.12705861423632,0.004256088308744739,854.0931690190114,850.7110719992935,0.004557782975666669,0.03598430046309843,0.3666666666663332,0.10957688871779578,14.56207712253586,0.30186055504025583
1292,30300.0,K_I_693.8764,693.876396,0.00655092165605007,weak_anchor,low_snr,693.7753882169893,10.610112077190013,3.579348325433862,2.964258047141566,0.00015087367880146197,38.416381451692814,28.062577440569328,0.09127844971135346,0.0905419246551175,0.26666666666642413,0.1651267200015452,13.86275645469336,0.21572768386092808
1292,30300.0,K_I_766.4899,766.48991,1.0,strong_resonance,detected,766.3889022169893,483.90303481375497,6.384666770333905,75.79143160018793,0.006881004697631684,878.2766593054075,849.1735406162327,0.04443111631201191,0.030351196885997224,0.46666666666624224,0.06207245866270124,24.727708072609598,0.3418109263378206
1292,30300.0,K_I_769.8964,769.89645,0.4984931955549362,weak_resonance,detected,769.7954422169893,342.43062167305726,1.5087996171631168,226.95566580067404,0.004869295182767611,705.9359171335971,703.219474943424,0.004557782975666669,0.04352303705813257,0.4333333333329392,0.09571801882860834,5.843555790042193,0.34535189119668
1293,30400.0,K_I_693.8764,693.876396,0.00655092165605007,weak_anchor,detected,693.7753643790043,11.92173253744141,1.7155853763945248,6.949075634169912,0.00016466975520868288,27.330043262527397,23.965892897357644,0.0913022876964078,0.10462696885578139,0.3999999999996362,0.06390648994977137,6.64443359177902,0.23545409096746256
1293,30400.0,K_I_766.4899,766.48991,1.0,strong_resonance,detected,766.3888783790043,451.37772090714947,6.352861580525075,71.05108700791845,0.006234685988382817,833.3251104904248,814.9677606986305,0.04445495429706625,0.02661258023030096,0.46666666666624224,0.0714544456746481,24.604527102156922,0.30970532455064903
1293,30400.0,K_I_769.8964,769.89645,0.4984931955549362,weak_resonance,detected,769.7954183790042,317.8059321241668,3.344637566010382,95.0195427312797,0.00438971641767643,686.262539077572,683.4264746240004,0.004581620960721011,0.03535289091232434,0.3999999999996362,0.10036005111854539,12.9537255922697,0.3113380499146507
1294,30500.0,K_I_693.8764,693.876396,0.00655092165605007,weak_anchor,detected,693.7752926084473,7.888725612857915,1.0303410868186078,7.656421464484149,0.00012075520151726356,21.046052052438768,16.376305058427835,0.09137405825333644,-0.012391041256208818,0.33333333333303017,0.13680312247703874,3.990493870165347,0.1726625886266019
1294,30500.0,K_I_766.4899,766.48991,1.0,strong_resonance,detected,766.3888066084473,439.03114534973565,5.078001442950541,86.45746762423907,0.006720387681205718,805.3937640981121,777.9042076956327,0.04452672485399489,0.03266433078121202,0.46666666666624224,0.06370014426489254,19.66701502058256,0.33383234565336445
1294,30500.0,K_I_769.8964,769.89645,0.4984931955549362,weak_resonance,detected,769.7953466084473,294.2081907486396,1.4902924889843014,197.41640847237656,0.004503537213155873,624.3409622717486,621.6139306340958,0.004653391517649652,0.04275624774780857,0.4333333333329392,0.1033994716545356,5.771877990819449,0.3194107227555677
1295,30600.0,K_I_693.8764,693.876396,0.00655092165605007,weak_anchor,detected,693.7752926084473,12.836432400871498,1.0845650654184091,11.835557690510152,0.00025313077001140545,34.9512761302293,30.314561601640445,0.09137405825333644,0.07194363783359072,0.33333333333303017,0.11320826332682016,4.200502436247676,0.3619406324701126
1295,30600.0,K_I_766.4899,766.48991,1.0,strong_resonance,detected,766.3888066084473,499.63880637441224,2.606597240120222,191.682396760064,0.009852734142591508,1010.6827587677972,972.4624705306516,0.04452672485399489,0.0296966841018692,0.3999999999996362,0.07485750129785526,10.095307701265018,0.489430298659526
1295,30600.0,K_I_769.8964,769.89645,0.4984931955549362,weak_resonance,detected,769.7953466084473,321.890654608155,7.396436865405433,43.519692044381515,0.006347591504856577,749.2768276987372,746.6964597359084,0.004653391517649652,0.03261353116020119,0.3666666666663332,0.10076288982334898,28.646276801015887,0.45019918663058395
1296,30700.0,K_I_693.8764,693.876396,0.00655092165605007,weak_anchor,detected,693.7757363757727,20.93429410163935,0.7492149673664078,27.94163893338414,0.00035212179781018266,32.59231735032688,28.098611030522072,0.09093029092798588,0.015012889798315871,0.46666666666624224,0.08665881150236975,2.90169709134207,0.5034835796540585
1296,30700.0,K_I_766.4899,766.48991,1.0,strong_resonance,detected,766.3892503757727,519.5224964454967,1.0223977154972073,508.1412923471226,0.00873854138873959,1003.3100243794643,982.0682789323473,0.04408295752864433,0.034002223040917295,0.46666666666624224,0.0804131907166477,3.959729325324793,0.4340832564690024
1296,30700.0,K_I_769.8964,769.89645,0.4984931955549362,weak_resonance,detected,769.7957903757726,358.62991160500445,3.4008434011401683,105.45322712735613,0.006032274535255146,817.2201670132768,814.5059032812314,0.0042096241922990885,0.03306261579696216,0.3666666666663332,0.10239650232037245,13.17140985568724,0.42783551638860734
1297,30800.0,K_I_693.8764,693.876396,0.00655092165605007,weak_anchor,detected,693.7761140630167,13.185926548653079,1.6891669807369356,7.806171147686319,0.00023821272987726894,26.61928950697252,22.924936734521367,0.09055260368393192,0.15594145901612708,0.4333333333329392,0.08361577055000168,6.5421155853635655,0.34060997843259433
1297,30800.0,K_I_766.4899,766.48991,1.0,strong_resonance,detected,766.3896280630167,578.2682514821178,4.372073986736994,132.26405894235478,0.010446809200600421,1173.9560702898407,1123.6558413896037,0.04370527028459037,0.028453215711534415,0.3999999999996362,0.0808865070131068,16.932969739034444,0.5189407197121538
1297,30800.0,K_I_769.8964,769.89645,0.4984931955549362,weak_resonance,detected,769.7961680630167,392.10613326315945,9.70248947198094,40.41294086383624,0.00708366393985249,902.7496515138446,899.5203289646987,0.0038319369482451293,0.04176755583271586,0.3666666666663332,0.1128446443704368,37.57758014176915,0.502404690290171
1298,30900.0,K_I_693.8764,693.876396,0.00655092165605007,weak_anchor,detected,693.7765048550291,13.204847505847187,0.650720406975722,20.292659280838958,0.00027537162933656274,29.21511700910129,27.862316764324095,0.05682847833827509,0.0052572388933299205,0.3999999999996362,0.09222339148256906,2.520229299256576,0.39374186584234755
1298,30900.0,K_I_766.4899,766.48991,1.0,strong_resonance,detected,766.3900188550291,491.11955118134534,2.9633673260073334,165.73023090021408,0.01024172304511379,919.4296507492081,907.5705029408305,0.043314478272236556,0.025772234242564435,0.46666666666624224,0.07868669192332736,11.477072302332045,0.5087531538164243
1298,30900.0,K_I_769.8964,769.89645,0.4984931955549362,weak_resonance,detected,769.796558855029,341.82779693572417,1.057224580159729,323.3256238556993,0.007128418359472677,764.2929607208071,762.4216318891807,0.003441144935891316,0.038593276174142994,0.3999999999996362,0.09086347977795017,4.094613192163483,0.5055788711264325
1299,31000.0,K_I_693.8764,693.876396,0.00655092165605007,weak_anchor,low_snr,693.7779657054396,13.754350136424012,2.982046935185669,4.612385530936533,0.000303372894420592,29.02237018018195,20.030979244975665,0.15536762792771697,0.062361389028225765,0.3999999999996362,0.125413651171994,11.549418117593468,0.4337796518215874
1299,31000.0,K_I_766.4899,766.48991,1.0,strong_resonance,detected,766.3914797054396,574.432198937207,3.1526850492430523,182.20411806600407,0.012669966745900612,1166.350763087723,1141.655851102292,0.04185362786176938,0.027149812616990447,0.3999999999996362,0.08535874465355245,12.210296691566557,0.6293751073264389
1299,31000.0,K_I_769.8964,769.89645,0.4984931955549362,weak_resonance,detected,769.7980197054395,386.99330573918604,4.104107160092822,94.29415233164465,0.008535719835471165,920.9734755388681,919.52709522593,0.001980294525424142,0.034092941737633435,0.3666666666663332,0.10386029284257148,15.89513868210457,0.6053908989410445
1300,31100.0,K_I_693.8764,693.876396,0.00655092165605007,weak_anchor,detected,693.7777397565999,16.67663935121537,1.2213710881543811,13.654031533049885,0.0004356774329487465,36.318204450045926,32.242762403775004,0.08892691010078124,0.016093092538191807,0.3666666666663332,0.08836220553791427,4.730349883965451,0.6229561330189897
1300,31100.0,K_I_766.4899,766.48991,1.0,strong_resonance,detected,766.3912537566,544.0323835719377,6.889600566914725,78.96428512626592,0.01421285352065467,1024.2591067377125,993.6142495390261,0.042079576701326005,0.022194493338054323,0.46666666666624224,0.06714036114524496,26.683308257706173,0.7060173392223958
1300,31100.0,K_I_769.8964,769.89645,0.4984931955549362,weak_resonance,detected,769.7977937566,367.115137826261,2.247529815946833,163.34160962914913,0.009590888036630362,792.558714083184,791.0978267004244,0.0022062433649807645,0.03384743589821636,0.3999999999996362,0.09298388209579389,8.704645547274621,0.6802280817617844
1301,31200.0,K_I_693.8764,693.876396,0.00655092165605007,weak_anchor,detected,693.7779657054396,25.726003402129237,1.9871959086003428,12.945881828153034,0.0007567501916675093,55.305284773583594,50.79934117167167,0.055367627927807916,0.09505073514201777,0.3666666666663332,0.10515091927311393,7.696376659667643,1.0820440477531674
1301,31200.0,K_I_766.4899,766.48991,1.0,strong_resonance,detected,766.3914797054396,595.4039222075999,5.072490831287838,117.37900412457418,0.017514264660825472,991.2341858093823,980.1221891945851,0.04185362786176938,0.024504264760428846,0.5333333333328483,0.05964449005507721,19.64567251338548,0.8700135068797407
1301,31200.0,K_I_769.8964,769.89645,0.4984931955549362,weak_resonance,detected,769.7980197054395,409.87844644922285,1.3058697852033725,313.8739031207384,0.012056889990349543,821.6128324086428,818.2288040499519,0.03531362785872716,0.039009663860706395,0.4333333333329392,0.07732832122675647,5.057611930412718,0.8551278170305697
1302,31300.0,K_I_693.8764,693.876396,0.00655092165605007,weak_anchor,detected,693.7783793918445,21.78008162200003,1.8491191567522236,11.778625267316126,0.0004721076146555553,49.77606409110058,45.75240679038266,0.05495394152285371,0.11254237565702496,0.3666666666663332,0.10704710649623898,7.161607699260977,0.6750460587414508
1302,31300.0,K_I_766.4899,766.48991,1.0,strong_resonance,detected,766.3918933918444,667.0079609913787,6.328082605232957,105.40443331757423,0.014458143127518213,1126.2626415030245,1107.9098267839986,0.041439941456928864,0.02165611936904607,0.5333333333328483,0.06293503608454679,24.508558543514376,0.718201994142327
1302,31300.0,K_I_769.8964,769.89645,0.4984931955549362,weak_resonance,detected,769.7984333918444,456.0236304262069,4.7509369342843435,95.98604164483609,0.009884821926912188,901.9577953715489,896.4355724992968,0.03489994145388664,0.035458910547477546,0.4333333333329392,0.06870192295051362,18.40029962538172,0.7010751697047932
1303,31400.0,K_I_693.8764,693.876396,0.00655092165605007,weak_anchor,detected,693.7790119490169,22.67631463164131,1.103427502748032,20.55079701672023,0.0005405717995407869,49.62631607696949,41.4650455995786,0.0876547176837903,0.021760187054696446,0.3999999999996362,0.10797528823079579,4.2735563418942535,0.7729400065131695
1303,31400.0,K_I_766.4899,766.48991,1.0,strong_resonance,detected,766.3925259490169,694.6282218926758,3.4901978104271234,199.0225940253136,0.016558970627281438,1206.7408405471733,1181.6652880674274,0.040807384284448744,0.034375872357777934,0.49999999999954525,0.04858460502966035,13.517477994766134,0.8225596897586646
1303,31400.0,K_I_769.8964,769.89645,0.4984931955549362,weak_resonance,detected,769.7990659490168,478.87577016778283,5.5068199366484185,86.96049184045738,0.011415732275775971,981.4952399218282,980.7833769150845,0.0009340509481035042,0.033316513096111805,0.4333333333329392,0.09090887437200888,21.327821905221704,0.8096540839804672
1304,31500.0,K_I_693.8764,693.876396,0.00655092165605007,weak_anchor,detected,693.7790557046275,22.656810598659668,1.802017190818515,12.57302689125205,0.0004786252776483465,47.266089243571514,44.01928946888493,0.0542776287398965,0.1239869739141665,0.3999999999996362,0.09137281496451508,6.979182569625929,0.6843653803937795
1304,31500.0,K_I_766.4899,766.48991,1.0,strong_resonance,detected,766.3925697046275,705.6126326872346,5.717771231377211,123.4069367474986,0.014906071653884396,1276.7237650038642,1249.2506264189242,0.040763628673857966,0.025513191856289735,0.46666666666624224,0.06913154220978919,22.144832756567954,0.7404526495710403
1304,31500.0,K_I_769.8964,769.89645,0.4984931955549362,weak_resonance,detected,769.7991097046274,483.8702655904963,4.151336378085272,116.55771094455915,0.010221762644197194,1006.4104355360339,1005.7120410593249,0.0008902953375127254,0.03355922726662307,0.3999999999996362,0.09053980351791033,16.0780566568439,0.7249724915076182
1305,31600.0,K_I_693.8764,693.876396,0.00655092165605007,weak_anchor,detected,693.779454613007,27.84617990486187,0.7420775232654021,37.52462381872029,0.0006993423395612473,59.03210372682088,55.24161035852348,0.05387872036033059,0.06355694413657886,0.3666666666663332,0.08678414798518776,2.874053889204363,0.9999590673331461
1305,31600.0,K_I_766.4899,766.48991,1.0,strong_resonance,detected,766.392968613007,700.3927122745453,4.128922644667926,169.63086319358138,0.017589999047884042,1235.436391266323,1220.9951895138176,0.040364720294292056,0.03259797276497112,0.46666666666624224,0.07041689750990208,15.991248640592104,0.8737755797359075
1305,31600.0,K_I_769.8964,769.89645,0.4984931955549362,weak_resonance,detected,769.799508613007,492.56787745113087,4.103518831199774,120.03548605797805,0.012370586306139875,1023.8615257456171,1023.5947139375704,0.0004913869579468155,0.02652432592797151,0.3999999999996362,0.07617708964934104,15.892860094099703,0.8773765433561005
1306,31700.0,K_I_693.8764,693.876396,0.00655092165605007,weak_anchor,detected,693.7798137761674,26.583597759742997,1.3703751637929094,19.39877375343348,0.0005205031123361054,57.33080828183677,55.22300564601087,0.05351955719993384,0.09014406787418922,0.3666666666663332,0.0855893323654898,5.307440187431026,0.744244667185675
1306,31700.0,K_I_766.4899,766.48991,1.0,strong_resonance,detected,766.3933277761673,845.1282591494124,3.8613192619678203,218.87033985340932,0.01654749267522458,1598.1300544179903,1590.3119694089837,0.006672223800705979,0.02302369233076114,0.4333333333329392,0.07362051888959671,14.954825196004883,0.8219895274644337
1306,31700.0,K_I_769.8964,769.89645,0.4984931955549362,weak_resonance,detected,769.7998677761673,552.1389244742832,3.0920181497468433,178.56910850264225,0.010810802632064527,1239.6033158949276,1239.5009216801357,0.00013222379766375525,0.028161325899309617,0.3999999999996362,0.09049674467597342,11.975334800151487,0.7667498055058279
1307,31800.0,K_I_693.8764,693.876396,0.00655092165605007,weak_anchor,detected,693.7807149047167,35.03704432507797,1.5460486828662399,22.662316338009703,0.0012388036878497404,72.83772098027407,65.21908477662065,0.08595176198400623,0.14616040383710033,0.3999999999996362,0.08955435142902983,5.9878208011723055,1.7713112880999824
1307,31800.0,K_I_766.4899,766.48991,1.0,strong_resonance,detected,766.3942289047167,937.4866724641495,3.1744135649308878,295.3259407724841,0.03314668715726453,1613.3116918295473,1593.21202138352,0.039104428584664674,0.023366862348695276,0.5333333333328483,0.06529354696796857,12.294450870963427,1.6465473197764384
1307,31800.0,K_I_769.8964,769.89645,0.4984931955549362,weak_resonance,detected,769.8007689047166,652.014724603692,8.4652333958529,77.02265184124902,0.023053264364347577,1366.171695286047,1365.917189575048,-0.0007689047516805658,0.021667063360486405,0.3999999999996362,0.09258639045618236,32.78570796392696,1.6350391889692983
1308,31900.0,K_I_693.8764,693.876396,0.00655092165605007,weak_anchor,detected,693.7810382930247,33.43682102119924,0.8292433184657623,40.3220867465811,0.0009925678443111206,74.81626397338505,66.66995410667847,0.08562837367594511,0.08853936184220117,0.3666666666663332,0.09243117875428983,3.2116455623745916,1.4192294098551366
1308,31900.0,K_I_766.4899,766.48991,1.0,strong_resonance,detected,766.3945522930246,997.5778705587751,8.510524685361178,117.21696457501538,0.029612974148625813,1800.364610192566,1793.3650064273131,0.005447706943414232,0.015813854359037826,0.46666666666624224,0.06943900459692434,32.961120373920934,1.4710116574754766
1308,31900.0,K_I_769.8964,769.89645,0.4984931955549362,weak_resonance,detected,769.8010922930246,697.7218697559872,4.417663317321115,157.93912293413248,0.020711786319439592,1467.930388019806,1467.614878278578,-0.0010922930596279912,0.02881611849415651,0.3999999999996362,0.09778137224800174,17.109536457151652,1.4689712385467761
1309,32000.0,K_I_693.8764,693.876396,0.00655092165605007,weak_anchor,detected,693.7820360346818,39.241580954479204,1.0648946905697807,36.850198711651636,0.001260864846998198,82.56416629305488,78.09199056044906,0.05129729868554023,0.08980598070057799,0.3999999999996362,0.08048773776393507,4.124319402045212,1.8028555760380183
1309,32000.0,K_I_766.4899,766.48991,1.0,strong_resonance,detected,766.3955500346817,1091.6175913156137,6.923914685949496,157.65901817519537,0.03507458705222213,1862.6169489659587,1838.550450942143,0.03778329861961538,0.02466595924287026,0.49999999999954525,0.06453008696406302,26.81620626926774,1.7423149115655927
1309,32000.0,K_I_769.8964,769.89645,0.4984931955549362,weak_resonance,detected,769.8020900346817,732.4986569715807,5.576730213846761,131.34912912817992,0.023535795056784936,1499.8166966773256,1499.5769102878044,-0.0020900347167298605,0.03202732603257137,0.4333333333329392,0.09164885635699425,21.598583244539878,1.6692623939586841
1310,32100.0,K_I_693.8764,693.876396,0.00655092165605007,weak_anchor,low_snr,693.7829675701478,5.101727287483147,3.062691777602845,1.6657658223369267,0.00015471163321770722,15.558560394676988,12.126405386404922,0.11703242988619422,0.09354672421979045,0.29999999999972715,0.15941356181774743,11.861754249232995,0.2212154072568024
1310,32100.0,K_I_766.4899,766.48991,1.0,strong_resonance,detected,766.3964815701478,406.52549840581753,2.766645143554152,146.938070230278,0.012328025442934699,717.1714924659518,716.9848314215718,0.003518429820246638,0.011329871201669032,0.49999999999954525,0.06345812112779749,10.715170565860605,0.6123893212885122
1310,32100.0,K_I_769.8964,769.89645,0.4984931955549362,weak_resonance,detected,769.8030215701477,300.85935534971594,3.0302391342269472,99.28568077399245,0.009123663342252857,668.6087038533193,666.3782149146004,-0.0030215701827955854,0.031066676352546015,0.3999999999996362,0.10586074112397681,11.73606570189762,0.6470904456644487
1311,32200.0,K_I_693.8764,693.876396,0.00655092165605007,weak_anchor,detected,693.7830742534038,16.271973700672252,0.8922477336874268,18.237058034795375,0.0006415911532677374,33.178425021594194,31.738108011917717,0.05025907996355272,0.021618537070077198,0.33333333333303017,0.09422004505791737,3.455660613265857,0.9173831683540119
1311,32200.0,K_I_766.4899,766.48991,1.0,strong_resonance,detected,766.3965882534039,414.5981178988401,5.946681323349642,69.71924260863294,0.01634727842476544,687.9493507322768,683.0633335462196,0.0367450798974005,0.016557358489898352,0.5333333333328483,0.06722194795144303,23.031397730556794,0.81204397133961
1311,32200.0,K_I_769.8964,769.89645,0.4984931955549362,weak_resonance,detected,769.8031282534039,279.4925547616068,0.8000665242172535,349.3366442684861,0.011020172096998734,586.8584315292646,585.1049032493615,-0.003128253438944739,0.018415407402804475,0.3999999999996362,0.0941622246185093,3.098644324154294,0.7815992114177464
1312,32300.0,K_I_693.8764,693.876396,0.00655092165605007,weak_anchor,detected,693.7826717332797,13.568888024002746,2.4681131108304086,5.497676733072184,0.00056930941460842,23.13453903935806,22.629872989979106,0.05066160008766474,-0.009941528322661678,0.46666666666624224,0.05017535630794559,9.558960974811047,0.814030667173638
1312,32300.0,K_I_766.4899,766.48991,1.0,strong_resonance,detected,766.3961857332797,372.4557926781138,1.9465242400163072,191.3440300517365,0.015627116158818493,636.1670078438055,635.2812623753799,0.003814266688323187,0.016684766531358516,0.49999999999954525,0.046203395120002134,7.538855964579063,0.7762702228750008
1312,32300.0,K_I_769.8964,769.89645,0.4984931955549362,weak_resonance,detected,769.8027257332797,271.5708931066507,1.0643349210685784,255.15548511177016,0.011394291551801359,547.933798345445,546.9029927240412,-0.0027257333147190366,0.04177680254244344,0.3999999999996362,0.0741219529159661,4.122151424089338,0.808133413268315
1313,32400.0,K_I_693.8764,693.876396,0.00655092165605007,weak_anchor,detected,693.7826717332797,12.166243021528665,1.259349673353395,9.660734646583427,0.0004980254727312304,27.61521668250998,24.565268473159612,0.08399493342096775,0.05727256351058787,0.33333333333303017,0.1369540469883398,4.877440311953886,0.7121048720329277
1313,32400.0,K_I_766.4899,766.48991,1.0,strong_resonance,detected,766.3961857332797,474.73651682295844,5.465057229748956,86.8676203862491,0.019433351593845155,740.0946532184335,739.2118557058973,0.003814266688323187,0.010864120330663984,0.5666666666661513,0.038160893975825755,21.166075636907397,0.9653433186038971
1313,32400.0,K_I_769.8964,769.89645,0.4984931955549362,weak_resonance,detected,769.8027257332797,331.0441824634121,1.005365113536867,329.27757091033436,0.013551302170647343,680.9771388444556,680.5047000902241,-0.0027257333147190366,0.029172538080465497,0.4333333333329392,0.09393854159745282,3.893762341589756,0.9611181202103123
1314,32500.0,K_I_693.8764,693.876396,0.00655092165605007,weak_anchor,detected,693.7813147064121,13.02224136375479,1.026640676304548,12.684322435605313,0.000617443327580008,37.51623886748439,30.550282872275073,0.08535196028856262,0.06748274141700643,0.33333333333303017,0.12203320598398328,3.9761622418702496,0.8828552470673149
1314,32500.0,K_I_766.4899,766.48991,1.0,strong_resonance,detected,766.3948287064121,425.69523289959557,3.5417782966538525,120.1925126995604,0.020184135264767172,655.6731171293623,643.5761835512881,0.03850462688922107,0.025016563997857438,0.5999999999994543,0.04465456681109892,13.717248358911718,1.0026381720902624
1314,32500.0,K_I_769.8964,769.89645,0.4984931955549362,weak_resonance,detected,769.8013687064121,297.33556324613534,3.964518230353894,74.99916659976957,0.014098023101426728,561.66685769792,561.479682469668,-0.0013687064471241683,0.023463115257855525,0.46666666666624224,0.07276031230762085,15.354513081910296,0.9998939800246177
1315,32600.0,K_I_693.8764,693.876396,0.00655092165605007,weak_anchor,detected,693.7813147064121,16.052147591106127,0.4958447127791393,32.37333620265127,0.0005507361010776252,38.26943053705145,35.18409868310661,0.052018626955259606,0.12244385647491073,0.33333333333303017,0.11525970379313528,1.920398314900353,0.7874734973514996
1315,32600.0,K_I_766.4899,766.48991,1.0,strong_resonance,detected,766.3948287064121,395.7115840908234,5.062729655651816,78.16170544462467,0.013576541938486722,661.4352603465559,651.2235410420695,0.03850462688922107,0.016356172377928264,0.5333333333328483,0.057675553748935834,19.607867642707728,0.674408837136186
1315,32600.0,K_I_769.8964,769.89645,0.4984931955549362,weak_resonance,detected,769.8013687064121,289.9659997238137,3.2738519043868233,88.57028607044549,0.009948497123303899,560.5534264449298,560.2853831937922,-0.0013687064471241683,0.02845926387827174,0.46666666666624224,0.06868624679340647,12.679573903651134,0.7055912954829183
1316,32700.0,K_I_693.8764,693.876396,0.00655092165605007,weak_anchor,detected,693.7817168064585,36.76960182637322,2.2621048300013658,16.254596753745943,0.0010865906992621494,64.77018107372685,64.09144762241107,0.01828319357559849,0.04039640771607948,0.3999999999996362,0.07247230883511115,8.761094333978617,1.5536685836706616
1316,32700.0,K_I_766.4899,766.48991,1.0,strong_resonance,detected,766.3952308064585,638.8473953478344,4.6998630452081045,135.92893861007113,0.018878791271949857,1022.0428505260879,1016.4998723635772,0.03810252684286297,0.012492404670819569,0.5666666666661513,0.062310788324508815,18.202491303563217,0.9377957749432347
1316,32700.0,K_I_769.8964,769.89645,0.4984931955549362,weak_resonance,detected,769.8017708064584,475.0603478748037,7.480853859896982,63.50349261886874,0.014038665907411544,951.2768077358087,950.7113394034714,-0.0017708064934822687,0.020617449574653293,0.4333333333329392,0.07908890868764881,28.973222414818835,0.9956841060203022
1317,32800.0,K_I_693.8764,693.876396,0.00655092165605007,weak_anchor,detected,693.7794540833975,17.1914019087277,2.146309306654819,8.009750437844284,0.0005230797941525346,33.92872986408747,30.82620994472465,0.0872125833031987,0.14248740562475176,0.3666666666663332,0.11616250854504108,8.312620200491661,0.7479289519775657
1317,32800.0,K_I_766.4899,766.48991,1.0,strong_resonance,detected,766.3929680833975,398.1288326895569,3.5695845921919003,111.53365956375507,0.012113796708092591,678.0941457942763,664.9175280379159,0.04036524990385715,0.01634331418514784,0.49999999999954525,0.05950811088436664,13.824941678450397,0.6017476017254136
1317,32800.0,K_I_769.8964,769.89645,0.4984931955549362,weak_resonance,detected,769.7995080833974,302.87360600602835,5.964045326974972,50.78325019364819,0.009215482502531642,596.7661285327913,596.5235632130643,0.0004919165675119075,0.031075026307793074,0.4333333333329392,0.09175936349476854,23.098648227421243,0.6536026654950703
1318,32900.0,K_I_693.8764,693.876396,0.00655092165605007,weak_anchor,detected,693.7794141213672,15.871854490089854,0.7955257794835627,19.951401826844005,0.0006080632042680285,34.78372675467517,30.42768800426561,0.0872525453335129,0.09992261384394976,0.3999999999996362,0.0769036740238306,3.081058095421315,0.8694430184234699
1318,32900.0,K_I_766.4899,766.48991,1.0,strong_resonance,detected,766.392928121367,399.8705905592701,4.924380675007043,81.20220936386039,0.015319356206285517,631.9116239916502,623.4688337091588,0.040405211934285035,0.01813173146481954,0.5666666666661513,0.05716146721619831,19.07204434470526,0.7609823806066781
1318,32900.0,K_I_769.8964,769.89645,0.4984931955549362,weak_resonance,detected,769.799468121367,296.28753909355896,3.9090595565672985,75.79509465282767,0.011351008196200916,562.4328364811627,562.2642187006971,0.0005318785979397944,0.026852399261984208,0.46666666666624224,0.06836935272443273,15.139722561931867,0.8050635667807059
1319,33000.0,K_I_693.8764,693.876396,0.00655092165605007,weak_anchor,detected,693.7794141213672,22.132352353293825,1.1225961382776535,19.71532913630939,0.0005750407510989303,60.25327612567003,57.78143209871504,0.05391921200020988,0.036957078714867114,0.3666666666663332,0.09686989740403221,4.347796148070064,0.8222256549034224
1319,33000.0,K_I_766.4899,766.48991,1.0,strong_resonance,detected,766.392928121367,588.6854335143669,7.9050097578267655,74.4699186400761,0.015295170998789982,946.9241107009129,944.0776838928942,0.007071878600982018,0.010759078205708397,0.5333333333328483,0.046875641191890194,30.615971143698033,0.7597809909054668
1319,33000.0,K_I_769.8964,769.89645,0.4984931955549362,weak_resonance,detected,769.799468121367,422.8250944769516,9.52885651330442,44.37312009962507,0.010985802865880955,796.5301921512873,796.2723259276233,0.0005318785979397944,0.023807901739379918,0.46666666666624224,0.07065223590681247,36.90510258446166,0.7791615939556737
1320,33100.0,K_I_693.8764,693.876396,0.00655092165605007,weak_anchor,detected,693.7790931520532,13.81320990483747,1.658343074646937,8.329524883009094,0.0005347603583987146,21.76165434025026,21.549682429118644,-0.012426485352420968,0.03549332608527868,0.49999999999954525,0.14055811081482386,6.422735110411832,0.7646304806407135
1320,33100.0,K_I_766.4899,766.48991,1.0,strong_resonance,detected,766.3926071520532,430.2170177010205,2.663669347379158,161.51292131071762,0.016655289260062166,791.4253779080523,769.9049972110547,0.04072618124814653,0.03132900331112523,0.46666666666624224,0.07276998081551818,10.316347022212039,0.827344276100497
1320,33100.0,K_I_769.8964,769.89645,0.4984931955549362,weak_resonance,detected,769.7991471520531,308.1586088224732,1.718530045543651,179.31522909451857,0.011929957571979287,616.8867409493041,616.4689368864251,0.000852847911801291,0.036399954116637566,0.4333333333329392,0.08859851379764652,6.655838246353688,0.8461252100632466
1321,33200.0,K_I_693.8764,693.876396,0.00655092165605007,weak_anchor,detected,693.7802159924365,11.4571892360059,1.1403986629820546,10.046652638162723,0.00042586663738941686,24.517640382846253,24.120759189763334,0.0197840075975364,0.05899979647682106,0.3666666666663332,0.10485013319566469,4.41674502977072,0.6089281049384101
1321,33200.0,K_I_766.4899,766.48991,1.0,strong_resonance,detected,766.3937299924366,402.6665945493836,3.308371092299093,121.71143542109652,0.014967219714839436,673.9507513201152,670.5003515313208,0.0396033408646872,0.02765030382010849,0.5333333333328483,0.06457636285992063,12.813266143560082,0.7434901529992821
1321,33200.0,K_I_769.8964,769.89645,0.4984931955549362,weak_resonance,detected,769.8002699924366,274.9903750949422,1.2906885881969734,213.0571058035694,0.010221462170503785,567.7994150452091,567.7481351346672,-0.00026999247165804263,0.029064495289704128,0.3999999999996362,0.0801076845041219,4.998815407231387,0.7249511805879925
1322,33300.0,K_I_693.8764,693.876396,0.00655092165605007,weak_anchor,detected,693.7809779014757,15.491290474999717,0.8547495414992136,18.12377746097214,0.00046489889030488927,37.25944102659628,36.385071635475,0.05235543189166947,0.09198195216638455,0.33333333333303017,0.12080856652634794,3.3104307394078902,0.664738618635828
1322,33300.0,K_I_766.4899,766.48991,1.0,strong_resonance,detected,766.3944919014757,493.81017901057595,1.3314651593330822,370.8772817291897,0.014819411243612335,840.510715699972,831.5413292638228,0.038841431825630934,0.018650007760670655,0.49999999999954525,0.07012007152177403,5.156742388157122,0.7361478312467477
1322,33300.0,K_I_769.8964,769.89645,0.4984931955549362,weak_resonance,detected,769.8010319014757,365.2124686407724,4.8099581675432,75.92840850574659,0.01096015026447352,746.7794422299803,746.3119569243157,-0.001031901510714306,0.026636934082595445,0.3999999999996362,0.06961389277646225,18.6288878788661,0.777342198318801
1323,33400.0,K_I_693.8764,693.876396,0.00655092165605007,weak_anchor,detected,693.7831117614913,14.397383400901516,0.9664656152526148,14.896943226623048,0.0005467976190777783,29.411097548163752,28.65142024401323,0.05022157187602261,-0.002937973269369414,0.33333333333303017,0.11445347700565316,3.743105232558886,0.7818420339544083
1323,33400.0,K_I_766.4899,766.48991,1.0,strong_resonance,detected,766.3966257614914,417.9615397054776,3.2586198634299763,128.26336216631827,0.01587374375004329,697.9582802470177,680.418705459017,0.036707571809984074,0.019764611890104478,0.5333333333328483,0.062264563988896814,12.620580462696465,0.7885213415882357
1323,33400.0,K_I_769.8964,769.89645,0.4984931955549362,weak_resonance,detected,769.8031657614913,284.22325747781866,2.2853732070722437,124.3662333129094,0.010794503150181455,613.5754895200851,612.7056819465395,-0.003165761526361166,0.02849480505831645,0.3999999999996362,0.08584691932794612,8.851212370867485,0.7655937743591096
1324,33500.0,K_I_693.8764,693.876396,0.00655092165605007,weak_anchor,detected,693.7829675701478,7.923121920047904,0.9201609019286305,8.610583109368449,0.0003204651088432281,23.66779510470019,16.014344230267163,0.11703242988619422,0.04388801687427699,0.26666666666642413,0.18027381900683484,3.5637678490040234,0.4582190627164578
1324,33500.0,K_I_766.4899,766.48991,1.0,strong_resonance,detected,766.3964815701478,399.3830220536731,2.325633044020625,171.73088552405824,0.016153774348558032,648.3227948237244,637.5863948861045,0.036851763153549655,0.02077906553917022,0.5333333333328483,0.04569204070387496,9.007138048889734,0.8024317402127568
1324,33500.0,K_I_769.8964,769.89645,0.4984931955549362,weak_resonance,detected,769.8030215701477,288.08299456900124,2.20545919934416,130.62268150536124,0.011652041851942106,573.5183884125051,573.2988638970608,-0.0030215701827955854,0.0328848803654342,0.46666666666624224,0.0829712168809179,8.541706749807645,0.8264142014047872
1325,33600.0,K_I_693.8764,693.876396,0.00655092165605007,weak_anchor,detected,693.7809779014757,15.179136649299526,1.2484385304778185,12.158497417962558,0.00041082336499777175,33.39059528825533,31.98638915040193,0.05235543189166947,0.018276232194887353,0.33333333333303017,0.11711541950349731,4.83518163730865,0.5874183867654401
1325,33600.0,K_I_766.4899,766.48991,1.0,strong_resonance,detected,766.3944919014757,588.3066340758936,6.687506552882539,87.97099926912428,0.01592252027540214,1036.776665362644,1032.5052038395938,0.0055080984923279175,0.00999573760521464,0.49999999999954525,0.07086984846079251,25.9006015069906,0.790944294347182
1325,33600.0,K_I_769.8964,769.89645,0.4984931955549362,weak_resonance,detected,769.8010319014757,404.2289499900178,3.947412370220746,102.40352719151372,0.010940457372592308,881.0224909883009,880.3698688147988,-0.001031901510714306,0.02421053245975916,0.3999999999996362,0.08020369804284054,15.288262370492,0.7759454915678166
1326,33700.0,K_I_693.8764,693.876396,0.00655092165605007,weak_anchor,detected,693.7802159924365,15.896363146240882,1.4702395745149166,10.81209037070414,0.0004278516627994434,42.54017565238115,42.433243477927796,0.0197840075975364,0.05437788741938462,0.33333333333303017,0.1144348068211366,5.6942133870365295,0.6117664060755729
1326,33700.0,K_I_766.4899,766.48991,1.0,strong_resonance,detected,766.3937299924366,620.4569924030952,7.113939811561908,87.21707082687142,0.01669964088345464,1015.7860506337056,1012.4101510269901,0.006270007531384181,0.018679693940298586,0.5333333333328483,0.05429947812409305,27.552170416126256,0.8295474237718807
1326,33700.0,K_I_769.8964,769.89645,0.4984931955549362,weak_resonance,detected,769.8002699924366,436.5167810080213,1.2959483180678957,336.83193605962293,0.011748877958812097,850.199057272803,850.0870230316593,-0.00026999247165804263,0.024591593801848846,0.46666666666624224,0.0609460219854735,5.019186253427037,0.8332822452157329
1327,33800.0,K_I_693.8764,693.876396,0.00655092165605007,weak_anchor,detected,693.7793964770883,10.2392890813875,1.3025690571104367,7.860841638678183,0.00031930902771461076,35.61661386571632,35.33727852226596,-0.012729810387554608,0.016046940897691805,0.26666666666642413,0.17140407307436792,5.044828265478407,0.4565660328028694
1327,33800.0,K_I_766.4899,766.48991,1.0,strong_resonance,detected,766.3929104770883,647.0379652653129,5.456488839096419,118.58137794202118,0.020177676588784287,1076.3545334456994,1073.4285488823336,0.007089522879709875,0.019806862411003906,0.5333333333328483,0.04442359583728688,21.132890402606293,1.0023173401598051
1327,33800.0,K_I_769.8964,769.89645,0.4984931955549362,weak_resonance,detected,769.7994504770883,439.00825392365107,9.308418402877574,47.16249688431898,0.013690335100887163,908.7896784712684,908.5571954830692,0.0005495228766676519,0.019899523807546185,0.4333333333329392,0.06801930923848085,36.05134945390828,0.9709789488507413
1328,33900.0,K_I_693.8764,693.876396,0.00655092165605007,weak_anchor,detected,693.7793964770883,15.335848173610959,2.345362721555077,6.538795911040415,0.0003996400065422336,42.852128508061014,42.303924154854464,0.02060352294574841,0.11760606865419708,0.29999999999972715,0.10772619794393054,9.083550761406778,0.5714277909467055
1328,33900.0,K_I_766.4899,766.48991,1.0,strong_resonance,detected,766.3929104770883,820.9775201544738,6.3434083475295235,129.42214582074135,0.021394021237777273,1260.1589159196883,1256.3243015315143,0.007089522879709875,0.012588197896109578,0.5999999999994543,0.04472268116781907,24.567914888197297,1.0627387334719534
1328,33900.0,K_I_769.8964,769.89645,0.4984931955549362,weak_resonance,detected,769.7994504770883,574.7782197850885,12.64691638384811,45.448092036028726,0.01497826327666103,1125.288167845487,1124.9525020870383,0.0005495228766676519,0.024808081696455375,0.46666666666624224,0.07065175063362644,48.981296535566,1.0623244956976643
1329,34000.0,K_I_693.8764,693.876396,0.00655092165605007,weak_anchor,detected,693.7793964770883,32.37215263430073,4.400393496152673,7.356649504778191,0.0007871294913784699,51.092048881469054,50.399090855457935,0.02060352294574841,0.2201456060609986,0.46666666666624224,0.08651056849502638,17.042650727374234,1.125482081584016
1329,34000.0,K_I_766.4899,766.48991,1.0,strong_resonance,detected,766.3929104770883,802.9570990161264,1.2152018385012002,660.7602733768687,0.019523916746815615,1224.7252367016672,1206.44947010936,0.04042285621301289,0.02580866626444378,0.5999999999994543,0.03743138092003163,4.706456482800064,0.9698421033295367
1329,34000.0,K_I_769.8964,769.89645,0.4984931955549362,weak_resonance,detected,769.7994504770883,585.3605985636161,5.560490171095322,105.27140243974392,0.01423305380477453,1064.8615815215035,1064.4384920882744,0.0005495228766676519,0.0255044080692569,0.46666666666624224,0.06684274223580974,21.535685829421794,1.0094709530813788
1330,34100.0,K_I_693.8764,693.876396,0.00655092165605007,weak_anchor,detected,693.7785996050861,20.321822500401446,1.2124206324018159,16.761363141885617,0.0006334725064879183,37.04855283637903,35.58716419513239,0.05473372828123502,0.05360750484833517,0.3666666666663332,0.07892522077153112,4.695684917894768,0.9057746699081027
1330,34100.0,K_I_766.4899,766.48991,1.0,strong_resonance,detected,766.3921136050861,486.68088623638084,1.0698394607655792,454.91020296457475,0.015170832284251637,789.7685567967728,776.1735210325627,0.04121972821519648,0.03292616087179301,0.5333333333328483,0.05680439596748801,4.14347041466438,0.7536045191453714
1330,34100.0,K_I_769.8964,769.89645,0.4984931955549362,weak_resonance,detected,769.7986536050861,326.8276983367822,2.3146153742545277,141.20173138573583,0.010187883554783965,684.4468907230089,683.8126979773715,0.0013463948788512425,0.023496935245591682,0.3999999999996362,0.08270175637711885,8.964466797371587,0.7225696370570835
1331,34200.0,K_I_693.8764,693.876396,0.00655092165605007,weak_anchor,detected,693.7772974403672,21.258407563575073,0.9504991734947755,22.36551925175548,0.0006182988316331622,31.423724672978665,28.934926812851536,0.08936922633347422,0.12098259274392709,0.5666666666661513,0.05103166990343859,3.6812674695325276,0.8840784949485007
1331,34200.0,K_I_766.4899,766.48991,1.0,strong_resonance,detected,766.3908114403673,553.8139784687863,2.205793766718232,251.07241974518215,0.01610762870197686,972.2992409444032,958.7511836667625,0.04252189293401898,0.028164901347177144,0.49999999999954525,0.07097711688805619,8.543002523675609,0.8001394752169493
1331,34200.0,K_I_769.8964,769.89645,0.4984931955549362,weak_resonance,detected,769.7973514403673,381.3699038819974,2.322199888081172,164.2278538722704,0.011092108629731966,771.8357537632724,770.7251737663535,0.0026485595976737386,0.03083347031954125,0.4333333333329392,0.07448256994290708,8.993841493111285,0.7867012676072077
1332,34300.0,K_I_693.8764,693.876396,0.00655092165605007,weak_anchor,detected,693.7745750519382,18.972145154215895,1.4280020494666648,13.285796866539288,0.0005846191480475862,44.84706849563145,41.28621962384294,0.05875828142916362,0.06545594426245022,0.3999999999996362,0.09482958946545812,5.530628155939483,0.835921386360685
1332,34300.0,K_I_766.4899,766.48991,1.0,strong_resonance,detected,766.3880890519382,684.1703990082326,4.2311434330315905,161.6987015063274,0.021082440205697495,1161.8210320295893,1124.9295726628068,0.04524428136312508,0.027216159458422814,0.5333333333328483,0.057197994887724,16.38714805156113,1.0472610807330824
1332,34300.0,K_I_769.8964,769.89645,0.4984931955549362,weak_resonance,detected,769.7946290519382,472.63085550964826,4.328986218624976,109.17818436940435,0.014563932852245356,957.5653398614877,954.1372896076265,0.005370948026779843,0.03608306696939139,0.4333333333329392,0.08308787091979669,16.7660915307112,1.0329383545249808
1333,34400.0,K_I_693.8764,693.876396,0.00655092165605007,weak_anchor,detected,693.7745750519382,21.765762001987028,0.8387182216016137,25.95122109118268,0.0005952139690360136,48.32316318221717,42.68582325706148,0.09209161476246663,0.04990742268508874,0.3666666666663332,0.13576690360044918,3.248341704426706,0.8510704581597643
1333,34400.0,K_I_766.4899,766.48991,1.0,strong_resonance,detected,766.3880890519382,734.4923744830687,10.66182226631184,68.88994734078848,0.02008567958258675,1247.908515500767,1224.7893632186926,0.04524428136312508,0.020557763033642932,0.5333333333328483,0.06108118395970443,41.293060077686725,0.9977474287456319
1333,34400.0,K_I_769.8964,769.89645,0.4984931955549362,weak_resonance,detected,769.7946290519382,501.6167439937245,1.6356421274632853,306.6787872306035,0.013717382975159328,1029.8485729828917,1025.67425789265,0.005370948026779843,0.03678492283145939,0.4333333333329392,0.08440290788792465,6.334814720026334,0.9728973033932632
1334,34500.0,K_I_693.8764,693.876396,0.00655092165605007,weak_anchor,detected,693.7745750519382,14.578396128475188,0.5764893462334876,25.288231645083513,0.0003960338586176179,41.94338822089753,41.40690188095461,0.0254249480958606,0.025666645381665607,0.33333333333303017,0.09673469687739111,2.2327336372303295,0.5662715175289879
1334,34500.0,K_I_766.4899,766.48991,1.0,strong_resonance,detected,766.3880890519382,577.0918171559416,3.5085358439279926,164.48223499117987,0.01567716346234482,831.0639791780686,826.5864044753548,0.04524428136312508,0.030380740642841592,0.6666666666660603,0.034434945321415264,13.588500893117258,0.7787563009887
1334,34500.0,K_I_769.8964,769.89645,0.4984931955549362,weak_resonance,detected,769.7946290519382,416.0794166561159,5.206681390966164,79.91259410995133,0.011303132074167633,765.0270736287803,759.8231631673052,0.03870428136008286,0.03352436619203334,0.49999999999954525,0.06331140396610639,20.165390316238362,0.8016679810405208
1335,34600.0,K_I_693.8764,693.876396,0.00655092165605007,weak_anchor,detected,693.7771029416882,12.443975870766424,1.1267592142894294,11.044041808536702,0.0002927791599002421,40.163615104240534,33.93642532775672,0.08956372501245369,0.06740453960543824,0.33333333333303017,0.1314432867319325,4.363919672132682,0.4186321335157601
1335,34600.0,K_I_766.4899,766.48991,1.0,strong_resonance,detected,766.3906169416882,601.6018934880175,2.106872332986736,285.54264255545894,0.014154358606850019,1086.657142961937,1082.7943987930366,0.00938305827980912,0.02508572579513263,0.49999999999954525,0.04802369509814759,8.159881458250217,0.7031116297290568
1335,34600.0,K_I_769.8964,769.89645,0.4984931955549362,weak_resonance,detected,769.7971569416882,424.99119603039094,9.017304869985525,47.130622969729224,0.009999100498988143,917.5944160798826,916.3294483715415,0.0028430582767668966,0.01244804898060994,0.3999999999996362,0.07778394201053547,34.92387158916074,0.7091803100810345
1336,34700.0,K_I_693.8764,693.876396,0.00655092165605007,weak_anchor,detected,693.7745750519382,20.09079677263107,2.8410752599856943,7.071546838478412,0.0004977646663434881,35.25399424746138,34.86151368295109,-0.007908385237442417,-0.03681347447230185,0.33333333333303017,0.13051308988079416,11.003437167256507,0.7117319563698994
1336,34700.0,K_I_766.4899,766.48991,1.0,strong_resonance,detected,766.3880890519382,490.6773818540904,3.6709411311598656,133.66528209594486,0.012156902786136339,803.1110730921646,782.9031036212414,0.04524428136312508,0.027031159896648314,0.5333333333328483,0.05094446596734246,14.217493865902908,0.6038888774713806
1336,34700.0,K_I_769.8964,769.89645,0.4984931955549362,weak_resonance,detected,769.7946290519382,349.1655711781175,1.5497813097074953,225.2998981153146,0.008650840780634115,722.5546310159432,720.0707152435089,0.005370948026779843,0.033317670779500756,0.4333333333329392,0.08020353303741208,6.002277202766107,0.6135557841320418
1337,34800.0,K_I_693.8764,693.876396,0.00655092165605007,weak_anchor,detected,693.7735185221753,22.835394134195877,1.3905433619312817,16.421921645421055,0.000574478859143202,43.706389362045684,33.548393545336765,0.12648147785864694,0.020920476969636868,0.3999999999996362,0.11230738359901996,5.385551282944025,0.8214222301367415
1337,34800.0,K_I_766.4899,766.48991,1.0,strong_resonance,detected,766.3870325221753,594.2321888600244,3.95803301756265,150.13320662644486,0.01494932944517341,994.022299181097,970.6868937192284,0.04630081112600237,0.02811724385677891,0.5333333333328483,0.05614141486026723,15.329395960773173,0.742601461606718
1337,34800.0,K_I_769.8964,769.89645,0.4984931955549362,weak_resonance,detected,769.7935725221753,421.9483479495979,3.1797734267802995,132.69761436331157,0.010615118097937736,841.2987256060063,837.4972704590098,0.006427477789657132,0.04261842380308506,0.46666666666624224,0.0799080835566289,12.315209526644189,0.7528709952464308
1338,34900.0,K_I_693.8764,693.876396,0.00655092165605007,weak_anchor,detected,693.7735185221753,12.730323211193996,1.1097857351800366,11.470973907525313,0.0004090319431036363,28.246265334811824,27.482356833474544,0.02648147785873789,0.11952846364634251,0.3666666666663332,0.10602054902907812,4.2981816702147455,0.5848569108399531
1338,34900.0,K_I_766.4899,766.48991,1.0,strong_resonance,detected,766.3870325221753,438.0483504679505,3.3829458165080317,129.48724993772316,0.014074722612517495,713.166683328911,704.0084604173657,0.04630081112600237,0.02067916603003265,0.5666666666661513,0.06873447107859057,13.102092808469575,0.6991557462223936
1338,34900.0,K_I_769.8964,769.89645,0.4984931955549362,weak_resonance,detected,769.7935725221753,299.80003165519145,7.712596878155734,38.87147693461204,0.009632731821186274,608.759114925113,606.1199467807794,0.006427477789657132,0.021517330109947125,0.4333333333329392,0.08036011187577839,29.87075926513564,0.6831958275214483
1339,35000.0,K_I_693.8764,693.876396,0.00655092165605007,weak_anchor,detected,693.7728491756527,16.795343320377686,2.1922226511299927,7.661330983748589,0.00047202757240118615,38.11199540012626,38.0896470544324,-0.006182508951951604,0.04315914144571932,0.3999999999996362,0.10876082538731989,8.490441819012856,0.6749316098178001
1339,35000.0,K_I_766.4899,766.48991,1.0,strong_resonance,detected,766.3863631756527,469.8209582006597,2.448150468890453,191.9085302030439,0.01320416273322536,723.2428982449565,705.0690079287048,0.046970157648615896,0.03063259290922677,0.5999999999994543,0.04261786751956415,9.481645995031228,0.6559110614925892
1339,35000.0,K_I_769.8964,769.89645,0.4984931955549362,weak_resonance,detected,769.7929031756527,354.42733968284676,2.396518988498499,147.89256475072105,0.009961063227574594,658.5022711041372,655.2099821641351,0.007096824312270655,0.039271356521597946,0.46666666666624224,0.0793363099051188,9.28167813133297,0.7064825390226852
1340,35100.0,K_I_693.8764,693.876396,0.00655092165605007,weak_anchor,detected,693.7726736216154,24.592702617663218,0.8993546401613453,27.34483319422387,0.0006751957718871331,39.15462477179494,36.50076932818647,0.06065971175200957,0.13031660716225474,0.3999999999996362,0.07741116156281876,3.483185543682422,0.9654329448251733
1340,35100.0,K_I_766.4899,766.48991,1.0,strong_resonance,detected,766.3861876216154,514.5006665860866,6.29624133507924,81.71552505771469,0.014125681106009563,952.1056523578391,931.8724292279668,0.04714571168597104,0.034398044220386385,0.46666666666624224,0.07933302840939586,24.385237834486826,0.7016870873027592
1340,35100.0,K_I_769.8964,769.89645,0.4984931955549362,weak_resonance,detected,769.7927276216153,364.96335887580454,3.9313595502336343,92.8338795300764,0.010020115342251248,769.8896672620649,768.040464990445,0.0072723783496257965,0.018574940654752996,0.3999999999996362,0.08982231007843816,15.226090066022195,0.710670775454709
1341,35200.0,K_I_693.8764,693.876396,0.00655092165605007,weak_anchor,detected,693.7724476905687,10.668487052084435,1.3160676679083638,8.106336256280759,0.0002873017700398569,35.91181910188084,26.138321211109975,0.09421897613196961,0.12003962976274202,0.26666666666642413,0.1574143003333111,5.097108160295762,0.41080025298118955
1341,35200.0,K_I_766.4899,766.48991,1.0,strong_resonance,detected,766.3859616905687,572.4327822997914,2.0040599805849237,285.63655172272627,0.015415583370037213,1070.3140778337965,1058.3325383015253,0.014038309399325044,0.03283284502354461,0.46666666666624224,0.07688762287729298,7.761690929613228,0.7657624232641332
1341,35200.0,K_I_769.8964,769.89645,0.4984931955549362,weak_resonance,detected,769.7925016905687,400.55956125919005,6.634114536167965,60.378752744682565,0.01078704697248228,890.5071469746736,888.1127353282498,0.007498309396282821,0.03829055438971615,0.3999999999996362,0.09276322809892808,25.69381511543444,0.7650649493499745
1342,35300.0,K_I_693.8764,693.876396,0.00655092165605007,weak_anchor,detected,693.7717995547665,14.19760494175531,0.7734089339546228,18.357177320359614,0.00028514567125275514,25.240468011569305,23.202473960189405,0.061533778600846745,0.010691774204230797,0.4333333333329392,0.08638021907088295,2.9953999210170106,0.40771734149383265
1342,35300.0,K_I_766.4899,766.48991,1.0,strong_resonance,detected,766.3853135547665,520.8594665304764,4.807949896381821,108.33296472628479,0.010460977243801402,1097.154192210408,1083.0809592761316,0.014686445201505194,0.031104867397943957,0.3999999999996362,0.08661682960080162,18.621109878103404,0.5196445111181659
1342,35300.0,K_I_769.8964,769.89645,0.4984931955549362,weak_resonance,detected,769.7918535547665,334.89122743723334,1.205364366225791,277.8340200032933,0.006725978377057363,839.0762013245129,838.3706031884013,0.00814644519846297,0.03719161393329494,0.33333333333303017,0.1352403978142105,4.668356116508591,0.4770360525451831
1343,35400.0,K_I_693.8764,693.876396,0.00655092165605007,weak_anchor,detected,693.7714852014187,22.823445243856476,0.8068457451207043,28.287247447084304,0.0005355886936319372,40.744346528985716,39.50979839252648,0.061848131948636365,-0.0006823732448284154,0.4333333333329392,0.06592922492516747,3.124900133813644,0.7658148810128862
1343,35400.0,K_I_766.4899,766.48991,1.0,strong_resonance,detected,766.3849992014186,741.4715607183591,1.9261779250149345,384.9444805118978,0.017399817614182318,1405.5187195395638,1393.8929471388892,0.0150007985494085,0.03248903443468372,0.46666666666624224,0.061807047488359,7.460055025421984,0.8643283994355925
1343,35400.0,K_I_769.8964,769.89645,0.4984931955549362,weak_resonance,detected,769.7915392014186,480.5289012161791,2.962169208939531,162.22196212356502,0.011276380218014645,1112.3008051280156,1109.3302498341343,0.008460798546366277,0.03650241502650162,0.3999999999996362,0.10172265449871488,11.472432014881635,0.7997706214086481
1344,35500.0,K_I_693.8764,693.876396,0.00655092165605007,weak_anchor,detected,693.7710016652793,22.290387347383643,0.40757000889844175,54.690941091639445,0.0005172353375024606,44.06264325607822,43.891275802145636,0.028998334754760435,0.06776904917078924,0.49999999999954525,0.051864037293277286,1.578511856878709,0.739572218672181
1344,35500.0,K_I_766.4899,766.48991,1.0,strong_resonance,detected,766.3845156652793,723.9665976392286,7.011723981025036,103.25086948636456,0.016799219395996146,1299.9278939292071,1268.3116665748337,0.04881766802202492,0.02396785819836235,0.49999999999954525,0.07266540328216553,27.156290206737832,0.8344939432280974
1344,35500.0,K_I_769.8964,769.89645,0.4984931955549362,weak_resonance,detected,769.7910556652793,493.0460007822001,1.197205728883313,411.830639368963,0.011440842666592468,1066.8649366180189,1060.662263864678,0.008944334685679678,0.03602393315668081,0.3999999999996362,0.08531069927878443,4.6367578499533995,0.8114350236507207
1345,35600.0,K_I_693.8764,693.876396,0.00655092165605007,weak_anchor,low_snr,693.7709304922412,26.31553684310144,5.347735275706446,4.920875003414433,0.0005964796790991896,48.68035212535597,46.128455206050226,0.062402841126186104,-0.09213572419317069,0.3999999999996362,0.06457001072997516,20.71168966275583,0.8528802416987986
1345,35600.0,K_I_766.4899,766.48991,1.0,strong_resonance,detected,766.3844444922412,678.2500888182509,2.533597035717143,267.70243225607106,0.015373518607634343,1297.77569531723,1282.664584029421,0.015555507726844553,0.023407345565054548,0.4333333333329392,0.07305648665671387,9.812579125341896,0.7636728744213525
1345,35600.0,K_I_769.8964,769.89645,0.4984931955549362,weak_resonance,detected,769.7909844922411,479.5911719494921,4.870802407867857,98.46245685819723,0.010870627114651813,1110.1114793508768,1104.4831381812808,0.00901550772380233,0.03178291530546756,0.3999999999996362,0.08769800787534862,18.864536608356353,0.7709928216767308
1346,35700.0,K_I_693.8764,693.876396,0.00655092165605007,weak_anchor,detected,693.7707119867355,14.756123947218423,1.3229417962675207,11.154023547257019,0.00026780560629592983,32.858651306291335,32.8049242341576,-0.004045320034720135,0.19403536437494148,0.33333333333303017,0.16503260555831728,5.123731544950493,0.38292353994507816
1346,35700.0,K_I_766.4899,766.48991,1.0,strong_resonance,detected,766.3842259867356,620.7751852665649,4.502322801048656,137.87887112891536,0.0112663105472978,1192.5497647280063,1171.2011715247093,0.04910734656573368,0.030598747403099976,0.46666666666624224,0.08671571892094045,17.43742122772723,0.5596490939625206
1346,35700.0,K_I_769.8964,769.89645,0.4984931955549362,weak_resonance,detected,769.7907659867356,440.06096214348236,3.734630780577429,117.83252160617667,0.007986568369549427,979.7176466894934,977.6060991610636,0.009234013229388438,0.026506776542801435,0.3999999999996362,0.10194741515487543,14.464162817423144,0.5664426548541646
1347,35800.0,K_I_693.8764,693.876396,0.00655092165605007,weak_anchor,detected,693.7707119867355,10.730277882889316,0.9885045042370009,10.855062204467869,0.00019811142095167358,23.909849350527196,23.01712508056323,0.029288013298582882,0.1496390513664419,0.33333333333303017,0.11956226061283762,3.8284614825644048,0.28327086823767267
1347,35800.0,K_I_766.4899,766.48991,1.0,strong_resonance,detected,766.3842259867356,459.88021221022916,2.6103468941554335,176.17589954802594,0.008490695516264987,954.8946135891647,923.9328974664695,0.04910734656573368,0.03176117111243316,0.3999999999996362,0.09018807076270224,10.109830048897443,0.4217716201626492
1347,35800.0,K_I_769.8964,769.89645,0.4984931955549362,weak_resonance,detected,769.7907659867356,311.60283196961547,4.265805411064332,73.04665870632611,0.0057530737309706695,758.9193627806726,757.8884121997913,0.009234013229388438,0.037293753807314534,0.3666666666663332,0.12550592703704438,16.52139331522867,0.4080333638872522
1348,35900.0,K_I_693.8764,693.876396,0.00655092165605007,weak_anchor,detected,693.7708516486259,26.595198793098934,4.517036469302416,5.887753834585741,0.0004627691270108165,38.9650813161893,36.29236559001248,0.09581501807474524,0.11229288592111755,0.5999999999994543,0.03710302417080751,17.494407019835716,0.6616933631197419
1348,35900.0,K_I_766.4899,766.48991,1.0,strong_resonance,detected,766.3843656486259,687.9112682018358,5.454700768450224,126.11347485469554,0.011969983737413268,1364.4672139783902,1332.7344302618442,0.04896768467540369,0.040266869505866436,0.4333333333329392,0.08919119075350801,21.12596523477173,0.5946037547310623
1348,35900.0,K_I_769.8964,769.89645,0.4984931955549362,weak_resonance,detected,769.7909056486259,466.015837626563,1.2054108192739097,386.60333072775296,0.008108897550621769,1115.479051384547,1111.097556480699,0.009094351339058449,0.04124209929705488,0.3666666666663332,0.09718224515709885,4.668536028390337,0.5751187799289772
1349,36000.0,K_I_693.8764,693.876396,0.00655092165605007,weak_anchor,detected,693.7707728050107,11.784434405797503,1.2304787555938628,9.577113259554011,0.0002370855818098121,27.175653864874448,23.19658250199042,0.09589386169000136,0.14610748653058814,0.33333333333303017,0.12419968061463439,4.765623728281391,0.3389983186394984
1349,36000.0,K_I_766.4899,766.48991,1.0,strong_resonance,detected,766.3842868050107,588.7903566037269,5.730888906532324,102.73979590366814,0.011845600684130111,1208.9727369399925,1169.814761064463,0.04904652829065981,0.03839566369091005,0.4333333333329392,0.09074244456629701,22.19563729398471,0.5884250804630335
1349,36000.0,K_I_769.8964,769.89645,0.4984931955549362,weak_resonance,detected,769.7908268050106,384.232069780465,0.7158881065219067,536.7208454505973,0.007730187183958025,946.4936600059482,943.7612471641376,0.009173194954314567,0.040177667636206,0.3666666666663332,0.11078959944565846,2.7726227143098274,0.5482589703602391
1350,36100.0,K_I_693.8764,693.876396,0.00655092165605007,weak_anchor,detected,693.7708516486259,18.939957300820026,2.190892998361473,8.644857286496812,0.0005315009984506507,33.484997921633294,24.868152605510947,0.12914835140804826,0.11610251657274105,0.4333333333329392,0.08713525715065693,8.485292095984136,0.759970064204589
1350,36100.0,K_I_766.4899,766.48991,1.0,strong_resonance,detected,766.3843656486259,457.38880271869937,1.5008788563008888,304.7473157467176,0.012835435764927041,837.0504267302863,829.9755610548436,0.015634351342100672,0.03474828478717125,0.46666666666624224,0.05993678755337209,5.812878815133463,0.6375947091373635
1350,36100.0,K_I_769.8964,769.89645,0.4984931955549362,weak_resonance,detected,769.7909056486259,325.8182283836531,5.605349463653999,58.12630068763985,0.009143247313014588,680.518519849199,677.3628661182998,0.009094351339058449,0.025323204775414724,0.3999999999996362,0.07698033961630915,21.709425122424356,0.6484794272492251
1351,36200.0,K_I_693.8764,693.876396,0.00655092165605007,weak_anchor,detected,693.7706660912711,14.952008890554826,1.2012078562645072,12.447478438121685,0.00030243828229241355,29.096192371469556,27.951613859648457,0.06266724209626773,0.11585318551989432,0.46666666666624224,0.04360359341693049,4.65225802265018,0.43244329075899546
1351,36200.0,K_I_766.4899,766.48991,1.0,strong_resonance,detected,766.3841800912712,450.1525921904905,1.6983958998799658,265.0457365225064,0.009105356861951238,908.140836491295,899.2714420739235,0.01581990869681249,0.03686818678638838,0.4333333333329392,0.06789449015963903,6.577859035508049,0.4523046561341812
1351,36200.0,K_I_769.8964,769.89645,0.4984931955549362,weak_resonance,detected,769.7907200912712,304.8282268768592,3.9117942634170277,77.92542407651723,0.006165842062140351,731.63123385572,728.5637615769839,0.009279908693770267,0.03703540137379755,0.3666666666663332,0.09830190200945735,15.150314036017637,0.4373087145170582
1352,36300.0,K_I_693.8764,693.876396,0.00655092165605007,weak_anchor,low_snr,693.7709304922412,15.42983925398315,3.461374619142353,4.457720111730149,0.00034592840842079405,30.25376346089888,29.646864436407782,0.029069507792883087,0.14515096714672276,0.3999999999996362,0.07775567069515699,13.405846254935566,0.4946279226644796
1352,36300.0,K_I_766.4899,766.48991,1.0,strong_resonance,detected,766.3844444922412,444.4319588021331,1.9529818596791881,227.56584071658452,0.009963917162654176,863.3687522264108,850.3117104785995,0.04888884106014757,0.025727852959286524,0.4333333333329392,0.08416842954486584,7.563866217989564,0.4949532669978178
1352,36300.0,K_I_769.8964,769.89645,0.4984931955549362,weak_resonance,detected,769.7909844922411,308.4144480560534,0.9496431305536737,324.7687874878192,0.00691448027382831,716.1375636025901,713.946570516133,0.00901550772380233,0.0439988758384498,0.3666666666663332,0.10020004702177197,3.677952029477999,0.4904054384830893
1353,36400.0,K_I_693.8764,693.876396,0.00655092165605007,weak_anchor,detected,693.7711841522618,10.690870206621339,1.768184554812344,6.046241144638859,0.0002394496238766331,27.437603988586375,17.263829817813896,0.12881584777221633,0.09117838685765184,0.26666666666642413,0.17713993780728188,6.848149333815612,0.3423785591405351
1353,36400.0,K_I_766.4899,766.48991,1.0,strong_resonance,detected,766.3846981522618,403.310321974026,1.2999405820674683,310.25288966099356,0.009033175320230959,773.3849947206509,763.5664255044026,0.04863518103957176,0.0353492884578918,0.4333333333329392,0.07891626479383579,5.034648225411059,0.4487190693304994
1353,36400.0,K_I_769.8964,769.89645,0.4984931955549362,weak_resonance,detected,769.7912381522617,261.2995299395489,1.1336859352550885,230.48669989961056,0.005852477202876786,621.8442666731758,620.0926896210585,0.008761847703226522,0.04284782522612824,0.3666666666663332,0.10645925580658955,4.390746747076531,0.4150834965503497
1354,36500.0,K_I_693.8764,693.876396,0.00655092165605007,weak_anchor,detected,693.7710016652793,8.024355495206201,0.9893471092388285,8.110758519706879,0.00019742250358710444,23.181623011069377,23.094790460036812,-0.0043349985785425815,0.017322006644652155,0.29999999999972715,0.12895385243388569,3.831724877703918,0.2822858153867665
1354,36500.0,K_I_766.4899,766.48991,1.0,strong_resonance,detected,766.3845156652793,381.47442008619214,3.9139113421504206,97.46629055644337,0.00938538118268146,703.0610000832994,696.7543623808228,0.015484334688721901,0.026723199444278627,0.46666666666624224,0.062079167503588155,15.158513446694684,0.4662147429124768
1354,36500.0,K_I_769.8964,769.89645,0.4984931955549362,weak_resonance,detected,769.7910556652793,260.9909955908324,0.823832135632279,316.80118352087067,0.006421138220261393,591.468793736723,590.0691877519173,0.008944334685679678,0.03083947163118667,0.3999999999996362,0.09861000381228788,3.190688141377208,0.455415444077092
1355,36600.0,K_I_693.8764,693.876396,0.00655092165605007,weak_anchor,detected,693.7710728383174,20.51289125357071,1.0567282869277943,19.411698832447687,0.0005232289449306248,43.17734258385127,43.09681973052966,-0.004406171616665233,0.09264204815453643,0.3666666666663332,0.12732551817163956,4.092691056741362,0.7481422161609478
1355,36600.0,K_I_766.4899,766.48991,1.0,strong_resonance,detected,766.3845868383174,517.810173922744,5.122828663389109,101.07895616797309,0.013207951410983026,900.4781860229341,890.4606172828148,0.04874649498390227,0.02697899185880154,0.49999999999954525,0.06743893650339844,19.840630098798062,0.6560992624183041
1355,36600.0,K_I_769.8964,769.89645,0.4984931955549362,weak_resonance,detected,769.7911268383174,332.0286535400612,4.399381373034221,75.47166871579117,0.008469162144476404,727.2619667943418,722.9104779453826,0.008873161647557026,0.028236377355193607,0.3999999999996362,0.08963428124549183,17.038730791392155,0.60067033393195
1356,36700.0,K_I_693.8764,693.876396,0.00655092165605007,weak_anchor,low_snr,693.7710775239793,10.853970993683985,2.4136951968935505,4.496827523066356,0.00024260571961188317,35.81974581043664,25.257396332590513,0.09558914272133734,0.06933663447029749,0.29999999999972715,0.17147867342175258,9.348201300398056,0.34689132258885536
1356,36700.0,K_I_766.4899,766.48991,1.0,strong_resonance,detected,766.3845915239793,611.5526595822337,6.544157314976951,93.4501770277794,0.013669298834946613,1111.8336315105025,1087.8360254725162,0.04874180932199579,0.02837160991554235,0.49999999999954525,0.07384724238977061,25.345412295890227,0.6790164957698285
1356,36700.0,K_I_769.8964,769.89645,0.4984931955549362,weak_resonance,detected,769.7911315239793,419.2673542123555,2.8274110421752243,148.28666506508327,0.009371377373096776,895.330478507186,890.7483437066928,0.008868475985650548,0.03180016780620041,0.3999999999996362,0.08042873532564263,10.950515879237559,0.6646594173157578
1357,36800.0,K_I_693.8764,693.876396,0.00655092165605007,weak_anchor,detected,693.7711519997033,30.86935768340634,0.7905922337375173,39.045865069369256,0.0006825193287600476,58.21337338094895,56.276873306884,0.06218133366405709,0.05624628234413344,0.3999999999996362,0.0804849611421239,3.0619505549091106,0.9759045789390114
1357,36800.0,K_I_766.4899,766.48991,1.0,strong_resonance,detected,766.3846659997033,559.660348446653,1.6641952764029746,336.2948786012145,0.01237405096902145,883.8246246266795,852.0236028331559,0.04866733359801856,0.03523513650005219,0.5666666666661513,0.05622329868490282,6.445400590351632,0.6146756193508158
1357,36800.0,K_I_769.8964,769.89645,0.4984931955549362,weak_resonance,detected,769.7912059997033,403.7560166747027,1.5848272494352131,254.76342410101148,0.008927017151114245,771.2645733815143,765.8606961499164,0.008794000261673318,0.04374095780450763,0.46666666666624224,0.07730120833364254,6.138009543683871,0.6331434304482253
1358,36900.0,K_I_693.8764,693.876396,0.00655092165605007,weak_anchor,detected,693.7711519997033,17.878987562877438,2.0888222805470233,8.559362722900135,0.00036915491980835026,34.22242387187703,34.10278773211083,-0.004485333002548941,0.13321235070628293,0.3666666666663332,0.12048239236331233,8.089973905752975,0.5278384968720624
1358,36900.0,K_I_766.4899,766.48991,1.0,strong_resonance,detected,766.3846659997033,436.18983195582877,2.0982532507672174,207.88235728758568,0.009006193548185285,769.9533459222066,747.7649873396357,0.04866733359801856,0.030159191198305773,0.49999999999954525,0.061109378201315574,8.1264998963544,0.4473787614972055
1358,36900.0,K_I_769.8964,769.89645,0.4984931955549362,weak_resonance,detected,769.7912059997033,304.9086409152185,1.1128838659854277,273.98064635003976,0.006295575993331885,656.2787538563769,653.2733823508657,0.008794000261673318,0.03972168098725581,0.3999999999996362,0.07807934077510097,4.310180679228408,0.4465100171302036
1359,37000.0,K_I_693.8764,693.876396,0.00655092165605007,weak_anchor,detected,693.7710775239793,16.92807042566104,0.7156370235440567,23.654548142056683,0.0003560187742711223,37.10655678473967,31.840348833385296,0.09558914272133734,0.0972239092543492,0.33333333333303017,0.1056815316656562,2.7716502741180973,0.5090556960938343
1359,37000.0,K_I_766.4899,766.48991,1.0,strong_resonance,detected,766.3845915239793,373.2739907735802,2.052816440234194,181.83505522344487,0.007850425082178897,680.862670568421,672.2732647547302,0.04874180932199579,0.038784560335998586,0.46666666666624224,0.07622170916560861,7.950523885855058,0.38996646382305106
1359,37000.0,K_I_769.8964,769.89645,0.4984931955549362,weak_resonance,detected,769.7911315239793,261.4053010322609,1.961203375951888,133.28821693741244,0.005497684763905694,556.2056312467835,554.1172958705087,0.008868475985650548,0.030956805298989913,0.3999999999996362,0.07926486899037467,7.595708013594335,0.38992005190756535
1360,37100.0,K_I_693.8764,693.876396,0.00655092165605007,weak_anchor,detected,693.7711519997033,9.239840724520437,1.5596952858509678,5.924131981638447,0.0001764724867277267,28.265655003307984,21.361356881156667,0.09551466699736011,0.07153213486126685,0.29999999999972715,0.14319001568020548,6.040673867264509,0.25233030127838274
1360,37100.0,K_I_766.4899,766.48991,1.0,strong_resonance,detected,766.3846659997033,514.5611944326118,4.879500126117496,105.4536696655516,0.009827647062587788,909.5284645137108,898.4359309898891,0.04866733359801856,0.024258598971426487,0.49999999999954525,0.07082852820398282,18.898222726287237,0.48818410883231456
1360,37100.0,K_I_769.8964,769.89645,0.4984931955549362,weak_resonance,detected,769.7912059997033,349.2422950972117,5.749749476201696,60.74043687342049,0.006670207650089367,757.5893963482313,755.7575622852942,0.008794000261673318,0.025004638990631933,0.3999999999996362,0.08894809493626013,22.26868396621424,0.4730805466025625
1361,37200.0,K_I_693.8764,693.876396,0.00655092165605007,weak_anchor,detected,693.771241913965,22.3725085585258,3.1509075787446608,7.100337918333718,0.00045822784772954386,46.455167754558715,41.83948722620831,0.09542475273565287,0.14878081636323343,0.3999999999996362,0.09009680078801348,12.203412577927905,0.6551999862173086
1361,37200.0,K_I_766.4899,766.48991,1.0,strong_resonance,detected,766.3847559139651,572.9127989703928,3.7304621068108283,153.57689813398906,0.011734249564466835,1047.8798471025348,1017.0866375864389,0.048577419336197636,0.033153541894375894,0.46666666666624224,0.0711725106171633,14.448017613349313,0.5828937618499307
1361,37200.0,K_I_769.8964,769.89645,0.4984931955549362,weak_resonance,detected,769.7912959139651,392.65896196051335,3.29861734380493,119.03743933741167,0.008042337789711806,880.5301595212122,879.0061710963504,0.008704085999852396,0.023314327028994147,0.3999999999996362,0.10082255451189598,12.775490038079058,0.5703980681123669
1362,37300.0,K_I_693.8764,693.876396,0.00655092165605007,weak_anchor,low_snr,693.771241913965,13.666628365474905,3.4088448906268236,4.009166977075881,0.0003081514811690191,27.553930682230202,26.94637008267239,0.02875808606904684,0.11798483633705871,0.4333333333329392,0.07749114537494484,13.202399491213939,0.44061234430682367
1362,37300.0,K_I_766.4899,766.48991,1.0,strong_resonance,detected,766.3847559139651,388.924126154053,4.674917680915751,83.193791356315,0.00876935717660259,708.6440034757379,700.9238270731244,0.015244086002894619,0.02145215838338533,0.46666666666624224,0.06988046400180198,18.10587832309377,0.4356140173764768
1362,37300.0,K_I_769.8964,769.89645,0.4984931955549362,weak_resonance,detected,769.7912959139651,260.91094279265576,1.2208934494572976,213.70492478982007,0.005882950156007132,567.1412173286601,565.0865453095862,0.008704085999852396,0.0345989082695401,0.3999999999996362,0.07696880575355335,4.728499997246141,0.41724477279237276
1363,37400.0,K_I_693.8764,693.876396,0.00655092165605007,weak_anchor,detected,693.771241913965,15.1967383291076,1.6225790821893173,9.3657920873742,0.0003538137790862446,33.84538287172768,30.908213259677705,0.06209141940234986,0.031821894182012984,0.3666666666663332,0.0954121573947205,6.284221763229456,0.5059028697828637
1363,37400.0,K_I_766.4899,766.48991,1.0,strong_resonance,detected,766.3847559139651,526.9905941254327,3.83665867393447,137.35665299227858,0.012269510049619571,904.9240026075468,898.9054408621322,0.015244086002894619,0.03020035320273978,0.49999999999954525,0.049963458333071364,14.85931514924395,0.6094825944843655
1363,37400.0,K_I_769.8964,769.89645,0.4984931955549362,weak_resonance,detected,769.7912959139651,350.9010923615075,2.836519235174502,123.70834225628656,0.008169755830836038,763.7959988030598,762.4825585515193,0.008704085999852396,0.02910364974767347,0.3999999999996362,0.09640678522258586,10.985791759037838,0.5794351175873217
1364,37500.0,K_I_693.8764,693.876396,0.00655092165605007,weak_anchor,detected,693.7712620381648,8.326383161098091,0.978430238912029,8.509940545538187,0.0001711031512252667,22.059236096889947,20.992646486322858,0.062071295202599686,0.014799203794287938,0.3666666666663332,0.08798548471444342,3.7894440207354787,0.24465292295089994
1364,37500.0,K_I_766.4899,766.48991,1.0,strong_resonance,detected,766.3847760381648,379.01443215358375,5.646144253949032,67.12801074618189,0.0077885634670673345,657.5123430182412,652.5776065024583,0.015223961803258135,0.031361510042476344,0.49999999999954525,0.052959168885243435,21.867422665849187,0.3868935149013166
1364,37500.0,K_I_769.8964,769.89645,0.4984931955549362,weak_resonance,detected,769.7913160381647,276.78848397574313,2.338356546224051,118.3688109594312,0.005687869620555401,563.6305556983516,560.9435007465091,0.008683961800215911,0.028309971616950497,0.3999999999996362,0.07587897459315807,9.05641596102908,0.40340880078304725
1365,37600.0,K_I_693.8764,693.876396,0.00655092165605007,weak_anchor,detected,693.7713666062887,25.257129193614045,0.2087187582943858,121.01034617113962,0.0006231474722296145,38.063732406959105,37.98849958434144,0.028633393745394642,0.03611958130397145,0.46666666666624224,0.09195800851298104,0.8083642749159826,0.8910113543714034
1365,37600.0,K_I_766.4899,766.48991,1.0,strong_resonance,detected,766.3848806062887,538.389377783624,3.1948280687030057,168.51904584718145,0.013283219057451957,1020.2596318816313,994.8837767526062,0.048452727012659125,0.02555318506506935,0.4333333333329392,0.08435356957559506,12.373515904093999,0.6598381501379518
1365,37600.0,K_I_769.8964,769.89645,0.4984931955549362,weak_resonance,detected,769.7914206062886,359.9699853445742,1.2052574237013982,298.66647428653926,0.008881230512243566,841.4600982584941,839.1017145575845,0.008579393676313884,0.0371886225765455,0.3666666666663332,0.10199030705142673,4.667941929892617,0.6298960400699445
1366,37700.0,K_I_693.8764,693.876396,0.00655092165605007,weak_anchor,detected,693.7713783837129,12.350228542684457,1.1960571617376148,10.325784534195858,0.00027290286277476537,33.265662297940025,26.62269783754875,0.0952882829877808,0.05664109734673831,0.3666666666663332,0.11569175341201413,4.632309468526106,0.39021188435982074
1366,37700.0,K_I_766.4899,766.48991,1.0,strong_resonance,detected,766.3848923837129,552.2795494710327,2.6949216455060707,204.93343485217432,0.01220371506338474,978.0098657428134,973.7266354783354,0.015107616255136236,0.024046636366300014,0.49999999999954525,0.047966934201259595,10.437386652388392,0.6062142570566854
1366,37700.0,K_I_769.8964,769.89645,0.4984931955549362,weak_resonance,detected,769.7914323837128,412.15268576469674,1.4856772807591236,277.4173712571701,0.00910733331425831,903.262466470007,900.9702229360742,0.008567616252094012,0.025995068199871265,0.3999999999996362,0.09170025619574283,5.7540033662240395,0.6459322480527759
1367,37800.0,K_I_693.8764,693.876396,0.00655092165605007,weak_anchor,detected,693.7713783837129,18.731818094842904,1.3360703161682064,14.020084024144008,0.0004294457748996029,41.479163479248655,38.11202041410087,0.06195494965447779,0.0892953044101067,0.3666666666663332,0.08993599560876182,5.174578083886248,0.6140457573442234
1367,37800.0,K_I_766.4899,766.48991,1.0,strong_resonance,detected,766.3848923837129,620.0296483775923,7.381304643727717,84.0000078989375,0.014214803467558258,1224.6169992612868,1210.3493772376337,0.015107616255136236,0.023315848242551743,0.4333333333329392,0.07616768076905431,28.587669958466922,0.7061142019897843
1367,37800.0,K_I_769.8964,769.89645,0.4984931955549362,weak_resonance,detected,769.7914323837128,429.44377724377966,0.7157806476379202,599.9656160877587,0.009845430633614857,1027.3633846733176,1024.367209965952,0.008567616252094012,0.03152782611269339,0.3666666666663332,0.10544809376793494,2.772206527841745,0.6982813654423077
1368,37900.0,K_I_693.8764,693.876396,0.00655092165605007,weak_anchor,detected,693.771241913965,7.41923154021924,1.3225455519475366,5.609811722018895,0.00020199242246845514,22.564151634357273,22.212196854854756,0.02875808606904684,0.04774840746621505,0.33333333333303017,0.09371547152159516,5.1221968972981635,0.2888201428025076
1368,37900.0,K_I_766.4899,766.48991,1.0,strong_resonance,detected,766.3847559139651,408.1985367845905,1.0357464705286186,394.110478190919,0.01111341664513704,872.3508279915977,856.1894793504349,0.048577419336197636,0.032492077243533084,0.3999999999996362,0.0986159610156097,4.011428831254099,0.5520541556322269
1368,37900.0,K_I_769.8964,769.89645,0.4984931955549362,weak_resonance,detected,769.7912959139651,278.72487503681276,1.0261472350888077,271.62269263697874,0.007588429125806682,719.3104448940298,715.8606366264773,-0.02462924733345062,0.025906661781717997,0.33333333333303017,0.16544886122931968,3.9742511522593538,0.5382048636286957
1369,38000.0,K_I_693.8764,693.876396,0.00655092165605007,weak_anchor,detected,693.7712217897654,8.721222715352095,1.266224128186579,6.887582159599329,0.0002272091642445054,18.805895600607357,17.293921742982356,0.06211154360198634,0.11033324563355472,0.3999999999996362,0.08823072137802145,4.9040649610370854,0.3248764605186348
1369,38000.0,K_I_766.4899,766.48991,1.0,strong_resonance,detected,766.3847357897654,370.32550879285543,2.4407585065391357,151.72558358424286,0.009647884487932027,774.6157568985636,767.9202419695125,0.01526421020264479,0.0250181556500575,0.4333333333329392,0.06575071964858795,9.453017047948757,0.47925448083989286
1369,38000.0,K_I_769.8964,769.89645,0.4984931955549362,weak_resonance,detected,769.7912757897653,241.05677537559941,4.83432894099344,49.86354431356981,0.006280118081625463,619.5403319336283,617.7917179758921,0.008724210199602567,0.013856980256164662,0.33333333333303017,0.11426558775454569,18.723275478573157,0.4454136738522983
1370,38100.0,K_I_693.8764,693.876396,0.00655092165605007,weak_anchor,detected,693.7711519997033,15.631083029183266,1.3066265178116383,11.962931117732468,0.0003911300132427294,29.354906121785916,27.400109048361653,0.06218133366405709,0.10296237629861633,0.3666666666663332,0.08227975179740774,5.060542743202066,0.5592597232044859
1370,38100.0,K_I_766.4899,766.48991,1.0,strong_resonance,detected,766.3846659997033,560.9705511043766,7.171906891090522,78.21776824811488,0.0140369300497344,962.1452580912737,956.0151425229508,0.015334000264715542,0.030679695301289823,0.5333333333328483,0.04893452396471393,27.776675949769064,0.6972784170442845
1370,38100.0,K_I_769.8964,769.89645,0.4984931955549362,weak_resonance,detected,769.7912059997033,393.2228648859652,5.8537704101490124,67.17428893422476,0.009839450283965882,843.5637572224568,841.3375761153311,0.008794000261673318,0.011483196273824556,0.3999999999996362,0.08319162585792632,22.671555311049506,0.6978572126678774
1371,38200.0,K_I_693.8764,693.876396,0.00655092165605007,weak_anchor,detected,693.7709003996033,14.218730385263317,1.2927320581021078,10.998977163247726,0.0003185057569912039,36.468566209516325,27.436536358705713,0.12909960043066349,0.06835664123906958,0.3666666666663332,0.14260035378059466,5.006729732142456,0.4554174710785816
1371,38200.0,K_I_766.4899,766.48991,1.0,strong_resonance,detected,766.3844143996033,569.8353195185196,5.002144732170733,113.91819909841624,0.012764559484978904,995.4463917822231,974.3019333764412,0.04891893369801892,0.0261695762177928,0.49999999999954525,0.06948357920282769,19.373223243034026,0.6340739606465523
1371,38200.0,K_I_769.8964,769.89645,0.4984931955549362,weak_resonance,detected,769.7909543996033,386.98374111170773,1.9383402482108902,199.64696160485656,0.008668604444023991,820.1478579139625,817.2732402832584,0.009045600361673678,0.025967188574449237,0.3999999999996362,0.07775955095412067,7.507159500611157,0.6148156614892384
1372,38300.0,K_I_693.8764,693.876396,0.00655092165605007,weak_anchor,detected,693.7709006265195,18.94325580634174,1.5723114421325508,12.048030243072391,0.00044828000126035934,44.95879247114135,44.928152797974505,-0.00423395981874819,0.023140551682238452,0.3666666666663332,0.12569742708217194,6.089536030436275,0.6409759950264707
1372,38300.0,K_I_766.4899,766.48991,1.0,strong_resonance,detected,766.3844146265194,585.4405268435095,1.7622062871295732,332.220200960197,0.013854074652965145,1013.6474397817747,1003.2865269127419,0.01558537344862998,0.02275304960400858,0.49999999999954525,0.06338566944304123,6.824995602641049,0.6881951544537095
1372,38300.0,K_I_769.8964,769.89645,0.4984931955549362,weak_resonance,detected,769.7909546265194,409.7846700324436,2.4712987888377125,165.8175336318484,0.009697291441164093,869.1418517291636,865.1736431384659,0.009045373445587757,0.031127355304175614,0.3999999999996362,0.07537487818818625,9.571299052679725,0.6877746805211973
1373,38400.0,K_I_693.8764,693.876396,0.00655092165605007,weak_anchor,detected,693.7707725039729,22.57821880005609,2.50853116103884,9.000573383631373,0.000555029591403232,43.3249961774618,39.39261254337368,0.06256082939444241,0.06059218054148967,0.3666666666663332,0.09896809367036803,9.715499410154619,0.7936125716484901
1373,38400.0,K_I_766.4899,766.48991,1.0,strong_resonance,detected,766.3842865039729,515.5617742215844,2.6545454593690474,194.21847623740717,0.012673809365715797,947.5886149051175,939.8097247050225,0.015713495995100857,0.023950174739066306,0.49999999999954525,0.05699083396354043,10.28101035589619,0.6295659878004842
1373,38400.0,K_I_769.8964,769.89645,0.4984931955549362,weak_resonance,detected,769.7908265039729,359.305475977572,5.0273400250144515,71.47029526345577,0.008832635261745278,789.7021440716517,786.820893320535,0.009173495992058633,0.023032509217897946,0.3999999999996362,0.08698040515162604,19.470804192620655,0.6264494505671859
1374,38500.0,K_I_693.8764,693.876396,0.00655092165605007,weak_anchor,detected,693.7708598030433,16.97584218363385,1.533780077194445,11.067976717161217,0.00042575324822775103,41.406722265900044,41.12125327553707,0.029140196990738332,0.03506706034259434,0.3999999999996362,0.08722884023099002,5.9403046957242145,0.6087659747284528
1374,38500.0,K_I_766.4899,766.48991,1.0,strong_resonance,detected,766.3843738030434,571.8188866292166,2.9852520259275406,191.54794357824719,0.01434118824543946,1068.981804991803,1042.4026638990795,0.04895953025788913,0.02671689938557775,0.46666666666624224,0.08032095857968981,11.561831380659832,0.7123923110597348
1374,38500.0,K_I_769.8964,769.89645,0.4984931955549362,weak_resonance,detected,769.7909138030434,401.75609376301753,3.071624765082921,130.79595474357097,0.010076022153398864,920.2499262291708,919.376616017504,0.009086196921543888,0.027891712009938632,0.3666666666663332,0.11611901728580688,11.896351560975242,0.7146359330875701
1375,38600.0,K_I_693.8764,693.876396,0.00655092165605007,weak_anchor,detected,693.7708192064835,14.322194039342529,1.54991490784519,9.24063248043361,0.000275319858766152,43.070585295151886,41.50801710657799,0.02918079355060854,0.08931521228781204,0.33333333333303017,0.13806387433225745,6.002794626128483,0.3936678413648138
1375,38600.0,K_I_766.4899,766.48991,1.0,strong_resonance,detected,766.3843332064835,710.7309497826677,5.78972532752094,122.75728287217217,0.013662595561642028,1113.8124233744402,1105.1912199050823,0.015666793484570007,0.02370200677153359,0.5666666666661513,0.04915385580132598,22.423509772624275,0.6786835135734168
1375,38600.0,K_I_769.8964,769.89645,0.4984931955549362,weak_resonance,detected,769.7908732064834,481.26972115790784,3.96572008369386,121.35746119267964,0.009251593107427498,916.9023115007587,899.9526582454945,0.0424601268148308,0.03333714795212948,0.46666666666624224,0.056453439804349484,15.35916783988057,0.6561637888661024
1376,38700.0,K_I_693.8764,693.876396,0.00655092165605007,weak_anchor,detected,693.7707319074129,33.23868082914167,0.9099054549272717,36.529818179624414,0.0005461797261628144,52.15695413340063,52.13269157482237,-0.00406524071217973,0.08897312727251022,0.4333333333329392,0.09377362277152283,3.524048673559812,0.7809585358619766
1376,38700.0,K_I_766.4899,766.48991,1.0,strong_resonance,detected,766.3842459074131,605.3771439577528,6.5231027408256566,92.80509107558953,0.009947588606530458,1071.4283928053683,1049.8974633561547,0.04908742588827408,0.021175747035611026,0.49999999999954525,0.0785183281186198,25.2638682808407,0.49414215304866904
1376,38700.0,K_I_769.8964,769.89645,0.4984931955549362,weak_resonance,detected,769.790785907413,417.361548038278,4.982605855793105,83.76370921513409,0.0068581065894341466,919.2054306832551,916.6985939217482,0.009214092551928843,0.023099695654438413,0.3999999999996362,0.09153572069667526,19.2975495002198,0.4864071681403611
1377,38800.0,K_I_693.8764,693.876396,0.00655092165605007,weak_anchor,detected,693.7702793405599,25.039454231913044,0.9643264739204127,25.965743873147662,0.00037251499666974766,54.95837003043914,52.042636013090906,0.06305399280745405,0.06688018223722333,0.3999999999996362,0.07743058264276613,3.734820373804076,0.5326429240237184
1377,38800.0,K_I_766.4899,766.48991,1.0,strong_resonance,detected,766.38379334056,698.7928090473222,6.186568909426501,112.95320868123989,0.010396025349599594,1123.3442731046016,1101.0300041653775,0.04953999274130183,0.026712847274270042,0.5666666666661513,0.0563093082050736,23.96047835639521,0.5164180539218559
1377,38800.0,K_I_769.8964,769.89645,0.4984931955549362,weak_resonance,detected,769.79033334056,482.98299493514287,4.645587576289482,103.96596490834223,0.007185396577873555,924.5031536692914,919.0361179781647,0.00966665940495659,0.03653062594047071,0.46666666666624224,0.06963766014355692,17.992283316333605,0.5096200176873145
1378,38900.0,K_I_693.8764,693.876396,0.00655092165605007,weak_anchor,detected,693.7700575266053,14.450921747493755,1.593095958100228,9.070967554726915,0.0001837423158807654,30.225046709174308,29.755914141956577,0.029942473428718586,0.011613534947005738,0.4333333333329392,0.06837758013307664,6.170034114638143,0.2627251124721461
1378,38900.0,K_I_766.4899,766.48991,1.0,strong_resonance,detected,766.3835715266055,698.388528060276,3.921655066091955,178.08514932860754,0.008879954356725334,1408.2695383595037,1389.533805172065,0.016428473362566365,0.03311037595821846,0.4333333333329392,0.07992270395791538,15.188504760557901,0.441107884369638
1378,38900.0,K_I_769.8964,769.89645,0.4984931955549362,weak_resonance,detected,769.7901115266054,473.96815056939624,3.3200656644382422,142.75866759086887,0.006026467180506876,1122.640436570443,1120.0022798920045,0.009888473359524141,0.03464592734914686,0.3666666666663332,0.1119079989319664,12.858559026696069,0.4274236331755577
1379,39000.0,K_I_693.8764,693.876396,0.00655092165605007,weak_anchor,detected,693.7705422264312,20.873767979116224,1.142121072979276,18.276318048020975,0.0002899059533493789,35.132966826407966,32.432882921101466,0.0627911069361744,0.1391103820726715,0.4333333333329392,0.08326574094863486,4.423415895005304,0.41452386095691696
1379,39000.0,K_I_766.4899,766.48991,1.0,strong_resonance,detected,766.3840562264313,648.3292002354053,5.980893733947404,108.40005341601454,0.009004339564688569,1231.5969964513479,1214.729250504948,0.04927710687002218,0.02323988677606525,0.4333333333329392,0.0783760318768991,23.163901827035655,0.4472866656704659
1379,39000.0,K_I_769.8964,769.89645,0.4984931955549362,weak_resonance,detected,769.7905962264313,428.0140821881119,1.0772694744368976,397.31384982558825,0.005944486432341652,1020.9545237435766,1016.953144805388,0.00940377353367694,0.03249369047919165,0.3666666666663332,0.09788287217836877,4.172246733875515,0.42160919692597987
1380,39100.0,K_I_693.8764,693.876396,0.00655092165605007,weak_anchor,detected,693.7706446083425,20.700620230665063,1.1994423198918067,17.258537478094254,0.0003903734296892329,44.173570359888345,44.11025781794106,-0.003977941641778671,0.0716777656443625,0.3999999999996362,0.13372454840428577,4.645420129681582,0.5581779174253755
1380,39100.0,K_I_766.4899,766.48991,1.0,strong_resonance,detected,766.3841586083425,683.989683404928,3.193778594823604,214.1631497291394,0.01289871489875914,1280.4772755455851,1267.087282515909,0.015841391625485812,0.025939215915198485,0.4333333333329392,0.06689678201155219,12.369451309236794,0.6407380726872314
1380,39100.0,K_I_769.8964,769.89645,0.4984931955549362,weak_resonance,detected,769.7906986083425,467.4398525710623,1.865984203071844,250.50579302951633,0.008815006332577527,1074.706437031419,1072.653341217678,0.009301391622443589,0.033961408173936544,0.3999999999996362,0.10494934362715024,7.226925742789943,0.6251991291552901
1381,39200.0,K_I_693.8764,693.876396,0.00655092165605007,weak_anchor,detected,693.7706446083425,19.675635906004974,0.6641991918919598,29.623095219311047,0.00027443052672198025,44.39809169426462,26.7002382096702,0.1293553916914334,0.05045945062460609,0.29999999999972715,0.1430495222771631,2.572432408764324,0.3923962243167206
1381,39200.0,K_I_766.4899,766.48991,1.0,strong_resonance,detected,766.3841586083425,899.5418785722793,4.2408191820148335,212.11512209414752,0.01254657042468083,1802.2236344728599,1779.7635741887555,0.015841391625485812,0.024749716643666788,0.4333333333329392,0.07788911086835272,16.42462206623535,0.6232454485460387
1381,39200.0,K_I_769.8964,769.89645,0.4984931955549362,weak_resonance,detected,769.7906986083425,634.0860850062132,5.113617520738526,123.99951354098076,0.008844063751058997,1535.675961609235,1535.1237169683602,-0.024031941710859428,0.024117510198853002,0.3666666666663332,0.13189053556608654,19.804955496712783,0.6272600094365643
1382,39300.0,K_I_693.8764,693.876396,0.00655092165605007,weak_anchor,detected,693.7702793405599,15.1745354870415,1.8021636377461292,8.420176264359373,0.000273324855477161,43.319807352036605,38.16318989477985,0.06305399280745405,0.12168951955180184,0.29999999999972715,0.12826788391957303,6.979749756137682,0.39081527329430693
1382,39300.0,K_I_766.4899,766.48991,1.0,strong_resonance,detected,766.38379334056,585.9262144083398,1.1064734966827714,529.5438310677641,0.010553746308096234,1110.462787598349,1098.7670084417105,0.016206659407998814,0.029427182472382542,0.4333333333329392,0.06671169054330608,4.285353425676158,0.5242527741837357
1382,39300.0,K_I_769.8964,769.89645,0.4984931955549362,weak_resonance,detected,769.79033334056,400.6935938978953,1.4400262582275827,278.2543662718194,0.007217322647951375,939.8434134496041,937.7296774316342,0.00966665940495659,0.03052877483845154,0.3666666666663332,0.10632622962963714,5.577197716221882,0.5118843553924659
1383,39400.0,K_I_693.8764,693.876396,0.00655092165605007,weak_anchor,detected,693.7702793405599,25.64017438077075,1.2553578116072521,20.424594600597,0.00042067348898393997,44.83583910601709,43.100101962517705,0.06305399280745405,0.034293357624002305,0.49999999999954525,0.05294580306024071,4.861979897890698,0.6015026488458743
1383,39400.0,K_I_766.4899,766.48991,1.0,strong_resonance,detected,766.38379334056,895.1272336951721,4.276328613515553,209.32143307838342,0.01468618313163638,1623.5424893002914,1615.4118896273524,0.016206659407998814,0.033776158335253215,0.46666666666624224,0.049722962459873364,16.56214950307105,0.7295297825213322
1383,39400.0,K_I_769.8964,769.89645,0.4984931955549362,weak_resonance,detected,769.79033334056,600.2429843542411,1.4232977310805448,421.7269312293123,0.009848073055844822,1373.6010151054559,1367.7679110331267,0.00966665940495659,0.03796029667507936,0.3999999999996362,0.08860528639855798,5.512408409174766,0.6984687776816988
1384,39500.0,K_I_693.8764,693.876396,0.00655092165605007,weak_anchor,detected,693.7705422264312,19.699269966586122,2.1677110141367577,9.087590475906179,0.00034564684831131005,44.27175724012886,41.241905130848856,0.0627911069361744,0.0405012891342146,0.33333333333303017,0.0800511757995118,8.395508657149689,0.4942253321611583
1384,39500.0,K_I_766.4899,766.48991,1.0,strong_resonance,detected,766.3840562264313,716.2388607893084,9.869862866466182,72.56826872669119,0.012567252760626573,1306.9349915771818,1286.7487185006294,0.04927710687002218,0.0232439240909906,0.46666666666624224,0.07775378961184186,38.225814511209286,0.6242728346210515
1384,39500.0,K_I_769.8964,769.89645,0.4984931955549362,weak_resonance,detected,769.7905962264313,506.8946806089856,1.7845909035661334,284.0397088184536,0.008894063032561569,1077.3214347428843,1071.941635488098,0.00940377353367694,0.030999529307779057,0.3999999999996362,0.07284449930041567,6.911690849311166,0.6308061790108586
1385,39600.0,K_I_693.8764,693.876396,0.00655092165605007,weak_anchor,detected,693.7702793405599,9.400708236363363,1.7364583516964716,5.413725141855047,0.00020729857944328284,22.92887513406231,20.556633307894266,0.06305399280745405,0.14976907132059727,0.33333333333303017,0.11160586068408142,6.725274277509333,0.2964071849126719
1385,39600.0,K_I_766.4899,766.48991,1.0,strong_resonance,detected,766.38379334056,390.19597237869306,0.7943964237357064,491.1854594507971,0.008604359240265544,743.9955713006138,735.0544198840906,0.016206659407998814,0.02798990576489717,0.4333333333329392,0.07373544448143844,3.0766841194179193,0.42741781639399445
1385,39600.0,K_I_769.8964,769.89645,0.4984931955549362,weak_resonance,detected,769.79033334056,258.94198260239017,6.808572360006534,38.031758922533015,0.005710027776850571,588.5997377822168,587.5464170865894,0.00966665940495659,0.01962053908829582,0.3666666666663332,0.1042463446233469,26.369487361777416,0.4049803549597277
1386,39700.0,K_I_693.8764,693.876396,0.00655092165605007,weak_anchor,detected,693.7698401539459,14.558873192772218,1.4766437816056925,9.859434871246332,0.00033811187651372113,34.82411992592483,34.77381386654557,-0.0031734872451352203,0.007184662842593883,0.3666666666663332,0.13801332561227939,5.71901677444479,0.4834514050801444
1386,39700.0,K_I_766.4899,766.48991,1.0,strong_resonance,detected,766.3833541539459,435.70571492473135,1.9557546943932684,222.7813724153682,0.010118727935214747,816.6028440265454,809.3999433873884,0.016645846022129263,0.027025576049344774,0.4333333333329392,0.059329443495221554,7.574605360658994,0.502643425034509
1386,39700.0,K_I_769.8964,769.89645,0.4984931955549362,weak_resonance,detected,769.7898941539459,299.1914507227401,1.184670915452391,252.5523728321529,0.006948352492756745,671.8579174663778,670.6917319462742,0.01010584601908704,0.03325053045273544,0.3999999999996362,0.10033163643244666,4.588210726287578,0.492807805648539
1387,39800.0,K_I_693.8764,693.876396,0.00655092165605007,weak_anchor,detected,693.7698035500812,15.155968010476872,1.540097346220985,9.840915606838646,0.0003453342135451097,30.440242282263398,29.442718065121536,0.06352978328618519,0.012174990457070423,0.49999999999954525,0.06077616307237433,5.9647713734575385,0.4937783093633941
1387,39800.0,K_I_766.4899,766.48991,1.0,strong_resonance,detected,766.3833175500812,534.5451532385486,2.129936143684635,250.9676897232347,0.01217980467960727,991.9662971565342,983.2709010663048,0.016682449886843642,0.03385209346926586,0.46666666666624224,0.058677164789897304,8.249207212983341,0.6050265191045688
1387,39800.0,K_I_769.8964,769.89645,0.4984931955549362,weak_resonance,detected,769.7898575500811,372.17469601118574,1.3539958269111765,274.87137597773466,0.008480135076794026,849.9613821793611,848.5293133967346,0.010142449883801419,0.02813253067673468,0.3666666666663332,0.10562375328018063,5.2440032884660965,0.6014485826898555
1388,39900.0,K_I_693.8764,693.876396,0.00655092165605007,weak_anchor,detected,693.7692310986765,19.721549548184814,1.064100117704585,18.53354700376032,0.00047960230064459443,39.22362630108864,38.601620582760994,0.03076890135753274,0.1287105573505796,0.4333333333329392,0.07165256628303748,4.121242034570958,0.6857623829043153
1388,39900.0,K_I_766.4899,766.48991,1.0,strong_resonance,detected,766.3827450986765,471.47959963625175,3.3356074213368463,141.34744892949422,0.011465767440842453,824.5319031752988,802.3125920003365,0.050588234624797224,0.023140137458875262,0.49999999999954525,0.06891749311657397,12.918751992335222,0.5695570287108325
1388,39900.0,K_I_769.8964,769.89645,0.4984931955549362,weak_resonance,detected,769.7892850986765,324.7786250835258,2.5531379957496894,127.2076267025902,0.007898191539649269,688.0170213494193,684.1156119650104,0.010714901288451983,0.03595596861253226,0.3999999999996362,0.07783944674464569,9.888260938116924,0.5601745802769648
1389,40000.0,K_I_693.8764,693.876396,0.00655092165605007,weak_anchor,low_snr,693.7697269379122,15.331484626404169,3.0672783135575488,4.998400229492744,0.0003738679247285723,42.07362235661776,42.064618560573734,-0.003060271211438703,0.06528541606867452,0.33333333333303017,0.1247158855706309,11.879517826602362,0.5345774167654561
1389,40000.0,K_I_766.4899,766.48991,1.0,strong_resonance,detected,766.3832409379122,526.9506317133815,4.707312962844172,111.94297805833509,0.012850023589613622,944.0444282943008,934.4944159432323,0.01675906205582578,0.026390202541768396,0.49999999999954525,0.06134844206834964,18.231344710498355,0.6383193530067522
1389,40000.0,K_I_769.8964,769.89645,0.4984931955549362,weak_resonance,detected,769.7897809379122,357.53817723593795,1.0287322746870575,347.55221162347783,0.008718794010608998,795.8579940064055,792.2466552278427,0.010219062052783556,0.02837024719762062,0.3999999999996362,0.0830481825400867,3.984262967572671,0.6183753269208629
1390,40100.0,K_I_693.8764,693.876396,0.00655092165605007,weak_anchor,detected,693.7692120571285,13.135591026530555,1.2941377421128768,10.150071819313997,0.0002922454811365267,25.961275082331667,23.34500245310286,0.06412127623889319,-0.050490293772616,0.33333333333303017,0.10599398904147603,5.012173922906199,0.41786904956011806
1390,40100.0,K_I_766.4899,766.48991,1.0,strong_resonance,detected,766.3827260571285,406.6095812555108,1.718723799395837,236.5764536445248,0.00904640015578533,753.5552954989195,742.9946649786887,0.050607276172854654,0.02866996177938326,0.4333333333329392,0.07595164682281762,6.6565886517964685,0.44937600730542343
1390,40100.0,K_I_769.8964,769.89645,0.4984931955549362,weak_resonance,detected,769.7892660571284,272.5827310722817,1.6423636181430867,165.96978163731683,0.006064521286543736,625.8344449602373,624.2705143455714,0.010733942836509414,0.036107048285616845,0.3666666666663332,0.10422473901654421,6.360846941490918,0.4301225982196442
1391,40200.0,K_I_693.8764,693.876396,0.00655092165605007,weak_anchor,detected,693.7692120571285,10.996178203402666,1.168504169839143,9.410474080649971,0.00024316669313959648,25.471116523534874,25.469059918229068,-0.002545390427712846,0.13415708866541612,0.3666666666663332,0.11037298704651789,4.5255971897650396,0.34769343413543025
1391,40200.0,K_I_766.4899,766.48991,1.0,strong_resonance,detected,766.3827260571285,411.34636375264733,4.779342686348346,86.06756007005146,0.009096409057628476,781.2247163680695,766.2312039427129,0.050607276172854654,0.02452617230543368,0.4333333333329392,0.08585732863023417,18.510314630062194,0.4518601778321528
1391,40200.0,K_I_769.8964,769.89645,0.4984931955549362,weak_resonance,detected,769.7892660571284,299.49913231981606,1.1186743210032566,267.7268322841427,0.006623047776895076,688.3145435460538,685.5786811883563,0.010733942836509414,0.03735660122403281,0.3666666666663332,0.09940713281049596,4.332607015079443,0.4697357603891732
1392,40300.0,K_I_693.8764,693.876396,0.00655092165605007,weak_anchor,detected,693.7692120571285,15.326882637739878,2.094032475726306,7.319314678930095,0.00028475920011756823,23.68005058076119,23.634108414367944,-0.002545390427712846,0.06782047905222967,0.5333333333328483,0.0939984209210099,8.110152904912844,0.4071647432968821
1392,40300.0,K_I_766.4899,766.48991,1.0,strong_resonance,detected,766.3827260571285,504.6539847040821,1.380119207520671,365.65970675147173,0.009376000874869938,1088.8045281506816,1074.504964754517,0.017273942839551637,0.025873002256236743,0.4333333333329392,0.07933492315089874,5.345178706513398,0.465748780187078
1392,40300.0,K_I_769.8964,769.89645,0.4984931955549362,weak_resonance,detected,769.7892660571284,341.79921504625406,1.4309635057023888,238.85949130371554,0.00635031097828883,850.6679682468974,849.4119279135514,0.010733942836509414,0.035381999269523054,0.33333333333303017,0.12958018412602698,5.542097826620974,0.45039206368108836
1393,40400.0,K_I_693.8764,693.876396,0.00655092165605007,weak_anchor,detected,693.7697652439967,10.64550293959295,0.4737863703095199,22.46899363660113,0.0002952182323947813,15.034886894703845,15.016330184508782,-0.0030985772959866154,-0.07196571641907937,0.4333333333329392,0.10845522514640367,1.8349667218704997,0.42211965674841256
1393,40400.0,K_I_766.4899,766.48991,1.0,strong_resonance,detected,766.3832792439966,368.48723046682625,0.5670770638335696,649.8009776233392,0.010218789046957362,686.454447074082,672.739514187024,0.05005408930469457,0.03101910067999731,0.4333333333329392,0.08765100751284752,2.1962800242456124,0.5076139173968972
1393,40400.0,K_I_769.8964,769.89645,0.4984931955549362,weak_resonance,detected,769.7898192439966,252.12535806202717,0.8876744894857094,284.02906814197246,0.006991872809704848,569.3529022534327,567.206995415792,0.010180755968349331,0.02803418283971723,0.3999999999996362,0.08965666281299668,3.4379485146344497,0.49589445848008157
1394,40500.0,K_I_693.8764,693.876396,0.00655092165605007,weak_anchor,detected,693.7691872878823,21.118731230227738,2.0982086276488277,10.065124579099924,0.000582849501691617,32.358241033862214,32.30189642075991,-0.002520621181588467,0.1673721089007092,0.5666666666661513,0.1116305125348549,8.126327071760018,0.8333910463261682
1394,40500.0,K_I_766.4899,766.48991,1.0,strong_resonance,detected,766.3827012878824,481.2426096699886,0.5343594786313327,900.5971240607661,0.013281669821028423,848.6952464114081,837.3762810634086,0.05063204541897903,0.0297394125399289,0.49999999999954525,0.07172591248093971,2.069565361629112,0.6597611924900044
1394,40500.0,K_I_769.8964,769.89645,0.4984931955549362,weak_resonance,detected,769.7892412878823,337.97228276572116,4.689124456772562,72.0757757405188,0.009327595225684143,733.7890190681719,729.5821967689376,0.010758712082633792,0.029991449389510275,0.3999999999996362,0.08055431230543833,18.16090092939055,0.661554194312824
1395,40600.0,K_I_693.8764,693.876396,0.00655092165605007,weak_anchor,detected,693.7691930155804,12.298813553790861,1.0001441317062916,12.297041160266094,0.0002502922724868358,18.334497755580628,14.77493290491446,-0.1691930155461705,0.01986543275931399,0.6999999999993634,0.07058004747033118,3.8735415659090675,0.35788198883203853
1395,40600.0,K_I_766.4899,766.48991,1.0,strong_resonance,detected,766.3827070155804,458.92746915775166,4.259339633713938,107.74615518452778,0.00933960000773577,927.810779318318,918.041352810474,0.017292984387609067,0.02741933828129762,0.4333333333329392,0.0670189922513976,16.496351467230284,0.46394058288721096
1395,40600.0,K_I_769.8964,769.89645,0.4984931955549362,weak_resonance,detected,769.7892470155804,323.65598395933705,1.2765364150973457,253.54230410626852,0.0065866997149636505,774.3849079621673,771.4933892245741,0.010752984384566844,0.035292170516334265,0.3666666666663332,0.1090183148769413,4.944004276503835,0.4671577955178349
1396,40700.0,K_I_693.8764,693.876396,0.00655092165605007,weak_anchor,low_snr,693.7691815601843,6.193360489644384,1.2395048941883287,4.9966406092329425,0.0001041505447119341,19.586330554634515,19.578123495452186,-0.0025148934835215186,-0.05326968730875373,0.26666666666642413,0.17785657829943802,4.80058181273835,0.14892031507447975
1396,40700.0,K_I_766.4899,766.48991,1.0,strong_resonance,detected,766.3826955601843,562.390016600409,2.964286489260019,189.72188371063945,0.009457422455454303,1197.68463549132,1183.7156217775866,0.017304439783742964,0.037756209842715674,0.3999999999996362,0.07459046159477209,11.480632206302147,0.46979336191698295
1396,40700.0,K_I_769.8964,769.89645,0.4984931955549362,weak_resonance,detected,769.7892355601842,369.5912929780869,1.7504896924752227,211.13594359729046,0.00621522589373221,909.7664121502653,908.8090545907494,0.01076443978070074,0.03176967498441262,0.3666666666663332,0.13107847589270075,6.779617426670446,0.4408112336691407
1397,40800.0,K_I_693.8764,693.876396,0.00655092165605007,weak_anchor,detected,693.7691562416107,18.429905757012314,0.4272615313581399,43.13495225846571,0.00027446332820535245,35.28985499955252,35.26811857246416,-0.0024895749099869136,0.0747321026043953,0.3666666666663332,0.11523611935612084,1.6547767954266586,0.39244312572517903
1397,40800.0,K_I_766.4899,766.48991,1.0,strong_resonance,detected,766.3826702416109,579.4921875832192,1.8768813568751501,308.75270056921715,0.008629960270555088,1195.180600583347,1171.9100937523708,0.0506630916904669,0.028912436856928785,0.4333333333329392,0.09535387886406699,7.269130237991247,0.42868953647892377
1397,40800.0,K_I_769.8964,769.89645,0.4984931955549362,weak_resonance,detected,769.7892102416108,391.4020119260264,3.4831693083919975,112.36950526149326,0.005828868594111741,959.3799108241019,958.7113083292543,0.010789758354121659,0.02860023410392047,0.3666666666663332,0.13360764553669088,13.49025672343528,0.41340906988704423
1398,40900.0,K_I_693.8764,693.876396,0.00655092165605007,weak_anchor,detected,693.7690262626678,6.697709669920673,1.1864163629200424,5.645328132053132,0.00012433543841165008,19.395750344981593,19.393982572508992,-0.0023595959670501543,0.031326617741311305,0.29999999999972715,0.15924922243556175,4.594970815261478,0.17778181299386747
1398,40900.0,K_I_766.4899,766.48991,1.0,strong_resonance,detected,766.3825402626678,613.668626212513,2.6497290698132847,231.5967444383873,0.011392067055738999,1216.3909141062468,1201.8395845610203,0.01745973730021433,0.02714043760886102,0.4333333333329392,0.07171689911106732,10.262356559357855,0.5658959940203118
1398,40900.0,K_I_769.8964,769.89645,0.4984931955549362,weak_resonance,detected,769.7890802626678,413.689982668731,6.00053393807183,68.94219530098404,0.007679688713982998,972.9500323883276,971.4042162501381,-0.02241359603613091,0.017194299820829574,0.3666666666663332,0.1422793038661995,23.23996801052574,0.5446773961377246
1399,41000.0,K_I_693.8764,693.876396,0.00655092165605007,weak_anchor,detected,693.7688934324274,9.343421544167539,1.1357827221054435,8.22641634030784,0.00022365683982757448,21.159442337882865,16.928169387803116,0.09777323427329065,0.053554555349274294,0.3666666666663332,0.11038742885471207,4.39886756762851,0.31979714698379635
1399,41000.0,K_I_766.4899,766.48991,1.0,strong_resonance,detected,766.3824074324275,578.3978705866068,0.6831425842526601,846.6722524981499,0.01384531772294392,1105.5721142943423,1097.7135675606144,0.0175925675405324,0.03440836192718773,0.4333333333329392,0.051812636486502535,2.645799851898056,0.6877601577498907
1399,41000.0,K_I_769.8964,769.89645,0.4984931955549362,weak_resonance,detected,769.7889474324274,388.8736962287698,1.1401150233141515,341.0828629363812,0.009308609440284424,917.2198646835795,916.9017972711346,0.011052567537490177,0.03706632849395901,0.3666666666663332,0.1264405236361588,4.415646498060605,0.6602076386723175
1400,41100.0,K_I_693.8764,693.876396,0.00655092165605007,weak_anchor,detected,693.7687469279022,27.59916909385551,1.7771499434162847,15.530017146893385,0.00047223584265363263,45.86646311743834,45.25127346746696,0.031253072131903537,-0.008337250847538412,0.3999999999996362,0.06971921113285282,6.882872134570984,0.6752294063555019
1400,41100.0,K_I_766.4899,766.48991,1.0,strong_resonance,detected,766.3822609279022,568.2996001079425,3.29596080412801,172.42304562486862,0.00972389565874449,1066.9196901584328,1053.8532653599195,0.017739072065865003,0.03135974851767025,0.4333333333329392,0.0691458985600494,12.765201304151798,0.4830303028090847
1400,41100.0,K_I_769.8964,769.89645,0.4984931955549362,weak_resonance,detected,769.7888009279021,387.75421949047666,4.373665045677749,88.65658788243803,0.006634672223677688,902.1744429202208,898.5403632595569,0.011199072062822779,0.03563547429961787,0.3999999999996362,0.09721793946693091,16.939131883814827,0.47056021742654847
1401,41200.0,K_I_693.8764,693.876396,0.00655092165605007,weak_anchor,detected,693.7687469279022,14.824052521738594,1.366729992159202,10.846365124627946,0.0002402134842207314,34.46824603289997,30.376947709443005,0.09791973879850957,-0.009609607856048051,0.3666666666663332,0.12337686528987753,5.293322498399597,0.3434707696847108
1401,41200.0,K_I_766.4899,766.48991,1.0,strong_resonance,detected,766.3822609279022,703.643907768881,3.2653561221344973,215.48764712037695,0.011402061243913506,1396.742231744784,1377.422887966229,0.017739072065865003,0.030693830605382905,0.4333333333329392,0.07708770697933451,12.64666988047484,0.5663924509867048
1401,41200.0,K_I_769.8964,769.89645,0.4984931955549362,weak_resonance,detected,769.7888009279021,481.0201011294537,2.991613558853532,160.78951765207057,0.007794596943249565,1157.2428353648006,1156.4506617977274,0.011199072062822779,0.02993695002135636,0.3666666666663332,0.12399402721647758,11.586469491738569,0.5528271945791317
1402,41300.0,K_I_693.8764,693.876396,0.00655092165605007,weak_anchor,detected,693.7687469279022,18.795740784430265,1.1570231572205392,16.244913221600825,0.0003295803635688729,37.90049050977996,30.90523302614112,0.09791973879850957,0.1301841936011298,0.33333333333303017,0.0989846267631099,4.481131419095549,0.471252567336925
1402,41300.0,K_I_766.4899,766.48991,1.0,strong_resonance,detected,766.3822609279022,571.1030558987404,2.2648004730012916,252.16484308744435,0.010014202417300822,1118.2001889960761,1105.0246218142024,0.017739072065865003,0.0372494831548738,0.4333333333329392,0.0694481464209221,8.77153451442466,0.49745116523029814
1402,41300.0,K_I_769.8964,769.89645,0.4984931955549362,weak_resonance,detected,769.7888009279021,391.4949892934732,3.1020031966412414,126.20715211298705,0.006864803169323237,908.0253747907636,904.6744885961788,0.011199072062822779,0.025822328356585298,0.3999999999996362,0.09640144365876219,12.014006720484625,0.48688211912247276
1403,41400.0,K_I_693.8764,693.876396,0.00655092165605007,weak_anchor,low_snr,693.7687137138079,7.096314223939039,2.035970864363273,3.4854694377752464,0.0001239466848471898,18.9498784950365,15.631249297075094,0.09795295289279693,0.17487827551975804,0.26666666666642413,0.1608523252622616,7.885281251049647,0.17722595125098486
1403,41400.0,K_I_766.4899,766.48991,1.0,strong_resonance,detected,766.3822277138079,535.4412177439514,4.479466783267559,119.53235589200472,0.009352201970710702,1038.499066164597,1024.7809716306976,0.017772286160152362,0.02967657761107498,0.4333333333329392,0.07388717336742352,17.348900251500343,0.4645665799366853
1403,41400.0,K_I_769.8964,769.89645,0.4984931955549362,weak_resonance,detected,769.7887677138078,358.60194093353766,4.742718411701182,75.61105463246543,0.006263465843795136,836.8889730216079,833.8088026933011,0.011232286157110138,0.03507062467044901,0.3666666666663332,0.1009537629150992,18.368469424286673,0.444232623697912
1404,41500.0,K_I_693.8764,693.876396,0.00655092165605007,weak_anchor,detected,693.7687137138079,22.935483432346384,0.7078969915560757,32.399464478483466,0.0003508191586874856,37.49716672507705,34.44152315795759,0.06461961955949391,0.0736846502635498,0.3666666666663332,0.08508610427253731,2.7416732591295068,0.5016209928657038
1404,41500.0,K_I_766.4899,766.48991,1.0,strong_resonance,detected,766.3822277138079,536.6907628292876,5.955640152565137,90.11470624163398,0.008209175204285357,1020.8582824364657,1012.0029270919092,0.017772286160152362,0.02533392385080599,0.4333333333329392,0.0568434658808036,23.066095126909957,0.4077872206673562
1404,41500.0,K_I_769.8964,769.89645,0.4984931955549362,weak_resonance,detected,769.7887677138078,354.06021744883185,2.2263536405559288,159.03143642553647,0.005415674275037513,833.8872823035126,831.7922256289473,0.011232286157110138,0.03180039120030106,0.3666666666663332,0.10926897000208168,8.622630572649207,0.3841035063161575
1405,41600.0,K_I_693.8764,693.876396,0.00655092165605007,weak_anchor,detected,693.7683440190403,19.87828779925777,2.226230333350387,8.929124494203503,0.00091374089617763,39.629915589312986,38.551658797829255,0.03165598099371891,0.15523219894928117,0.3999999999996362,0.1035157316973812,8.622153005895676,1.3065181995118076
1405,41600.0,K_I_766.4899,766.48991,1.0,strong_resonance,detected,766.3818580190404,436.03219833334026,4.022816557863178,108.38977916630381,0.020042996443702003,676.8392041539073,661.8122608758616,0.051475314260983396,0.03066113226500754,0.5666666666661513,0.05441112864091242,15.580301533465702,0.9956271623190994
1405,41600.0,K_I_769.8964,769.89645,0.4984931955549362,weak_resonance,detected,769.7883980190403,301.95347382627637,5.290773168318031,57.07171035689463,0.013879829116281953,574.8352787194153,572.8519478422077,0.011601980924638156,0.015925636649210453,0.46666666666624224,0.05998434446394786,20.49107636947542,0.9844187002173543
1406,41700.0,K_I_693.8764,693.876396,0.00655092165605007,weak_anchor,low_snr,693.7684474834699,11.25184579512601,3.933035946221624,2.8608550618347124,0.0001629270810880954,35.18992346520372,29.37335014196183,0.09821918323075352,0.06461618615194059,0.29999999999972715,0.17054403039861504,15.232582719765334,0.2329623173542969
1406,41700.0,K_I_766.4899,766.48991,1.0,strong_resonance,detected,766.3819614834699,734.3890130677594,3.2006355206835693,229.45099756654383,0.010633976012551389,1487.1243343650049,1475.7454210394096,0.018038516498108947,0.026720168985764736,0.4333333333329392,0.058054850062897574,12.396008068898642,0.5282381499834449
1406,41700.0,K_I_769.8964,769.89645,0.4984931955549362,weak_resonance,detected,769.7885014834699,476.38959478777366,1.94878246107331,244.45498884744563,0.006898136319388056,1193.1921815943133,1190.6532873340575,0.011498516495066724,0.02884033298258721,0.3666666666663332,0.12297004392872911,7.547602017124897,0.48924625314646203
1407,41800.0,K_I_693.8764,693.876396,0.00655092165605007,weak_anchor,detected,693.7687602795891,26.339276828575958,2.915787044868949,9.03333351279081,0.0004106333975439282,53.40387057848329,52.54084536348977,0.031239720445000785,0.16134661923720642,0.4333333333329392,0.07582922057995277,11.292794665875048,0.5871467606000799
1407,41800.0,K_I_766.4899,766.48991,1.0,strong_resonance,detected,766.3822742795891,867.7928446443898,7.2103709782819285,120.35342526178391,0.013529024600023611,1793.1243206317176,1766.950669053328,0.01772572037896225,0.02441977363585826,0.4333333333329392,0.08129863405501987,27.925646718888586,0.6720484339405925
1407,41800.0,K_I_769.8964,769.89645,0.4984931955549362,weak_resonance,detected,769.788814279589,590.903179960492,2.504494401109938,235.93711357414753,0.009212271923253358,1458.806943813824,1457.3130976827981,0.011185720375920027,0.03639767160892849,0.3666666666663332,0.1313197876519254,9.699865106177329,0.6533749570518615
1408,41900.0,K_I_693.8764,693.876396,0.00655092165605007,weak_anchor,detected,693.7688934324274,18.91781111698263,3.120243849737572,6.062927139035531,0.0002774299698577287,28.47152003570318,28.447653014725166,-0.002226765726618396,0.15088164284611252,0.5999999999994543,0.12964325798989335,12.084652466150725,0.39668499705486704
1408,41900.0,K_I_766.4899,766.48991,1.0,strong_resonance,detected,766.3824074324275,636.3048214588719,1.8658964648398126,341.0182898403737,0.00933141928239204,1328.8417921449932,1315.0331083810156,0.0175925675405324,0.028540047027387334,0.4333333333329392,0.06784111282518777,7.226585934078459,0.46353420890103747
1408,41900.0,K_I_769.8964,769.89645,0.4984931955549362,weak_resonance,detected,769.7889474324274,431.97894881134187,6.217771247426074,69.4748860357584,0.006334977445689755,1077.3161726099452,1076.3143646359417,0.011052567537490177,0.02504209866012317,0.3666666666663332,0.1342761000731763,24.081324491830404,0.44930454191807084
1409,42000.0,K_I_693.8764,693.876396,0.00655092165605007,weak_anchor,low_snr,693.7689800194846,21.36833754332592,4.422525348673587,4.831704932959798,0.00034016888472903397,51.64590671868973,51.61855837796305,-0.002313352783858136,0.005063815561402889,0.3666666666663332,0.11997863174860306,17.128367023608533,0.4863926312867134
1409,42000.0,K_I_766.4899,766.48991,1.0,strong_resonance,detected,766.3824940194846,637.6535563963332,1.9340197055864328,329.7037535628336,0.010150995541091654,1238.9827474035046,1225.300410482345,0.017505980483406347,0.02627753582979998,0.4333333333329392,0.06673134896360988,7.490426110980038,0.5042463043726506
1409,42000.0,K_I_769.8964,769.89645,0.4984931955549362,weak_resonance,detected,769.7890340194846,426.6842194912865,1.237530691877461,344.7867776466722,0.006792512275769578,1004.7474713114127,1003.6701020925138,0.010965980480364124,0.026702204686520167,0.3666666666663332,0.11782093542624777,4.792935760066308,0.48175493010065956
1410,42100.0,K_I_693.8764,693.876396,0.00655092165605007,weak_anchor,detected,693.7689800194846,24.403486451684042,1.6868828814140888,14.46661574467278,0.0004747603801650388,56.136795928220636,52.63607817053966,0.0643533138827479,0.08046968010114638,0.3666666666663332,0.09140690035692153,6.533269306725089,0.6788391322830598
1410,42100.0,K_I_766.4899,766.48991,1.0,strong_resonance,detected,766.3824940194846,633.6547915181404,3.514261953877072,180.30949309827844,0.012327508625055118,1145.970666276954,1131.2682105006995,0.017505980483406347,0.017995437384522545,0.49999999999954525,0.07019146916650454,13.610678021588615,0.612363648584317
1410,42100.0,K_I_769.8964,769.89645,0.4984931955549362,weak_resonance,detected,769.7890340194846,427.53498892033275,1.931677262117623,221.3283747263467,0.00831752767275865,955.035151956602,952.4731784706504,0.010965980480364124,0.026759128070662226,0.3999999999996362,0.09446441067573237,7.481353866435898,0.5899157483887152
1411,42200.0,K_I_693.8764,693.876396,0.00655092165605007,weak_anchor,detected,693.7688934324274,25.839048620516543,0.6525487580191485,39.59711562236752,0.0005506599709543869,53.831755474078705,49.93308767611259,0.06443990093998764,0.09474526902358635,0.3666666666663332,0.07598224512470292,2.5273104723987942,0.7873646422132892
1411,42200.0,K_I_766.4899,766.48991,1.0,strong_resonance,detected,766.3824074324275,658.2689708205096,2.4741414107387523,266.0595582626611,0.014028472087953742,1107.7323925360406,1077.7654726020382,0.05092590087383542,0.032222595307621234,0.49999999999954525,0.06377748449514024,9.582308479962027,0.6968582714582523
1411,42200.0,K_I_769.8964,769.89645,0.4984931955549362,weak_resonance,detected,769.7889474324274,454.0333597655932,4.1572547968744615,109.2147058455373,0.009675975318314416,929.9103954131069,925.8793441614756,0.011052567537490177,0.031097011762841725,0.4333333333329392,0.06956056601129314,16.100978594250332,0.6862628470703994
1412,42300.0,K_I_693.8764,693.876396,0.00655092165605007,weak_anchor,detected,693.7687602795891,21.353510155100608,3.0563219417217793,6.986669127883532,0.0003483677288627873,49.94280211077739,49.89659113364131,-0.002093612888302232,0.07628754609209064,0.3999999999996362,0.12013144023768431,11.837083980947533,0.49811580042636744
1412,42300.0,K_I_766.4899,766.48991,1.0,strong_resonance,detected,766.3822742795891,686.0982309970929,2.8319971730848557,242.26656633619993,0.011193217451049427,1346.2803906093213,1324.5942026376306,0.05105905371226527,0.019656007742237355,0.4333333333329392,0.08376293256649114,10.968277887874105,0.5560182260826956
1412,42300.0,K_I_769.8964,769.89645,0.4984931955549362,weak_resonance,detected,769.788814279589,477.10198158164826,6.8574787152665895,69.57396462922898,0.0077835883914304915,1100.1133468067355,1096.2647309879528,0.011185720375920027,0.03767606789105175,0.3999999999996362,0.10385832659180055,26.55890086122349,0.5520464195290775
1413,42400.0,K_I_693.8764,693.876396,0.00655092165605007,weak_anchor,low_snr,693.7687602795891,9.719711786208613,3.1550291679241056,3.0807042562474405,0.00023383900616943956,28.475867072977508,26.18141652635377,0.0645730537783038,0.04920188591215102,0.33333333333303017,0.08992742701962786,12.219375424179818,0.334356181926583
1413,42400.0,K_I_766.4899,766.48991,1.0,strong_resonance,detected,766.3822742795891,638.3856681182064,7.020933723507735,90.92603537628354,0.015358425585971492,1193.83216464619,1182.1007443915914,0.01772572037896225,0.01866672842370622,0.46666666666624224,0.060293791744434784,27.191959385996217,0.7629231351111044
1413,42400.0,K_I_769.8964,769.89645,0.4984931955549362,weak_resonance,detected,769.788814279589,462.3130567236348,1.6921459402794408,273.2111017843346,0.011122431210028701,984.218155172094,982.7525965504532,0.011185720375920027,0.03345478768490108,0.3999999999996362,0.10230769998303448,6.553653046060724,0.7888518787446267
1414,42500.0,K_I_693.8764,693.876396,0.00655092165605007,weak_anchor,detected,693.7687602795891,22.048539670203205,1.9151318649862012,11.512804978764253,0.0003578283562480709,44.791149590341774,34.33379908040479,0.09790638711160682,0.10476128325352899,0.3666666666663332,0.13016086424588216,7.417273818889455,0.5116431383285881
1414,42500.0,K_I_766.4899,766.48991,1.0,strong_resonance,detected,766.3822742795891,728.4503855062816,2.5037946280065486,290.93855277030184,0.011822107402706911,1362.4989086154937,1344.9483271965676,0.01772572037896225,0.02326297008767337,0.46666666666624224,0.0710664151136202,9.697154896601775,0.5872580618896058
1414,42500.0,K_I_769.8964,769.89645,0.4984931955549362,weak_resonance,detected,769.788814279589,499.5052188959322,1.2667392483273845,394.32363018315255,0.00810652923451492,1123.7563258000462,1120.3296146341838,0.011185720375920027,0.03727608034301203,0.3999999999996362,0.10188777968128733,4.9060600127637235,0.5749508085048282
1415,42600.0,K_I_693.8764,693.876396,0.00655092165605007,weak_anchor,detected,693.7687137138079,19.692086044113402,0.8849145008574729,22.253094536287943,0.0004990243629051551,41.615515618904624,41.52702232741767,-0.002047047107112121,0.14244086559078917,0.3999999999996362,0.1046557244154719,3.4272591246415582,0.7135331414657675
1415,42600.0,K_I_766.4899,766.48991,1.0,strong_resonance,detected,766.3822277138079,550.4726596378258,1.0736097482864342,512.7306831149992,0.013949729229148314,965.1788981532964,944.5280129555601,0.05110561949345538,0.025643320047437544,0.49999999999954525,0.0717516583774944,4.158072675443078,0.6929467540718399
1415,42600.0,K_I_769.8964,769.89645,0.4984931955549362,weak_resonance,detected,769.7887677138078,390.4964105971907,3.160526496724564,123.55422775347229,0.009895712525248944,837.1782210513925,835.5824119506452,0.011232286157110138,0.02628782139874665,0.3999999999996362,0.09898618361600586,12.24066648707264,0.701847578973628
1416,42700.0,K_I_693.8764,693.876396,0.00655092165605007,weak_anchor,low_snr,693.7684079468412,15.661608168811977,3.3402466706745826,4.688757960994845,0.0003101050962135069,34.8943872871705,32.78913500226544,0.06492538652616986,0.10076784720845804,0.3999999999996362,0.06384927906367213,12.936719727759193,0.44340573313416054
1416,42700.0,K_I_766.4899,766.48991,1.0,strong_resonance,detected,766.3819219468412,489.8612702177812,1.013199301041411,483.47967642129254,0.009699417498814802,866.7447613032009,838.588567185923,0.051411386460131325,0.0336448151586569,0.49999999999954525,0.06434400814593963,3.9241040193259487,0.4818143608226635
1416,42700.0,K_I_769.8964,769.89645,0.4984931955549362,weak_resonance,detected,769.7884619468412,354.10390256213805,3.342415258058498,105.9425221651919,0.007011376072623312,726.660004300209,723.911944657852,0.011538053123786085,0.03580451702259678,0.3999999999996362,0.07747346705655911,12.945118630581902,0.497277715908638
1417,42800.0,K_I_693.8764,693.876396,0.00655092165605007,weak_anchor,detected,693.7683963223258,17.445811178445258,2.1631109036373313,8.06514873976625,0.0004658711512208685,37.48377424259729,34.20467797563253,0.064937011041593,0.16229916967280356,0.3999999999996362,0.09069264883707943,8.37769250579468,0.666128812055773
1417,42800.0,K_I_766.4899,766.48991,1.0,strong_resonance,detected,766.3819103223259,450.9894578293788,4.0691784993306515,110.83059096659512,0.01204317619618832,718.4573234865875,714.850873666576,0.018089677642137758,0.032125138259838905,0.5666666666661513,0.0363071432687459,15.759860560667235,0.5982395584013395
1417,42800.0,K_I_769.8964,769.89645,0.4984931955549362,weak_resonance,detected,769.7884503223258,335.942306739564,3.0978726232224054,108.44290505079482,0.00897096888093812,638.9752236298987,634.4266505492617,0.011549677639095535,0.03894183924847855,0.46666666666624224,0.0739926590830216,11.998009078423172,0.6362606809837358
1418,42900.0,K_I_693.8764,693.876396,0.00655092165605007,weak_anchor,detected,693.7683963223258,16.522609949371184,1.802167823958257,9.168186075523836,0.00029401646820981795,47.55741872800036,47.54802495061703,-0.001729655625013038,0.049475764892597925,0.3666666666663332,0.12938161954434022,6.979765969267537,0.4204013066277774
1418,42900.0,K_I_766.4899,766.48991,1.0,strong_resonance,detected,766.3819103223259,704.4978227608939,6.180599872631867,113.9853472606211,0.012536394815611284,1191.4682838787103,1151.852604498436,0.051423010975440775,0.028228940786321086,0.5333333333328483,0.05512366290856985,23.937360376296674,0.6227399795753068
1418,42900.0,K_I_769.8964,769.89645,0.4984931955549362,weak_resonance,detected,769.7884503223258,490.4077358241385,2.114741340178412,231.89963070507943,0.008726705460675365,999.8926304874349,995.8704827602038,0.011549677639095535,0.03258074629839388,0.4333333333329392,0.074032346707735,8.190357992054793,0.6189364418543336
1419,43000.0,K_I_693.8764,693.876396,0.00655092165605007,weak_anchor,detected,693.7688448039876,23.4270615703696,0.6418713840612656,36.498061998248424,0.0004342740545843043,56.60163922854531,56.48549404545821,-0.0021781372868190374,0.0694880018255973,0.3999999999996362,0.1080914438160902,2.4859571808786476,0.6209495035886831
1419,43000.0,K_I_766.4899,766.48991,1.0,strong_resonance,detected,766.3823588039876,703.0575680866141,7.236364641065208,97.15618310565435,0.013032776636627826,1211.4035182348252,1197.3352581208471,0.017641195980445445,0.023449069642298034,0.49999999999954525,0.06394857085056682,28.026319741955252,0.6473975314176004
1419,43000.0,K_I_769.8964,769.89645,0.4984931955549362,weak_resonance,detected,769.7888988039875,477.90260080649074,7.316725022338315,65.31646321919041,0.008859015439269393,1000.1448326603072,994.2416776334591,0.011101195977403222,0.029547735689585863,0.4333333333329392,0.07216136601804118,28.337554160321158,0.6283204491113487
1420,43100.0,K_I_693.8764,693.876396,0.00655092165605007,weak_anchor,detected,693.7693585277538,13.072292043302895,0.4163810838612387,31.39501901017989,0.000214400565771025,23.205931509397487,19.614531297078152,0.13064147228021739,0.15627238345610936,0.49999999999954525,0.09162950285268898,1.6126370034718378,0.306562004981134
1420,43100.0,K_I_766.4899,766.48991,1.0,strong_resonance,detected,766.3828725277538,458.20761321514215,1.0820360992535178,423.46795410176554,0.0075151298019116,892.8253866099251,879.9351517465925,0.0171274722142698,0.029541173314108538,0.4333333333329392,0.0806730311194842,4.190707792407921,0.3733108160824951
1420,43100.0,K_I_769.8964,769.89645,0.4984931955549362,weak_resonance,detected,769.7894125277537,313.4640201560186,1.8608277423282993,168.45407719674637,0.0051411690503610896,727.71214339486,726.5638841622136,0.010587472211227578,0.028937533784963772,0.3666666666663332,0.1161542245057264,7.206954856204804,0.3646343850312389
1421,43200.0,K_I_693.8764,693.876396,0.00655092165605007,weak_anchor,detected,693.7693112808674,20.59367298588703,1.0005779640164123,20.58177745912185,0.00034752090689209764,52.4395991984652,52.3767917478334,-0.002644614166683823,0.037475298034410125,0.33333333333303017,0.13537701567435953,3.875221791221213,0.4969049666757049
1421,43200.0,K_I_766.4899,766.48991,1.0,strong_resonance,detected,766.3828252808675,632.0032248173353,1.784701381482259,354.12267361637487,0.010665136520219944,1123.832396766954,1113.7886100377386,0.01717471910058066,0.029102766436492223,0.49999999999954525,0.0574680778628884,6.912118728440445,0.5297860346978691
1421,43200.0,K_I_769.8964,769.89645,0.4984931955549362,weak_resonance,detected,769.7893652808674,429.95038579762803,9.256489955092503,46.448533718884306,0.007255468613753126,969.7724632091595,966.0105871315111,0.010634719097538436,0.029248925880805354,0.3999999999996362,0.09175111207085525,35.85023144044211,0.5145898355362412
1422,43300.0,K_I_693.8764,693.876396,0.00655092165605007,weak_anchor,detected,693.7689993857396,13.576773272321876,0.8064342137204484,16.835562084706247,0.0002248710427968529,31.724059131902123,31.692001903706178,-0.0023327190388044983,0.13133257995301764,0.46666666666624224,0.1476094810178424,3.12330627955401,0.3215332827788556
1422,43300.0,K_I_766.4899,766.48991,1.0,strong_resonance,detected,766.3825133857396,522.4053890711339,6.384958693716858,81.81813135067088,0.008652559945344904,980.2585300038463,952.3133045541291,0.050819947561763,0.02129381190481038,0.4333333333329392,0.08633867348453235,24.728838687010143,0.4298121655300999
1422,43300.0,K_I_769.8964,769.89645,0.4984931955549362,weak_resonance,detected,769.7890533857395,350.4518074584516,2.315879133305852,151.32560349045139,0.005804506108522984,771.2851706043571,769.9033869067173,0.010946614225417761,0.032000295522982704,0.3999999999996362,0.10621262434133392,8.969361315130989,0.4116811749543023
1423,43400.0,K_I_693.8764,693.876396,0.00655092165605007,weak_anchor,detected,693.7689993857396,15.803054667257086,1.0815113890401686,14.612009478034393,0.000275597262769474,35.71498511111122,34.066858395260375,0.06433394762780154,0.11226180917327737,0.4333333333329392,0.06461504981553597,4.188675598490033,0.3940644892334534
1423,43400.0,K_I_766.4899,766.48991,1.0,strong_resonance,detected,766.3825133857396,550.9579087338118,6.15487521968959,89.51569106897318,0.009608426645694019,1002.7161747063274,991.2255074218454,0.017486614228459985,0.026412797681039907,0.49999999999954525,0.06620054273895172,23.837729223864176,0.4772944296265421
1423,43400.0,K_I_769.8964,769.89645,0.4984931955549362,weak_resonance,detected,769.7890533857395,383.3250077225974,2.1202367330889906,180.79349430199144,0.006684993825802647,813.7149372633066,810.8144613769337,0.010946614225417761,0.042239678634579475,0.3999999999996362,0.08768115978648354,8.211641557278348,0.4741292474010311
1424,43500.0,K_I_693.8764,693.876396,0.00655092165605007,weak_anchor,detected,693.7691807935093,19.3299432936114,1.9437069814838714,9.94488545740288,0.0003763638619245599,44.949838871374595,43.78235999867483,0.030819206524711262,-0.017612369176136858,0.33333333333303017,0.10036031950223903,7.527944769200968,0.5381462483511251
1424,43500.0,K_I_766.4899,766.48991,1.0,strong_resonance,detected,766.3826947935095,453.0478713985101,1.9349930148700294,234.13411207013615,0.00882107329164276,761.2801277412245,756.5035254103709,0.01730520645855904,0.014856006137396901,0.49999999999954525,0.044677943347558875,7.49419572162612,0.43818299297891433
1424,43500.0,K_I_769.8964,769.89645,0.4984931955549362,weak_resonance,detected,769.7892347935094,317.8583070739326,2.4462640380546072,129.93622198146264,0.006188863473525352,629.6545334358166,626.1332939137844,0.010765206455516818,0.03408699093686276,0.46666666666624224,0.07091740586931485,9.474339879820217,0.43894149455223935
1425,43600.0,K_I_693.8764,693.876396,0.00655092165605007,weak_anchor,detected,693.768425573994,11.51408784143704,0.9594321090739627,12.000940694543106,0.0002196271994312692,22.479379546886207,22.45008875788906,-0.0017589072932651106,0.021673325412767223,0.33333333333303017,0.1513244022306974,3.715864580263495,0.3140353401769821
1425,43600.0,K_I_766.4899,766.48991,1.0,strong_resonance,detected,766.381939573994,321.4467178651287,1.3355978166455016,240.67628282927032,0.006131483742639257,655.5075944613634,650.4647559226983,0.018060425973999372,0.02555570394751095,0.4333333333329392,0.05810469447869496,5.172748101103719,0.30457879771803537
1425,43600.0,K_I_769.8964,769.89645,0.4984931955549362,weak_resonance,detected,769.788479573994,221.6165715787145,0.07289453085312046,3040.235926962243,0.004227258609946278,540.778741417327,539.7086817922178,0.011520425970957149,0.035107836938693834,0.3666666666663332,0.12341609166220074,0.282319304023995,0.2998158256432961
1426,43700.0,K_I_693.8764,693.876396,0.00655092165605007,weak_anchor,detected,693.7690975530377,16.869034398564413,0.683593997233207,24.676978538197385,0.0003406347232246683,29.099437802432362,28.18675314367885,0.0642357803296818,0.11560228336249093,0.5333333333328483,0.03331614010825561,2.6475481668539778,0.48705871340597223
1426,43700.0,K_I_766.4899,766.48991,1.0,strong_resonance,detected,766.3826115530377,474.1931748226922,2.6228054463422796,180.79616827241,0.009575335318214818,917.7735867753472,898.2656924028385,0.05072178026364327,0.028809095466118373,0.4333333333329392,0.09370588969537295,10.158081814034999,0.47565063227478227
1426,43700.0,K_I_769.8964,769.89645,0.4984931955549362,weak_resonance,detected,769.7891515530376,334.9080096440448,2.281233848141199,146.81002998308807,0.00676276391851642,777.9014262668484,777.2210042888,0.010848446927298028,0.03489315133291959,0.3666666666663332,0.1232241202966141,8.835180702663557,0.4796450453941971
1427,43800.0,K_I_693.8764,693.876396,0.00655092165605007,weak_anchor,detected,693.7692280403958,12.68436316621067,0.851612339481222,14.894527214034525,0.00022375271891837583,23.221725827082707,21.972000709338175,0.06410529297158973,0.10130387308092652,0.3666666666663332,0.08151995638145089,3.2982804082385093,0.31993424030818257
1427,43800.0,K_I_766.4899,766.48991,1.0,strong_resonance,detected,766.3827420403957,383.5144130385394,0.597154669104925,642.2363131035868,0.006765210955986355,776.7610159277879,764.3705868179995,0.050591292905664886,0.027745799479294835,0.4333333333329392,0.08603667713035942,2.3127700885554785,0.3360589224030559
1427,43800.0,K_I_769.8964,769.89645,0.4984931955549362,weak_resonance,detected,769.7892820403956,265.5871132281568,4.663036939377289,56.95582442965245,0.0046849682491577165,640.628246292511,640.0492417077281,0.010717959569319646,0.02458200328378985,0.3666666666663332,0.13065927261755694,18.05986440897467,0.3322786120605238
1428,43900.0,K_I_693.8764,693.876396,0.00655092165605007,weak_anchor,detected,693.7690484693886,13.335756124712704,0.3613499552627024,36.90537643769064,0.00023279234474044054,34.37666261673883,34.260561085954414,-0.002381802687864365,0.06799657663818373,0.3666666666663332,0.13442672777579942,1.3995023588865145,0.33285960646253765
1428,43900.0,K_I_766.4899,766.48991,1.0,strong_resonance,detected,766.3825624693886,515.0462824727981,1.2698721097984564,405.5890971213959,0.008990778672422142,955.4605035592199,945.6029959149671,0.017437530579400118,0.028154354055718367,0.4333333333329392,0.06311358847017504,4.91819353306717,0.4466130342240072
1428,43900.0,K_I_769.8964,769.89645,0.4984931955549362,weak_resonance,detected,769.7891024693886,347.96854245097455,1.002438453835305,347.12210123190647,0.0060742272230792605,810.8297020045397,810.1103543245971,0.010897530576357894,0.0358132210906487,0.3666666666663332,0.11807772253683962,3.8824274373055805,0.43081098604838813
1429,44000.0,K_I_693.8764,693.876396,0.00655092165605007,weak_anchor,detected,693.7690975530377,11.675960982144428,0.4366898116304297,26.737424760497472,0.0002268014780010395,26.76755289183754,26.750488690611867,-0.0024308863369242317,0.05093864702488261,0.3999999999996362,0.09130694424493743,1.6912923679046463,0.3242935277649329
1429,44000.0,K_I_766.4899,766.48991,1.0,strong_resonance,detected,766.3826115530377,432.15942886474244,0.8926276887634668,484.1429795477231,0.008394546483025945,780.8356258905276,773.8330379594538,0.01738844693034025,0.028136862923708705,0.49999999999954525,0.05655969770400433,3.4571321729476683,0.41699545860455084
1429,44000.0,K_I_769.8964,769.89645,0.4984931955549362,weak_resonance,detected,769.7891515530376,304.0759243018365,2.6668323928716484,114.02138548887474,0.005906568989195312,667.6021559348233,666.6786369588923,0.010848446927298028,0.01458036267260505,0.3666666666663332,0.1058162315196275,10.328597444727762,0.4189199246168634
1430,44100.0,K_I_693.8764,693.876396,0.00655092165605007,weak_anchor,detected,693.7690484693886,13.44737915288529,0.7659543865118678,17.556370705211616,0.00023973543756235195,26.830622643173797,26.173527492512406,0.030951530645438652,0.026319118620172367,0.3999999999996362,0.08203084220301936,2.9665285829176806,0.3427872316467382
1430,44100.0,K_I_766.4899,766.48991,1.0,strong_resonance,detected,766.3825624693886,397.48777484857624,1.4929225446522825,266.248089207572,0.007086280868979818,694.8041687166627,681.3740754020397,0.050770863912703135,0.021533124028039304,0.49999999999954525,0.07715363096341904,5.782064152621148,0.3520079311891233
1430,44100.0,K_I_769.8964,769.89645,0.4984931955549362,weak_resonance,detected,769.7891024693886,273.75262657776346,4.918304380809767,55.65996029971042,0.004880371481336717,577.7943626992992,577.7245781455867,0.010897530576357894,0.025874286598871074,0.3999999999996362,0.11054204733412736,19.04851095847253,0.3461374711450547
1431,44200.0,K_I_693.8764,693.876396,0.00655092165605007,weak_anchor,detected,693.7690975530377,19.218391065652188,1.2081091877094194,15.907826263692561,0.0002995272561161905,32.616047073666095,32.43299589377293,-0.03576421967022725,0.07394126013483768,0.5333333333328483,0.120286060289383,4.678986764403008,0.42828094156963475
1431,44200.0,K_I_766.4899,766.48991,1.0,strong_resonance,detected,766.3826115530377,455.4939317828047,4.675573503368923,97.4199061258698,0.007099077498132323,857.1142617843498,843.4604312379835,0.05072178026364327,0.024142293973113134,0.4333333333329392,0.08030986106847433,18.108418312532976,0.35264359819660623
1431,44200.0,K_I_769.8964,769.89645,0.4984931955549362,weak_resonance,detected,769.7891515530376,314.16512062521014,1.570140943025588,200.0872100181202,0.004896404502688156,717.2156256012792,716.1678890916774,0.010848446927298028,0.04200104280672985,0.3666666666663332,0.11387927751799544,6.081129723542041,0.34727460373560126
1432,44300.0,K_I_693.8764,693.876396,0.00655092165605007,weak_anchor,detected,693.7687922847665,9.766518913240635,1.9111384447952464,5.1103147131169715,0.00015286832334549433,18.336401667392238,17.96201356888365,0.031207715267555614,0.08099287813867545,0.4333333333329392,0.06975019673427915,7.401807368995464,0.2185797389776869
1432,44300.0,K_I_766.4899,766.48991,1.0,strong_resonance,detected,766.3823062847665,400.0818501118061,3.91618410066807,102.16114458039786,0.006262194561937492,747.1707009013762,729.9866573032184,0.051027048534820096,0.024841456665931003,0.4333333333329392,0.08626323177508965,15.167315802583502,0.3110718010206029
1432,44300.0,K_I_769.8964,769.89645,0.4984931955549362,weak_resonance,detected,769.7888462847665,264.8339412831415,3.321774955558891,79.72663555667725,0.004145255943143376,606.8604987489325,606.2319594798594,0.011153715198474856,0.026379954243765723,0.3666666666663332,0.11281860404540013,12.865179082740168,0.2939998348272584
1433,44400.0,K_I_693.8764,693.876396,0.00655092165605007,weak_anchor,detected,693.7690484693886,17.5243111303597,0.999187753144483,17.53855676794477,0.00029240048385914796,29.13113114609041,26.008126969033537,0.09761819731204469,0.006968073328043516,0.46666666666624224,0.0644777875129066,3.86983752766651,0.4180906811833996
1433,44400.0,K_I_766.4899,766.48991,1.0,strong_resonance,detected,766.3825624693886,395.52746674183487,2.4839770139820043,159.2315325445682,0.0065995417334570984,749.6449962833331,738.3100932787495,0.050770863912703135,0.02424380918772334,0.46666666666624224,0.07799561562466165,9.62040160752308,0.3278293755698904
1433,44400.0,K_I_769.8964,769.89645,0.4984931955549362,weak_resonance,detected,769.7891024693886,272.38959290414584,2.0755491064379887,131.23736367366166,0.0045449346437011,618.9138477551039,616.7302154341601,0.010897530576357894,0.03442352629074303,0.3999999999996362,0.10032855549555252,8.038567123477325,0.32234681112007535
1434,44500.0,K_I_693.8764,693.876396,0.00655092165605007,weak_anchor,detected,693.7689993857396,14.777881701849514,0.799152857442098,18.49193375739163,0.000273651450697987,31.417309374061347,30.894131933050065,0.03100061429449852,-0.07170153393084229,0.3666666666663332,0.07089123413658932,3.0951057079501303,0.3912822575364129
1434,44500.0,K_I_766.4899,766.48991,1.0,strong_resonance,detected,766.3825133857396,477.28134506822397,4.0988199217259,116.44359942196581,0.008838122750208495,882.3324489701718,872.0348152511207,0.017486614228459985,0.020766766293614364,0.46666666666624224,0.06720899269516933,15.874661295962037,0.43902991744445313
1434,44500.0,K_I_769.8964,769.89645,0.4984931955549362,weak_resonance,detected,769.7890533857395,328.71817605730473,1.5073553986547716,218.07609297095223,0.0060870838976617055,726.075418538326,724.3908637691482,0.010946614225417761,0.03206366559467173,0.3999999999996362,0.09836735996265639,5.837962355811082,0.4317228381162728
1435,44600.0,K_I_693.8764,693.876396,0.00655092165605007,weak_anchor,detected,693.7685851837934,16.161543862097272,0.9161670462919921,17.640389847580717,0.0003276528190979463,26.993568779193538,26.04553494133972,0.06474814957391573,0.012601409749218759,0.5333333333328483,0.036817043306996595,3.548299712636152,0.46849645568408244
1435,44600.0,K_I_766.4899,766.48991,1.0,strong_resonance,detected,766.3820991837935,498.62257156326683,1.6401924270327302,304.00248369962554,0.010108878992787685,918.9587662689705,909.6432251059002,0.017900816174574175,0.030878550285998757,0.49999999999954525,0.06028610692600898,6.352437954479065,0.5021541830876752
1435,44600.0,K_I_769.8964,769.89645,0.4984931955549362,weak_resonance,detected,769.7886391837934,329.16049887083676,0.7445981925517982,442.06459559454095,0.006673271211647746,745.7278248463788,744.8028632504606,0.011360816171531951,0.03153171918808289,0.3666666666663332,0.10917487341873189,2.8838163993718804,0.4732978279006296
1436,44700.0,K_I_693.8764,693.876396,0.00655092165605007,weak_anchor,low_snr,693.7689993857396,7.985432474143058,1.6385349026059344,4.87351991186943,0.0001782366705328983,24.753068638142395,24.725869919906483,-0.0023327190388044983,0.018005148044895114,0.33333333333303017,0.14335498217274995,6.3460183899781475,0.25485283065009273
1436,44700.0,K_I_766.4899,766.48991,1.0,strong_resonance,detected,766.3825133857396,434.09437230388573,1.7574101990319262,247.00799650702365,0.00968908520196534,770.0889080726171,763.817823004524,0.017486614228459985,0.025092684135601992,0.49999999999954525,0.051589746930077604,6.806420433311902,0.481301108454368
1436,44700.0,K_I_769.8964,769.89645,0.4984931955549362,weak_resonance,detected,769.7890533857395,297.4545257579825,0.6414209940426457,463.74304633098086,0.006639252723971533,645.949873803675,643.1858485972975,0.010946614225417761,0.03476147973510166,0.3999999999996362,0.08506439652789997,2.484212827837233,0.47088508671044493
1437,44800.0,K_I_693.8764,693.876396,0.00655092165605007,weak_anchor,detected,693.7689993857396,20.46948771124693,0.6739620873527944,30.371868233193222,0.000461116960661873,40.74817450424331,39.90886808610707,0.03100061429449852,0.024834213151764425,0.4333333333329392,0.08451482971798971,2.610243940294935,0.6593310026162935
1437,44800.0,K_I_766.4899,766.48991,1.0,strong_resonance,detected,766.3825133857396,564.1972976043568,6.730595873579285,83.82575751117271,0.01270969487634115,942.8022712295733,937.9509431387895,0.017486614228459985,0.0293615312429752,0.49999999999954525,0.04403534884367162,26.067485728448638,0.6313485849891156
1437,44800.0,K_I_769.8964,769.89645,0.4984931955549362,weak_resonance,detected,769.7890533857395,393.0829494989671,3.9051915323513384,100.65650973648648,0.008854995177108253,824.0029574973546,821.1681515114254,0.010946614225417761,0.03302594297810781,0.4333333333329392,0.07593291077049022,15.12474176856071,0.6280353143868469
1438,44900.0,K_I_693.8764,693.876396,0.00655092165605007,weak_anchor,detected,693.7693290140915,20.906035104554068,0.8027622941914875,26.042622150819692,0.00045177756968212064,41.34496632662076,35.48114528291804,0.09733765260921245,0.07554279307855943,0.3999999999996362,0.07317364218063035,3.1090849963697176,0.6459770153553022
1438,44900.0,K_I_766.4899,766.48991,1.0,strong_resonance,detected,766.3828430140915,524.3598899033192,1.3213213333551166,396.845094880787,0.011331370846483562,839.3949609647375,834.5739431725161,0.017156985876567887,0.03038344119152429,0.5666666666661513,0.04039744992251191,5.117455519077599,0.562880936129429
1438,44900.0,K_I_769.8964,769.89645,0.4984931955549362,weak_resonance,detected,769.7893830140914,360.2017277294435,5.567770595572928,64.69406767869509,0.007783927480034719,710.5108154392346,708.9383304493967,0.010616985873525664,0.027734907170703017,0.4333333333329392,0.0762342884780991,21.563882792176916,0.5520704691884959
1439,45000.0,K_I_693.8764,693.876396,0.00655092165605007,weak_anchor,detected,693.7693290140915,15.881694383433711,2.1149348208893657,7.5093067770075255,0.0003088306593891241,31.891434673927733,31.80555664972763,0.03067098594260642,0.018768310486633438,0.46666666666624224,0.06870097942045299,8.191107339626129,0.4415834715804208
1439,45000.0,K_I_766.4899,766.48991,1.0,strong_resonance,detected,766.3828430140915,489.6476541237165,3.1132001387752157,157.28113590421205,0.00952154123108563,846.8706363199253,839.8082359953129,0.017156985876567887,0.0229043593990568,0.49999999999954525,0.05285120052453942,12.057372290897996,0.4729784343093523
1439,45000.0,K_I_769.8964,769.89645,0.4984931955549362,weak_resonance,detected,769.7893830140914,344.95941666435874,1.0329703741400131,333.94899340801567,0.0067079772182285415,715.5684258234769,714.3010139657268,0.010616985873525664,0.03288313134686541,0.3999999999996362,0.09383918736025637,4.000677056173554,0.4757593309639435
1440,45100.0,K_I_693.8764,693.876396,0.00655092165605007,weak_anchor,detected,693.7695919840065,10.946885751256346,1.322200022477999,8.279296297953662,0.0002785157109958771,25.32415928403384,24.00301741343277,0.0637413493608392,0.07729828198438472,0.3666666666663332,0.07297003798198519,5.12085866741702,0.398237450888206
1440,45100.0,K_I_766.4899,766.48991,1.0,strong_resonance,detected,766.3831059840065,521.1231103256561,2.1940156472601156,237.52023417719653,0.013258654277274752,935.1381958065281,917.3855979914475,0.05022734929480066,0.02252484078037758,0.49999999999954525,0.08174340043110073,8.497386063164642,0.6586179053282737
1440,45100.0,K_I_769.8964,769.89645,0.4984931955549362,weak_resonance,detected,769.7896459840065,371.28381971749343,1.6156663149711683,229.8022904092786,0.009446374008061134,749.6580437838255,746.0973855407716,0.01035401595845542,0.02022850888833052,0.4333333333329392,0.06703603650066799,6.257448730917332,0.6699785094525396
1441,45200.0,K_I_693.8764,693.876396,0.00655092165605007,weak_anchor,detected,693.7694612390911,16.97573268150575,1.154858428828672,14.699405795326424,0.00041646672310528165,37.283817129106865,37.21143305037008,-0.002794572390371286,0.09983662761737298,0.33333333333303017,0.09944608594930221,4.4727474620847785,0.5954875780478568
1441,45200.0,K_I_766.4899,766.48991,1.0,strong_resonance,detected,766.3829752390911,500.3962551116943,7.25026008004081,69.01769723947305,0.012276252962416283,854.2644800872495,846.302231388033,0.017024760876893197,0.01952664602132748,0.49999999999954525,0.055930850165164574,28.08013654569605,0.60981754575537
1441,45200.0,K_I_769.8964,769.89645,0.4984931955549362,weak_resonance,detected,769.7895152390911,345.01663949911875,5.32038299892339,64.8480832242594,0.008464315029273254,736.8736497753152,735.3391343920761,0.010484760873850973,0.028697987436006763,0.3999999999996362,0.09088296705436723,20.6057547502941,0.6003265551427363
1442,45300.0,K_I_693.8764,693.876396,0.00655092165605007,weak_anchor,detected,693.7696595458478,15.47452950433062,0.9320355780798807,16.602938630529795,0.00038994797326188447,30.603022266384727,30.5692207096646,-0.002992879147086569,0.11846496706770561,0.4333333333329392,0.10128450314190918,3.609758271979463,0.5575695758618586
1442,45300.0,K_I_766.4899,766.48991,1.0,strong_resonance,detected,766.3831735458479,535.6897249216865,7.22156041166018,74.17922088649199,0.013499028999361106,957.9795951673113,946.8536329099109,0.016826454120177914,0.019877125606230825,0.49999999999954525,0.06590331056709585,27.96898320801609,0.6705584154768588
1442,45300.0,K_I_769.8964,769.89645,0.4984931955549362,weak_resonance,detected,769.7897135458478,368.5499236797135,2.8693626627158797,128.4431307581306,0.009287215856514867,817.2187703577847,816.6940378644543,0.01028645411713569,0.03009142299985478,0.3999999999996362,0.10961991678813027,11.112993806938078,0.6586903113514275
1443,45400.0,K_I_693.8764,693.876396,0.00655092165605007,weak_anchor,detected,693.7699352185964,23.34393463865339,1.4725163765223492,15.853089996720376,0.0005966534655720365,49.6357373759219,48.82819922855985,0.030064781437658894,0.0627315898458591,0.3666666666663332,0.07535362497974846,5.703031403293935,0.8531287313861413
1443,45400.0,K_I_766.4899,766.48991,1.0,strong_resonance,detected,766.3834492185963,565.288353029367,4.92888816846776,114.68881697210384,0.014448346437879546,1002.9353845331625,1000.8997306296001,0.016550781371734047,0.022149473400479867,0.49999999999954525,0.05817592836632499,19.089501791811774,0.717715347830112
1443,45400.0,K_I_769.8964,769.89645,0.4984931955549362,weak_resonance,detected,769.7899892185962,409.0738503035589,1.4708514272540911,278.12044284258695,0.010455620881253227,850.1360278524903,845.2171397790529,0.010010781368691823,0.02830989218074223,0.4333333333329392,0.07487385449843621,5.696583082505686,0.7415587491502116
1444,45500.0,K_I_693.8764,693.876396,0.00655092165605007,weak_anchor,detected,693.7697902907632,18.80122497450462,2.9549213714651894,6.3626819840495745,0.0005018306901556905,47.26363445836478,47.177286488694975,-0.003123624062482122,0.05310083021277126,0.3666666666663332,0.13256275946681553,11.444361261047467,0.7175457862340473
1444,45500.0,K_I_766.4899,766.48991,1.0,strong_resonance,detected,766.3833042907632,551.3876011398156,0.9273612416533127,594.5769311609293,0.014717297452613185,919.7237791660527,913.4186031651547,0.01669570920478236,0.02256337132225069,0.5666666666661513,0.04580194209846551,3.5916546448447786,0.7310753729318595
1444,45500.0,K_I_769.8964,769.89645,0.4984931955549362,weak_resonance,detected,769.7898442907632,386.73435821975966,4.4017351542911145,87.8595246337673,0.010322474740636071,774.1086766431981,772.4938192268638,0.010155709201740137,0.01874628444535229,0.4333333333329392,0.07389246522301664,17.047846947000725,0.7321154375944848
1445,45600.0,K_I_693.8764,693.876396,0.00655092165605007,weak_anchor,detected,693.7700801464294,9.827000029156162,1.2659651235338663,7.762457153420369,0.0003819682759069058,24.260925471461178,24.135903115417804,-0.0034134797286924368,0.09033117104336079,0.49999999999954525,0.13948932232947647,4.903061840330538,0.5461597551298673
1445,45600.0,K_I_766.4899,766.48991,1.0,strong_resonance,detected,766.3835941464295,503.4245020543911,1.4133684330603842,356.18773582222985,0.01956774076813759,916.1497596827726,905.6896295554925,0.016405853538572046,0.021854448167367677,0.46666666666624224,0.06886145886513229,5.473952403303119,0.9720190425967149
1445,45600.0,K_I_769.8964,769.89645,0.4984931955549362,weak_resonance,detected,769.7901341464294,356.16639100052555,1.7165772324228445,207.48637711908734,0.013843926112019933,782.5046125555532,781.6270285432555,0.009865853535529823,0.0255178345875359,0.3999999999996362,0.1044534352198784,6.648275033658542,0.9818723007989311
1446,45700.0,K_I_693.8764,693.876396,0.00655092165605007,weak_anchor,low_snr,693.7700801464294,11.813408880824488,2.4906455361987736,4.743111257354641,0.0004248637604405455,23.59708205747029,23.53900693466186,-0.0034134797286924368,0.0017295235367815263,0.3999999999996362,0.11946823756104187,9.646228683012465,0.6074941349901978
1446,45700.0,K_I_766.4899,766.48991,1.0,strong_resonance,detected,766.3835941464295,642.7766059233796,3.3961890005530844,189.26408566151667,0.023117161919207003,1109.50314768726,1103.4428040967543,0.016405853538572046,0.025380717552221925,0.49999999999954525,0.04585535866272899,13.15338343972687,1.148335000065493
1446,45700.0,K_I_769.8964,769.89645,0.4984931955549362,weak_resonance,detected,769.7901341464294,429.32886922420465,6.384979050841662,67.24045072122999,0.015440613262812262,935.5297542624003,932.2445723798552,-0.023467479797773194,0.027359491254339112,0.3666666666663332,0.12965030312795126,24.728917529815487,1.0951163959868826
1447,45800.0,K_I_693.8764,693.876396,0.00655092165605007,weak_anchor,low_snr,693.7697902907632,13.449451657663584,3.5123473782243906,3.8291917653266783,0.00042834303774340094,34.11013001946026,28.878135880895314,0.09687637593742693,0.08059975704033527,0.3666666666663332,0.09173863968052322,13.60326290197072,0.6124690016469763
1447,45800.0,K_I_766.4899,766.48991,1.0,strong_resonance,detected,766.3833042907632,696.1008839282943,5.40200878669833,128.85963563079397,0.0221696746296577,1235.9528706481906,1222.9436810594443,0.01669570920478236,0.018693803767134764,0.49999999999954525,0.0634364732927252,20.921890066967794,1.101268979569151
1447,45800.0,K_I_769.8964,769.89645,0.4984931955549362,weak_resonance,detected,769.7898442907632,481.9743972456032,6.460828274331885,74.59947498688847,0.015350096248205745,1065.3601584416947,1064.1027990365149,-0.02317762413156288,0.027192888476211343,0.3666666666663332,0.12498823868244548,25.02268030921615,1.088696530070668
1448,45900.0,K_I_693.8764,693.876396,0.00655092165605007,weak_anchor,detected,693.7697902907632,27.892622215533876,4.060646379852137,6.869010400395799,0.0009949462162380822,46.95546631639627,46.24616873185405,0.030209709270820895,0.20180901581710983,0.49999999999954525,0.06731839819242058,15.726815804019063,1.422630139997327
1448,45900.0,K_I_766.4899,766.48991,1.0,strong_resonance,detected,766.3833042907632,549.3782308891375,0.9999923554573784,549.3824306665443,0.019596644154966078,916.2327602499322,912.5011832192574,0.01669570920478236,0.013469025258965397,0.5333333333328483,0.04762862015380614,3.872953739024676,0.9734548058115761
1448,45900.0,K_I_769.8964,769.89645,0.4984931955549362,weak_resonance,detected,769.7898442907632,402.3994909085377,7.770510921400313,51.78546108214231,0.014353826176751844,808.5334401354239,806.9972816836304,0.010155709201740137,0.023402963350178975,0.4333333333329392,0.08853280439081297,30.09505939013363,1.018036662388607
1449,46000.0,K_I_693.8764,693.876396,0.00655092165605007,weak_anchor,detected,693.7697902907632,11.834801949779003,1.1307741687427306,10.46610567956086,0.00045412043820749207,26.583384866240976,25.669774963461784,0.030209709270820895,0.017530497955415406,0.33333333333303017,0.11573646790191817,4.379469523866113,0.6493269807341814
1449,46000.0,K_I_766.4899,766.48991,1.0,strong_resonance,detected,766.3833042907632,476.9363621813073,1.230944050110192,387.45575977934396,0.018300817428964822,828.3736428914417,821.7482891609573,0.01669570920478236,0.020853069611335144,0.49999999999954525,0.05285197353502744,4.767425806194217,0.9090851747691439
1449,46000.0,K_I_769.8964,769.89645,0.4984931955549362,weak_resonance,detected,769.7898442907632,337.4099691546878,2.2346813051177237,150.98795894608023,0.012946964697703662,686.271629419412,684.7429399552041,0.010155709201740137,0.023953428273797372,0.4333333333329392,0.08688005428930727,8.65488347880987,0.9182558410983903
1450,46100.0,K_I_693.8764,693.876396,0.00655092165605007,weak_anchor,low_snr,693.7696595458478,7.967321066777977,1.7496339769165508,4.553707330729312,0.00024632605389460417,17.022206042667335,16.959244733186697,-0.002992879147086569,0.1242540191029939,0.5666666666661513,0.11756582760189235,6.776303254562616,0.35221086609290114
1450,46100.0,K_I_766.4899,766.48991,1.0,strong_resonance,detected,766.3831735458479,377.2329222675697,1.4684164882239426,256.8977706889105,0.011662928650982382,664.1210352003177,660.4096316278778,0.016826454120177914,0.025654341143707102,0.49999999999954525,0.0486711897863615,5.687152604192881,0.5793509263808936
1450,46100.0,K_I_769.8964,769.89645,0.4984931955549362,weak_resonance,detected,769.7897135458478,268.3992894607345,5.306206939829398,50.5821375804397,0.008298113918950559,549.1711286395157,548.122887905206,0.01028645411713569,0.019864397363513066,0.4333333333329392,0.08273105818875601,20.55085110950817,0.5885388393410611
1451,46200.0,K_I_693.8764,693.876396,0.00655092165605007,weak_anchor,low_snr,693.7694851420189,6.706654143843989,1.5395394641278763,4.356272963514577,0.00016344071139590808,21.01586671390851,20.98916593452332,0.030514858015180835,0.034557212117733806,0.29999999999972715,0.1536939417649418,5.9626107054017785,0.23369673489846648
1451,46200.0,K_I_766.4899,766.48991,1.0,strong_resonance,detected,766.3829991420189,487.5097495018176,3.0697483232570884,158.81098323544526,0.011880579878143113,893.5940524555153,887.4021092810164,0.0170008579491423,0.024860912704915382,0.49999999999954525,0.05049868669097152,11.889084133033657,0.5901626567667162
1451,46200.0,K_I_769.8964,769.89645,0.4984931955549362,weak_resonance,detected,769.7895391420188,350.27832017667356,4.835097839268589,72.44492910399111,0.008536259155213556,773.3183703723134,771.3900298323745,-0.02287247538720294,0.023569237181354674,0.3666666666663332,0.12838607784949424,18.72625340878774,0.6054291498759341
1452,46300.0,K_I_693.8764,693.876396,0.00655092165605007,weak_anchor,detected,693.7696595458478,16.399842569735693,0.5859636789945686,27.987814189909383,0.00035090907829027975,31.69152263566383,31.676007669703864,-0.002992879147086569,0.08292823139826493,0.3666666666663332,0.1160429444501181,2.269427570230457,0.5017495649784711
1452,46300.0,K_I_766.4899,766.48991,1.0,strong_resonance,detected,766.3831735458479,487.229364966901,1.093950694406575,445.3851233498267,0.010425295648386766,964.1156938970453,950.511987877676,0.016826454120177914,0.02191980630606787,0.4333333333329392,0.08122603777760581,4.236852821012558,0.5178720433292562
1452,46300.0,K_I_769.8964,769.89645,0.4984931955549362,weak_resonance,detected,769.7897135458478,334.798490140488,6.98508264543535,47.930498053487455,0.007163716913050183,779.524513099529,779.4905372913726,0.01028645411713569,0.01877021028144193,0.3666666666663332,0.12815196756464148,27.05310875767816,0.5080824002362799
1453,46400.0,K_I_693.8764,693.876396,0.00655092165605007,weak_anchor,detected,693.7699504559519,11.48522765019483,1.0471998445176243,10.967560499863628,0.00025726698712478694,29.443795349327957,28.853933633155716,-0.03661712258440275,-0.01365061412144404,0.26666666666642413,0.2249801297345686,4.055787557971444,0.36785482866990116
1453,46400.0,K_I_766.4899,766.48991,1.0,strong_resonance,detected,766.3834644559519,484.2029990509698,2.2238574627471808,217.73113032740105,0.010846058129332415,941.472350770804,930.7914442400412,0.01653554401616475,0.025631110570764483,0.4333333333329392,0.07099822961309706,8.612962917566744,0.5387732372246379
1453,46400.0,K_I_769.8964,769.89645,0.4984931955549362,weak_resonance,detected,769.7900044559518,329.867651299751,3.6237481136005143,91.02940959436563,0.007388974723402819,799.6968776754716,798.6487464719927,-0.02333778932018049,0.018295832618895957,0.3666666666663332,0.14245271279901092,14.034716094838098,0.5240586776834586
1454,46500.0,K_I_693.8764,693.876396,0.00655092165605007,weak_anchor,detected,693.7698207654743,16.1438920659781,2.346915396772027,6.878770358821876,0.00037904400416869147,38.84196567509116,38.70105733229133,-0.0031540987735070303,0.0906978743769843,0.3666666666663332,0.11540383396765744,9.089564246664098,0.5419784666899196
1454,46500.0,K_I_766.4899,766.48991,1.0,strong_resonance,detected,766.3833347654743,632.062440076344,1.2054155928606207,524.3523012477141,0.014840255199430174,1291.5889626931921,1282.6314505085281,0.016665234493757453,0.023762625397687,0.4333333333329392,0.06373427290966621,4.66855451641217,0.7371832457188657
1454,46500.0,K_I_769.8964,769.89645,0.4984931955549362,weak_resonance,detected,769.7898747654742,437.4292665477588,1.0545933185345437,414.78478846766046,0.010270444082208426,1055.0190089834298,1054.7761045733457,0.01012523449071523,0.03145476189197052,0.3666666666663332,0.13181461662774951,4.084422359709617,0.7284251938089391
1455,46600.0,K_I_693.8764,693.876396,0.00655092165605007,weak_anchor,low_snr,693.7697902907632,6.702856598122447,3.048937803956849,2.1984235261944725,0.00021085765809758,24.144537483651675,23.99743246574914,-0.003123624062482122,-0.007431176207563927,0.23333333333312112,0.18894864293465857,11.80848533835783,0.30149615603652674
1455,46600.0,K_I_766.4899,766.48991,1.0,strong_resonance,detected,766.3833042907632,415.7205375985459,4.576322868660511,90.84161007202432,0.013077686759052905,733.9095018016487,729.0496900296373,0.01669570920478236,0.010402918535045325,0.49999999999954525,0.048124637043514495,17.724022257206432,0.6496284222863923
1455,46600.0,K_I_769.8964,769.89645,0.4984931955549362,weak_resonance,detected,769.7898442907632,291.27437047208343,3.1194715930668178,93.37298378336105,0.009162874174988943,605.3266513906547,603.7337955896726,0.010155709201740137,0.015608267548856976,0.3999999999996362,0.08809014979655896,12.081661528925894,0.6498714508679795
1456,46700.0,K_I_693.8764,693.876396,0.00655092165605007,weak_anchor,detected,693.7694524937021,15.620784363357656,1.44075237982448,10.842102072571736,0.00046968000852923514,32.55007227162844,27.514182763417224,0.09721417299851964,0.0970831136291135,0.4333333333329392,0.08789610619864804,5.580009973073988,0.6715749307679174
1456,46700.0,K_I_766.4899,766.48991,1.0,strong_resonance,detected,766.3829664937022,437.43867924968197,2.0874410739190035,209.55737851245107,0.013152745587024133,756.0200133084963,754.8509394842655,0.017033506265875076,0.017993049829907782,0.49999999999954525,0.060471532722774425,8.084624515484979,0.6533569370376621
1456,46700.0,K_I_769.8964,769.89645,0.4984931955549362,weak_resonance,detected,769.7895064937021,314.6896068782084,5.470237977310741,57.5275898751511,0.009461971550502124,640.2357009504831,639.842286067335,0.010493506262832852,0.0235268564298991,0.4333333333329392,0.09706179703651682,21.186140585935114,0.671084755958005
1457,46800.0,K_I_693.8764,693.876396,0.00655092165605007,weak_anchor,detected,693.7694469884037,18.588000580427757,0.6081690356999514,30.56387203112788,0.0005802956212617183,29.43598529104348,29.01557043891559,0.03055301163033164,0.11707059490552815,0.5666666666661513,0.05235660682587757,2.3554285469470777,0.8297393642410194
1457,46800.0,K_I_766.4899,766.48991,1.0,strong_resonance,detected,766.3829609884037,487.7198217090712,3.64257130019719,133.89437886436664,0.015226041968081694,810.2467861395562,803.0570572669104,0.017039011564293105,0.022275602494149928,0.49999999999954525,0.053858530457063854,14.107617983049645,0.7563470362634408
1457,46800.0,K_I_769.8964,769.89645,0.4984931955549362,weak_resonance,detected,769.7895009884037,345.4894505285719,7.936679438199239,43.53073010177671,0.01078577625745015,705.5195068563307,703.4824125395422,0.010499011561250882,0.017857086043805807,0.4333333333329392,0.07750069692242506,30.738627288360448,0.7649748246351963
1458,46900.0,K_I_693.8764,693.876396,0.00655092165605007,weak_anchor,detected,693.7693529170192,12.381145209820643,1.5273495913375148,8.10629424988313,0.0004221476819451872,33.63164972023492,33.61049969183734,0.030647083014855525,0.03257793955354808,0.33333333333303017,0.12706950601250283,5.915399531092279,0.6036105329753019
1458,46900.0,K_I_766.4899,766.48991,1.0,strong_resonance,detected,766.3828669170192,491.0573947134396,2.7764134311510364,176.8675332008672,0.01674309907260383,803.4104738340784,798.5135083472592,0.01713308294881699,0.016173598275913373,0.5333333333328483,0.04148983305768746,10.753002981044336,0.8317061904844163
1458,46900.0,K_I_769.8964,769.89645,0.4984931955549362,weak_resonance,detected,769.7894069170192,357.16544925974785,1.024847145619133,348.50606823320584,0.012177917625610187,674.0822689881692,667.9864567214398,0.043926416279077785,0.02840364616212014,0.46666666666624224,0.07204804408759029,3.96921592739472,0.8637116307357328
1459,47000.0,K_I_693.8764,693.876396,0.00655092165605007,weak_anchor,detected,693.7690084423909,23.057942980280064,1.4325287732652763,16.09597196970939,0.0007821725653882708,48.477787982883854,46.140184286106354,0.06432489097642247,0.02605545393973943,0.3666666666663332,0.0855179547950855,5.548160081824402,1.118394389605995
1459,47000.0,K_I_766.4899,766.48991,1.0,strong_resonance,detected,766.382522442391,477.79785524960477,3.786132503472043,126.19681292491586,0.016207880056656198,822.6940273681739,815.9060168904406,0.017477557577080916,0.01034330699327588,0.49999999999954525,0.0518431142614916,14.663628132495154,0.8051194178147736
1459,47000.0,K_I_769.8964,769.89645,0.4984931955549362,weak_resonance,detected,769.7890624423909,358.22287998159646,2.6536638481584536,134.99180773412206,0.012151652437323215,701.8702989973702,700.9657032871363,0.010937557574038692,0.021699103895964352,0.4333333333329392,0.08623031452382207,10.277595890359725,0.8618487877354473
1460,47100.0,K_I_693.8764,693.876396,0.00655092165605007,weak_anchor,detected,693.768430683526,9.710986092533636,1.538849018547285,6.310551571655203,0.0005292708253755028,23.578120522959125,22.618300916089435,0.064902649841315,0.04883971570731046,0.3666666666663332,0.11126315929894416,5.959936621166683,0.7567812371279737
1460,47100.0,K_I_766.4899,766.48991,1.0,strong_resonance,detected,766.3819446835261,334.31977901427496,3.324247540697633,100.57006132103928,0.018221188218391856,532.0360140890398,527.7445838278785,0.018055316441973446,0.014251220592740482,0.5666666666661513,0.04682875208932912,12.874755363804603,0.9051296282427967
1460,47100.0,K_I_769.8964,769.89645,0.4984931955549362,weak_resonance,detected,769.788484683526,245.17247517164267,4.5172801734927335,54.27435663838332,0.013362457432950016,479.82610076805486,478.00298618873495,0.011515316438931222,0.02233635981110035,0.4333333333329392,0.06556698280833557,17.49535088210622,0.9477244184817503
1461,47200.0,K_I_693.8764,693.876396,0.00655092165605007,weak_anchor,detected,693.7674518718316,13.29375099686433,1.766209945165437,7.526710532489463,0.00036209446156570344,31.567526680320498,28.365138659377408,0.06588146153580965,0.18543556194519148,0.29999999999972715,0.10314736323830943,6.840501703537873,0.5177430559987255
1461,47200.0,K_I_766.4899,766.48991,1.0,strong_resonance,detected,766.3809658718317,460.04842452961026,1.461935736870839,314.6844371656914,0.012530773790895568,886.8423345651499,878.6393984012566,0.01903412813635441,0.030979855184198202,0.4333333333329392,0.05795527416054762,5.662052762131377,0.6224607576085338
1461,47200.0,K_I_769.8964,769.89645,0.4984931955549362,weak_resonance,detected,769.7875058718316,320.63552225308985,6.088132510707825,52.66566088848348,0.008733452794208039,772.4138999591532,768.5966138570925,-0.02083920519999083,0.012507677604085124,0.3666666666663332,0.1522860593553701,23.579235823496802,0.6194149925087056
1462,47300.0,K_I_693.8764,693.876396,0.00655092165605007,weak_anchor,detected,693.767908020669,22.35004710520871,0.4257683527231582,52.49344382282233,0.0008490180858931932,35.61599552030145,35.594067839780045,-0.001241353968225667,0.06372271440843011,0.49999999999954525,0.05480607209344867,1.6489937394404568,1.2139738798760056
1462,47300.0,K_I_766.4899,766.48991,1.0,strong_resonance,detected,766.3814220206691,476.7353404994399,6.2841641759648725,75.86296715843548,0.018109891418266633,778.7830568725676,753.7521621411558,0.051911312632228146,0.021960632269319966,0.5333333333328483,0.0641935070904951,24.338463198367343,0.8996010079292063
1462,47300.0,K_I_769.8964,769.89645,0.4984931955549362,weak_resonance,detected,769.787962020669,338.1447833071648,5.362624388249484,63.05583960870044,0.012845209467648534,651.4115794747277,650.0927657951257,0.012037979295882906,0.027014044447358877,0.4333333333329392,0.07803013686708866,20.769354947674877,0.9110389113745451
1463,47400.0,K_I_693.8764,693.876396,0.00655092165605007,weak_anchor,detected,693.7681155672972,22.912445667557435,1.1483576063003145,19.95236113023616,0.0007095959120038135,26.42064076675365,23.072464487774976,0.13188443273679695,0.021836166507276718,0.5999999999994543,0.07349042299500831,4.447569884695777,1.0146202027406406
1463,47400.0,K_I_766.4899,766.48991,1.0,strong_resonance,detected,766.3816295672972,489.1725135644211,2.4353151634391588,200.866204468423,0.015149618723654442,879.8801211863424,873.5383107201303,0.018370432670849368,0.024443339717873384,0.46666666666624224,0.049959191175978135,9.431935070774834,0.7525507447160144
1463,47400.0,K_I_769.8964,769.89645,0.4984931955549362,weak_resonance,detected,769.7881695672971,348.2307634657371,1.043761529752101,333.6305789584368,0.010784668287905044,738.8303306321454,737.4185528884005,-0.021502900665495872,0.016241073863062606,0.4333333333329392,0.11503948468926804,4.042471022145541,0.7648962425481737
1464,47500.0,K_I_693.8764,693.876396,0.00655092165605007,weak_anchor,detected,693.7682859653755,11.23615054833247,1.161581140307259,9.673151670971782,0.00036855422944833744,22.1405869928235,22.115719204170304,0.03171403465853473,-0.0037949045469033577,0.4333333333329392,0.09314883838986565,4.498784411682726,0.5269795959616281
1464,47500.0,K_I_766.4899,766.48991,1.0,strong_resonance,detected,766.3817999653755,530.1492016759856,3.027131075721939,175.13255568213233,0.01738929446307048,930.7127583146203,925.8090444704889,0.018200034592496195,0.018629294146230727,0.49999999999954525,0.05016873381384707,11.724028243068677,0.8638056664645238
1464,47500.0,K_I_769.8964,769.89645,0.4984931955549362,weak_resonance,detected,769.7883399653755,346.02467829072344,1.728512330508218,200.1864101189172,0.011349870948148938,765.4373574279516,761.9821549959269,-0.021673298743849045,0.013031381215512219,0.3666666666663332,0.13356857521000887,6.694499469778587,0.8049829081328382
1465,47600.0,K_I_693.8764,693.876396,0.00655092165605007,weak_anchor,detected,693.7685754016766,16.192923795710428,1.972789020884398,8.208137628650816,0.0006616681569080903,34.63333096294889,34.553260902978906,-0.0019087349758137861,0.002388417603054175,0.3666666666663332,0.1214301186677923,7.640579023473058,0.94609039898965
1465,47600.0,K_I_766.4899,766.48991,1.0,strong_resonance,detected,766.3820894016766,401.9260654763675,3.421945158435763,117.45543743900782,0.016423326776077187,697.720817601893,685.0311585942295,0.051243931624753714,0.020530185226824104,0.49999999999954525,0.07893212906792288,13.253136610268864,0.8158216402339908
1465,47600.0,K_I_769.8964,769.89645,0.4984931955549362,weak_resonance,detected,769.7886294016765,281.1749023341612,1.5043913990058355,186.90275849753812,0.011489245657139489,597.068885832811,595.9573484504353,-0.021962735044894544,0.03721123861325425,0.3999999999996362,0.11943208889953931,5.826482834532577,0.814867977229741
1466,47700.0,K_I_693.8764,693.876396,0.00655092165605007,weak_anchor,detected,693.7685754016766,12.19420876551068,1.6946770406148084,7.195594483941771,0.000340508676598985,33.37782227546768,29.78087074824927,0.06475793169079225,-0.01251697132256563,0.33333333333303017,0.11202556918882622,6.563455955507192,0.4868784848410353
1466,47700.0,K_I_766.4899,766.48991,1.0,strong_resonance,detected,766.3820894016766,507.88203213963163,4.957327708884556,102.45076822930267,0.014181997533238613,824.0340446534556,818.6182178974569,0.017910598291450697,0.020015446936981488,0.5666666666661513,0.04276105014037968,19.199647658219913,0.7044845814195447
1466,47700.0,K_I_769.8964,769.89645,0.4984931955549362,weak_resonance,detected,769.7886294016765,377.769876877122,3.144281144167722,120.14506959018007,0.01054877141337864,716.920491766823,716.820530176435,0.011370598288408473,0.021466952435069922,0.4333333333329392,0.08936151574745434,12.177748507166665,0.7481653957444326
1467,47800.0,K_I_693.8764,693.876396,0.00655092165605007,weak_anchor,detected,693.7694524937021,22.643392509377666,3.355242821012594,6.748659848870197,0.0007348090274517993,44.72487282367956,44.66223674523115,-0.002785827001389407,-0.09739078983940046,0.3666666666663332,0.10801952493461484,12.994799568275589,1.0506713353286492
1467,47800.0,K_I_766.4899,766.48991,1.0,strong_resonance,detected,766.3829664937022,425.0318674083612,4.083750643855056,104.07880021957747,0.013792864872037843,691.3211197344717,687.5368435281589,0.017033506265875076,0.0057001258237168355,0.5333333333328483,0.04043966966477741,15.816298233728833,0.6851545851125932
1467,47800.0,K_I_769.8964,769.89645,0.4984931955549362,weak_resonance,detected,769.7895064937021,306.5618600954928,5.703373207453101,53.750973142504755,0.009948351254225326,590.9466740833768,588.5633865411976,0.010493506262832852,0.014258247993231487,0.46666666666624224,0.058604496462347694,22.08906944969153,0.7055809498044862
1468,47900.0,K_I_693.8764,693.876396,0.00655092165605007,weak_anchor,low_snr,693.7694524937021,9.052857642169295,4.340538110151378,2.08565330206341,0.0003233126156766091,26.67153342707661,26.619392468536446,0.03054750633191361,0.05736193706223078,0.33333333333303017,0.13701407300831173,16.81083181421019,0.46229058837171677
1468,47900.0,K_I_766.4899,766.48991,1.0,strong_resonance,detected,766.3829664937022,472.1654154643342,7.2574216848457835,65.05966388176981,0.016862856077037157,730.0130146453939,714.2615180734676,0.05036683959917809,0.02209909588133105,0.5666666666661513,0.05268584544651143,28.107873321837857,0.8376550677806179
1468,47900.0,K_I_769.8964,769.89645,0.4984931955549362,weak_resonance,detected,769.7895064937021,331.1995216388288,7.76532559589526,42.65107979682145,0.011828417929946825,629.7630288049604,628.2096448630575,0.010493506262832852,0.02980841614063193,0.46666666666624224,0.0722453880794462,30.07497671080788,0.8389235707928557
1469,48000.0,K_I_693.8764,693.876396,0.00655092165605007,weak_anchor,detected,693.7682859653755,14.363162283117651,2.7300623478704744,5.261111452022816,0.00041589961152975306,23.83474545762556,23.47818917571196,0.03171403465853473,0.012085939981854591,0.5333333333328483,0.059122857548480665,10.573486007419882,0.5946766899747921
1469,48000.0,K_I_766.4899,766.48991,1.0,strong_resonance,detected,766.3817999653755,504.4398722214198,1.8896492481927387,266.9489444688565,0.0146065568822264,825.9236980590795,819.2076368657466,0.018200034592496195,0.02265593522588536,0.49999999999954525,0.0496771796138735,7.318580068430499,0.725574383089473
1469,48000.0,K_I_769.8964,769.89645,0.4984931955549362,weak_resonance,detected,769.7883399653755,366.1290274738451,3.284540514380605,111.47039467798719,0.01060162917431622,694.8023831262062,692.2088418364472,0.011660034589453971,0.04013065605298353,0.46666666666624224,0.06663641812573938,12.720970712151196,0.7519143012880558
1470,48100.0,K_I_693.8764,693.876396,0.00655092165605007,weak_anchor,detected,693.7682007663363,16.28819270385854,1.1337425775515946,14.366746937416925,0.000624511557264474,39.974453090405746,39.95683239495775,-0.0015340996355917014,0.055794843117218766,0.3666666666663332,0.10526020216195452,4.39096612174759,0.892961799985889
1470,48100.0,K_I_766.4899,766.48991,1.0,strong_resonance,detected,766.3817147663364,484.89182375402703,1.4405656094338826,336.5982226554618,0.018591414864934805,832.3493270631511,822.306191081253,0.01828523363167278,0.014665016370704251,0.49999999999954525,0.06384067350080097,5.5792866144616395,0.9235204764649096
1470,48100.0,K_I_769.8964,769.89645,0.4984931955549362,weak_resonance,detected,769.7882547663363,333.10674296646494,5.600327938235326,59.47986379373125,0.012771767535387982,708.5601866082316,707.350106551249,0.011745233628630558,0.019028798105448986,0.3999999999996362,0.09864120427175306,21.689976838105263,0.9058300856107917
1471,48200.0,K_I_693.8764,693.876396,0.00655092165605007,weak_anchor,detected,693.7688521428084,20.420631147340924,1.0820641155401376,18.871923441567496,0.0006036024260346146,46.11246762325095,42.31604624392696,0.06448119055892221,0.15766015908385134,0.33333333333303017,0.0992399000966168,4.190816299019422,0.8630647464534601
1471,48200.0,K_I_766.4899,766.48991,1.0,strong_resonance,detected,766.3823661428085,539.4768099425792,2.6996885655203675,199.82927543295887,0.01594610415913405,893.7485101228503,886.6067393655354,0.017633857159580657,0.023302572931581805,0.49999999999954525,0.04945297731363125,10.455848854216484,0.7921158135510304
1471,48200.0,K_I_769.8964,769.89645,0.4984931955549362,weak_resonance,detected,769.7889061428084,371.9667008898921,4.373681951757465,85.04658203151367,0.010994763160905856,749.4303358822344,748.4651535010926,-0.022239476176764583,0.0223674772954018,0.4333333333329392,0.10446637224320975,16.93919736078002,0.7797970975997085
1472,48300.0,K_I_693.8764,693.876396,0.00655092165605007,weak_anchor,detected,693.7688521428084,22.354974472396844,1.6635358267603055,13.438228448576668,0.0006458167694629018,51.70546164751988,46.28416561972339,0.09781452389222522,0.054222628047269864,0.3666666666663332,0.10910328557178482,6.442846552867909,0.9234251923963077
1472,48300.0,K_I_766.4899,766.48991,1.0,strong_resonance,detected,766.3823661428085,555.2180200571723,3.147140759912062,176.41982434642878,0.01603979053984877,900.7877877425171,886.7666677484677,0.050967190492883674,0.014817885283754838,0.5666666666661513,0.06645242542011667,12.188823751321056,0.7967696439122216
1472,48300.0,K_I_769.8964,769.89645,0.4984931955549362,weak_resonance,detected,769.7889061428084,402.12515920445765,6.618555993865637,60.75723459575844,0.011617064092730034,790.4481619736061,787.7320470932747,0.011093857156538434,0.031110026469388825,0.4333333333329392,0.07096408589014708,25.633557140206204,0.823933424446253
1473,48400.0,K_I_693.8764,693.876396,0.00655092165605007,weak_anchor,detected,693.7680672301633,15.434127274995163,2.4042666746245596,6.41947394517095,0.00039927700882645505,39.947300515230495,37.727392991261105,0.0652661032040669,0.026887079763020967,0.33333333333303017,0.09697763542561087,9.311684790670874,0.5709087563669577
1473,48400.0,K_I_766.4899,766.48991,1.0,strong_resonance,detected,766.3815812301633,576.7564823145334,1.8596982330508351,310.1344465808113,0.014920545812324675,948.1868743178366,937.8806689812009,0.018418769804725343,0.020590104442167658,0.5333333333328483,0.05800523650067119,7.202580285583795,0.7411716471189035
1473,48400.0,K_I_769.8964,769.89645,0.4984931955549362,weak_resonance,detected,769.7881212301633,414.8226205504142,1.24983588570944,331.9016722863177,0.010731357346991481,843.9314947999665,840.2392158490147,0.01187876980168312,0.02351993608272152,0.3999999999996362,0.07710578584828165,4.84059357084946,0.7611151954818283
1474,48500.0,K_I_693.8764,693.876396,0.00655092165605007,weak_anchor,detected,693.7680672301633,19.517439196211804,1.9136671744417135,10.19897266195505,0.000565772755219769,43.36783768858709,36.72548059605047,0.09859943653736991,0.02719938090090563,0.3666666666663332,0.09803860949267598,7.411601096803301,0.8089737523785617
1474,48500.0,K_I_766.4899,766.48991,1.0,strong_resonance,detected,766.3815812301633,532.9636155759356,3.1318291620864716,170.17646493235515,0.015449582815906143,862.072271688533,853.0051594679946,0.018418769804725343,0.01805767943736397,0.5666666666661513,0.054833458663154984,12.129522187938665,0.767451331003352
1474,48500.0,K_I_769.8964,769.89645,0.4984931955549362,weak_resonance,detected,769.7881212301633,377.99484606853684,0.9356302135854238,404.00025627648847,0.0109573383766748,759.7902455162862,755.9968314850147,0.01187876980168312,0.040137968451339205,0.4333333333329392,0.06556887632408319,3.62368023542813,0.7771427668338179
1475,48600.0,K_I_693.8764,693.876396,0.00655092165605007,weak_anchor,low_snr,693.7681155672972,9.728298626479628,4.64317578659934,2.0951820636548915,0.0003138830792052065,32.812255045495476,32.7444210761326,-0.0014489005964151147,0.025851415932487756,0.29999999999972715,0.1436260846490096,17.98294249502912,0.4488077060093486
1475,48600.0,K_I_766.4899,766.48991,1.0,strong_resonance,detected,766.3816295672972,455.83142958410866,4.10745362070569,110.97664676875732,0.01470737877298764,847.3373353929455,837.5717674469549,0.018370432670849368,0.017344724990935978,0.4333333333329392,0.06547954613962594,15.908099468326961,0.730582666819913
1475,48600.0,K_I_769.8964,769.89645,0.4984931955549362,weak_resonance,detected,769.7881695672971,324.27357781403686,1.0406872319455482,311.59561476296057,0.010462671122380165,705.8243257853287,703.8053886250963,0.011830432667807145,0.021419450953156085,0.3999999999996362,0.09229756492096693,4.030564317939469,0.7420587833471929
1476,48700.0,K_I_693.8764,693.876396,0.00655092165605007,weak_anchor,detected,693.7680188930294,23.186764023443853,3.0486326949631106,7.605627290474368,0.0006450734172614642,56.05967618335535,55.963846787663336,-0.0013522263286631642,0.06715672799849866,0.33333333333303017,0.12495299808722143,11.807303656306303,0.9223623055496227
1476,48700.0,K_I_766.4899,766.48991,1.0,strong_resonance,detected,766.3815328930294,553.9623858764636,7.888264846022195,70.22613929548898,0.015411655068828736,921.7962324999571,911.6505979750671,0.01846710693860132,0.009460986391944969,0.5333333333328483,0.05709530678207276,30.551118379145162,0.7655672866040077
1476,48700.0,K_I_769.8964,769.89645,0.4984931955549362,weak_resonance,detected,769.7880728930294,391.4661431607075,1.1540700838184594,339.20482702876035,0.010890885957847278,796.6458379150167,793.0257046652392,0.011927106935559095,0.03450788617782764,0.4333333333329392,0.06992893306930663,4.469694214989156,0.7724296681911444
1477,48800.0,K_I_693.8764,693.876396,0.00655092165605007,weak_anchor,detected,693.7679222818344,16.02528024626183,0.7868923666490325,20.365276021808683,0.0004606197222945384,40.331123633761536,39.64849931836261,0.032077718199616356,0.14307104838005358,0.33333333333303017,0.09624784729694055,3.0476210312922154,0.6586200231918902
1477,48800.0,K_I_766.4899,766.48991,1.0,strong_resonance,detected,766.3814362818345,591.7949410687863,2.6672106243224847,221.87784334396613,0.017010150039279588,1017.0573135196264,1010.3447602640773,0.018563718133577822,0.021471978324869162,0.49999999999954525,0.043967110420037155,10.330062328837865,0.8449718315223114
1477,48800.0,K_I_769.8964,769.89645,0.4984931955549362,weak_resonance,detected,769.7879762818344,425.90394600062143,4.132961713857427,103.0505423199557,0.012241892454686813,941.0087549486188,938.7212661143252,-0.021309615202767418,0.022519973652620075,0.3666666666663332,0.13012020832745616,16.006891888297236,0.8682490077854519
1478,48900.0,K_I_693.8764,693.876396,0.00655092165605007,weak_anchor,low_snr,693.7679222818344,22.098415322959514,5.463866157300002,4.0444649789663885,0.0006694461450718696,45.99174021651652,44.722140954111524,0.032077718199616356,-0.04738508907195786,0.3999999999996362,0.09393111164285155,21.161462633148467,0.9572118045588603
1478,48900.0,K_I_766.4899,766.48991,1.0,strong_resonance,detected,766.3814362818345,594.9085585270851,3.0480461564797032,195.17701766503632,0.018022072413601615,1002.093092097407,993.7065291331714,0.018563718133577822,0.018511159540561956,0.5333333333328483,0.04901515555649703,11.805032002528153,0.8952386369305428
1478,48900.0,K_I_769.8964,769.89645,0.4984931955549362,weak_resonance,detected,769.7879762818344,409.7552498727102,4.528182554526087,90.49000232182435,0.012413065300897327,863.0030062637225,860.9050274591897,0.012023718130535599,0.020232005567683443,0.4333333333329392,0.0897093442019265,17.537575622282446,0.8803893410249577
1479,49000.0,K_I_693.8764,693.876396,0.00655092165605007,weak_anchor,detected,693.7681155672972,16.202334378563723,2.4337864377909972,6.657253950872376,0.0005185753034693232,36.697649930699754,36.04568008699763,0.0318844327368879,0.07408121225723051,0.3666666666663332,0.07529281292602787,9.426014341798577,0.7414881774847459
1479,49000.0,K_I_766.4899,766.48991,1.0,strong_resonance,detected,766.3816295672972,529.5530261516305,5.4136611047273355,97.81791211297147,0.016948984931640678,874.9278132508025,865.0656318105661,0.018370432670849368,0.014007751123179235,0.5333333333328483,0.058741260145460814,20.96701930063889,0.8419334813074358
1479,49000.0,K_I_769.8964,769.89645,0.4984931955549362,weak_resonance,detected,769.7881695672971,370.9189147924774,6.696808847015023,55.387412611875206,0.011871708378979405,762.8179958081582,762.2417122544771,0.011830432667807145,0.013880510720534842,0.4333333333329392,0.09490755300751862,25.93662913724727,0.8419939203779588
1480,49100.0,K_I_693.8764,693.876396,0.00655092165605007,weak_anchor,detected,693.7679222818344,26.347776506461525,1.507785358611381,17.474487569455462,0.0008580086193401338,43.58643630654524,43.54703649440895,-0.0012556151336866606,0.21812988380221024,0.3666666666663332,0.09499583816058942,5.839627583562567,1.2268290509872963
1480,49100.0,K_I_766.4899,766.48991,1.0,strong_resonance,detected,766.3814362818345,435.6823158578081,3.409630382080616,127.77992539823249,0.014187883452267581,745.9162383856428,736.4805864784241,0.018563718133577822,0.01615202635559649,0.49999999999954525,0.06517775501752296,13.205441686533067,0.7047769618965314
1480,49100.0,K_I_769.8964,769.89645,0.4984931955549362,weak_resonance,detected,769.7879762818344,300.7723941543691,2.98855886026098,100.6412817072988,0.009794576274044562,648.3699300689659,647.3040887162257,0.012023718130535599,0.022897328292363003,0.4333333333329392,0.09475386142076485,11.574638694961921,0.6946745499599867
1481,49200.0,K_I_693.8764,693.876396,0.00655092165605007,weak_anchor,detected,693.7675085070772,14.028164847219378,1.6174760981284977,8.672873041803015,0.00040258349771910576,35.84853514830593,35.192409619458914,-0.0341751737097411,0.0985949479787365,0.29999999999972715,0.21860680671570284,6.264457990945922,0.5756365604225748
1481,49200.0,K_I_766.4899,766.48991,1.0,strong_resonance,detected,766.3810225070772,531.1250236506329,7.128939368449497,74.50267090238272,0.01524234795328897,925.0541437502907,914.4680012817292,0.018977492890826397,0.015725551922171305,0.49999999999954525,0.06023520072555166,27.61026345015243,0.7571570290120968
1481,49200.0,K_I_769.8964,769.89645,0.4984931955549362,weak_resonance,detected,769.7875625070772,389.60982250697583,5.9554674544227835,65.42052752175398,0.01118111219812681,797.1515372899503,794.0412347702969,0.012437492887784174,0.015245728613450277,0.4333333333329392,0.07454748492532609,23.065426269880696,0.7930137932427848
1482,49300.0,K_I_693.8764,693.876396,0.00655092165605007,weak_anchor,detected,693.7679705874319,18.300642178786603,2.492184711591476,7.343212601244174,0.0004025194022462245,37.56074113887507,34.11111417941955,0.06536274593543112,0.1705650183345758,0.3666666666663332,0.09434233133856262,9.652189883675298,0.5755449131052927
1482,49300.0,K_I_766.4899,766.48991,1.0,strong_resonance,detected,766.3814845874319,545.8985834434524,4.780075044619503,114.20293161671613,0.012006943218059703,970.8631108209847,959.0395036251822,0.01851541253608957,0.022422104018848234,0.49999999999954525,0.0646512985223974,18.51315104144985,0.5964397009150652
1482,49300.0,K_I_769.8964,769.89645,0.4984931955549362,weak_resonance,detected,769.7880245874319,373.4674833991735,5.237807397502544,71.30225589762001,0.008214351535187731,793.960794315678,792.6646743882918,-0.02135792080025567,0.022097684481822453,0.4333333333329392,0.1076946570885549,20.285940821187815,0.5825980416367016
1483,49400.0,K_I_693.8764,693.876396,0.00655092165605007,weak_anchor,detected,693.7677884509521,14.009311060913333,1.5375333814941794,9.111549205714834,0.00033518125975501306,31.906744269844694,31.078214093961343,0.032211549081921476,0.03548618276679017,0.3666666666663332,0.08569881510416284,5.954841180770347,0.4792610441725134
1483,49400.0,K_I_766.4899,766.48991,1.0,strong_resonance,detected,766.381302450952,524.3996731459441,4.837512459461321,108.40275400641313,0.012546580077772606,897.119579578748,887.4908518736955,0.01869754901599663,0.02250501445006792,0.49999999999954525,0.05796454860636305,18.735605192581616,0.6232459280591893
1483,49400.0,K_I_769.8964,769.89645,0.4984931955549362,weak_resonance,detected,769.787842450952,368.30909240671014,2.3714822686968087,155.3075463680804,0.008812018309489826,770.8900816060095,770.1970113331464,0.012157549012954405,0.02716135549896256,0.4333333333329392,0.09841281266161779,9.184711332497276,0.6249872053787384
1484,49500.0,K_I_693.8764,693.876396,0.00655092165605007,weak_anchor,detected,693.7671463492476,25.71193998950281,1.2488998755863872,20.587671191359888,0.000656922337509585,57.137186653197546,55.35319944838342,-0.03381301588012775,0.050644905940590436,0.33333333333303017,0.1457789383592908,4.836968419230991,0.9393045591069421
1484,49500.0,K_I_766.4899,766.48991,1.0,strong_resonance,detected,766.3806603492476,580.6322208399193,3.3529071824998313,173.1727689541995,0.0148347528775839,941.3266030856303,921.5405030725885,0.052672984053742766,0.03549648402967196,0.5666666666661513,0.05723497858246798,12.98575367921289,0.73690992026569
1484,49500.0,K_I_769.8964,769.89645,0.4984931955549362,weak_resonance,detected,769.7872003492475,430.54617589275614,4.6715400043680475,92.16364956527846,0.01100015791841273,834.731066327488,830.6246588985839,0.012799650717397526,0.030807394860989972,0.46666666666624224,0.06430725134472794,18.092796638075626,0.7801797175965696
1485,49600.0,K_I_693.8764,693.876396,0.00655092165605007,weak_anchor,detected,693.765875182067,13.181301177448253,0.9424916590451361,13.985589210203289,0.00026723701289374486,29.330520728181455,28.36902331444024,0.06745815130034316,0.10699964189706523,0.46666666666624224,0.06876071977302069,3.6502544994245305,0.38211053307279674
1485,49600.0,K_I_766.4899,766.48991,1.0,strong_resonance,detected,766.379389182067,483.063430658536,1.6635086996183714,290.38828036748856,0.009793602809732824,862.6136082510204,851.6505687800654,0.02061081790100161,0.023712220937892943,0.49999999999954525,0.06207461531572262,6.442741489898968,0.48649297532548247
1485,49600.0,K_I_769.8964,769.89645,0.4984931955549362,weak_resonance,detected,769.785929182067,320.8358648744895,4.2050775893804175,76.29725208513024,0.0065046095984006526,703.5350898348142,701.3932733072352,0.014070817897959387,0.023273816304644993,0.3999999999996362,0.09366373407155244,16.2861954731952,0.46133560237909943
1486,49700.0,K_I_693.8764,693.876396,0.00655092165605007,weak_anchor,detected,693.765512313741,19.434501268419204,0.9529682688332195,20.393649929408582,0.0003838697091602673,51.09349535112864,51.069400588417054,0.0011543529597020097,-0.07736511519508987,0.29999999999972715,0.13407669613210654,3.6908302346585287,0.5488785314931295
1486,49700.0,K_I_766.4899,766.48991,1.0,strong_resonance,detected,766.379026313741,610.3911953284729,1.2671250935693397,481.71344599377636,0.012056429305210956,1158.0922009917485,1144.6858584467293,0.02097368622708018,0.02075894476985311,0.4333333333329392,0.061103179704783316,4.90755438496003,0.5988979008485467
1486,49700.0,K_I_769.8964,769.89645,0.4984931955549362,weak_resonance,detected,769.7855663137409,419.60743309611706,1.8937478558547427,221.57513303518823,0.008288073929935972,972.4151844945396,968.9255901122986,-0.01889964710926506,0.030109318448847493,0.3666666666663332,0.140916703209201,7.3344539076480935,0.5878267590371082
1487,49800.0,K_I_693.8764,693.876396,0.00655092165605007,weak_anchor,detected,693.7651314824568,20.213381123905787,2.187019748052028,9.242431917640333,0.000456594474594544,39.6459734691673,39.1006304911455,-0.03179814908935441,0.06651811823407014,0.29999999999972715,0.19695996330759816,8.47029106203995,0.6528644973096783
1487,49800.0,K_I_766.4899,766.48991,1.0,strong_resonance,detected,766.3786454824568,529.9407119746128,4.097164691018549,129.3432780811333,0.011970684145669142,1071.9438027163233,1052.670412789002,0.02135451751121309,0.022904754954241772,0.4333333333329392,0.08133000169639615,15.868250614998328,0.5946385472076373
1487,49800.0,K_I_769.8964,769.89645,0.4984931955549362,weak_resonance,detected,769.7851854824568,373.94089397703084,3.3852920631125585,110.46045274841552,0.008446847411041389,906.4223795863522,901.2983850810989,-0.01851881582513215,0.02511955629539886,0.3666666666663332,0.15345009256853973,13.111179782495011,0.5990876746139022
1488,49900.0,K_I_693.8764,693.876396,0.00655092165605007,weak_anchor,low_snr,693.7651314824568,16.582113149701005,3.65482926564408,4.537041799893432,0.00039805303812608946,40.609239762176,40.526132107943674,0.0015351842439486063,0.07897864834717983,0.3666666666663332,0.1442067745923469,14.155092879083877,0.5691586541198257
1488,49900.0,K_I_766.4899,766.48991,1.0,strong_resonance,detected,766.3786454824568,521.5213237338601,3.3599628727361446,155.21639478985242,0.01251910088211803,886.3545161132179,870.7589580410328,0.054687850844516106,0.028432972500798133,0.49999999999954525,0.0679834689467132,13.013080249994154,0.6218809109236914
1488,49900.0,K_I_769.8964,769.89645,0.4984931955549362,weak_resonance,detected,769.7851854824568,379.6630313003112,1.9545921043935328,194.24156602643822,0.00911379760280881,757.7317662018384,757.5107206070076,0.014814517508170866,0.022108854904273684,0.4333333333329392,0.09636105703862372,7.570102668951546,0.6463907239085952
1489,50000.0,K_I_693.8764,693.876396,0.00655092165605007,weak_anchor,detected,693.7653266831203,18.58275473632738,2.0594591482689495,9.023123741952766,0.0004567044133919166,44.29653593501121,44.24356561952487,0.001339983580464832,0.05348568807622791,0.3666666666663332,0.1386009245566589,7.976250983447406,0.6530216939944284
1489,50000.0,K_I_766.4899,766.48991,1.0,strong_resonance,detected,766.3788406831203,564.5945426511895,1.5983695779447387,353.23153696229167,0.013875920070220434,968.7126492036246,955.1393529027661,0.021159316847729315,0.03048158526886057,0.49999999999954525,0.06348084576559881,6.19045875647018,0.6892803160887301
1489,50000.0,K_I_769.8964,769.89645,0.4984931955549362,weak_resonance,detected,769.7853806831203,376.3152623711343,1.7156587123792704,219.34156231413962,0.009248620217521136,786.4618024003723,783.9047491700384,0.014619316844687091,0.03943362796313926,0.4333333333329392,0.08318354980232923,6.644717620826618,0.6559529384015187
1490,50100.0,K_I_693.8764,693.876396,0.00655092165605007,weak_anchor,detected,693.7653446422041,20.50178566970668,0.6192753678603348,33.10608936464344,0.00045158154096138793,40.004949403305375,39.99640968150358,0.0013220244966305472,0.042911545186761574,0.3666666666663332,0.12052548376272237,2.3984431864417295,0.645696722449145
1490,50100.0,K_I_766.4899,766.48991,1.0,strong_resonance,detected,766.378858642204,524.7521326636729,2.9513199437247795,177.80252316575266,0.011558426202902861,969.1528678663681,967.0481042899261,0.021141357764008717,0.020560847622185973,0.46666666666624224,0.06383519390020426,11.430412991386277,0.574159812560709
1490,50100.0,K_I_769.8964,769.89645,0.4984931955549362,weak_resonance,detected,769.785398642204,362.3053701159047,3.133947570072745,115.60671071070115,0.007980300836783989,830.6477931865711,829.4597801962635,-0.018731975572336523,0.029415630270033053,0.3666666666663332,0.13037839476039242,12.137726746789983,0.5659981337864458
1491,50200.0,K_I_693.8764,693.876396,0.00655092165605007,weak_anchor,detected,693.765512313741,12.709800034427992,2.482640725575175,5.119468114534938,0.00030164121090518785,34.76073833968121,33.357593155261796,-0.03217898037360101,0.08614811070743765,0.23333333333312112,0.2443688978959573,9.615226184777695,0.4313035931947551
1491,50200.0,K_I_766.4899,766.48991,1.0,strong_resonance,detected,766.379026313741,483.61241159395104,1.380806028522257,350.2392092765662,0.011477555354673425,889.7103919581881,865.696463324365,0.054307019560383196,0.02818909043930014,0.46666666666624224,0.08584247418019077,5.3478387528143685,0.5701425882218646
1491,50200.0,K_I_769.8964,769.89645,0.4984931955549362,weak_resonance,detected,769.7855663137409,323.80260718208086,1.931624240008801,167.63229642459112,0.007684795217870279,727.6447590354851,725.972865201031,0.014433686224037956,0.03872572010708206,0.3999999999996362,0.10473006406822351,7.4811485126914485,0.5450395719164937
1492,50300.0,K_I_693.8764,693.876396,0.00655092165605007,weak_anchor,detected,693.765512313741,14.351336760740027,1.1249865186551469,12.75689665854501,0.00042588852803901754,34.35153199528577,34.28818154459776,0.0011543529597020097,0.11467452807669869,0.33333333333303017,0.1272911275667906,4.357054051463206,0.6089594054221928
1492,50300.0,K_I_766.4899,766.48991,1.0,strong_resonance,detected,766.379026313741,509.0595500305568,3.9117608053786914,130.135653828986,0.015106789427435818,799.0539589618047,783.0059963284684,0.054307019560383196,0.021311572416798957,0.5666666666661513,0.0574441589882672,15.150184453592363,0.7504232179872615
1492,50300.0,K_I_769.8964,769.89645,0.4984931955549362,weak_resonance,detected,769.7855663137409,378.5666855719633,1.7892857027595261,211.57419689215578,0.011234299018326383,720.5401041465279,718.247177681349,0.014433686224037956,0.032634352769061147,0.4333333333329392,0.07254293278689576,6.929873728400981,0.796786037120639
1493,50400.0,K_I_693.8764,693.876396,0.00655092165605007,weak_anchor,detected,693.7660327453634,20.69962189874968,1.8575550392646003,11.143477022863662,0.0005888000266775632,54.46452840322513,51.943282547633224,0.06730058800394545,0.010753404917311634,0.33333333333303017,0.11956099552792164,7.194279731742005,0.841899442112447
1493,50400.0,K_I_766.4899,766.48991,1.0,strong_resonance,detected,766.3795467453634,583.7543306981149,1.1499859623486455,507.61865780161236,0.016604871681687793,948.5552917142977,944.4461303522461,0.0204532546046039,0.021047111551478138,0.5333333333328483,0.047365677848033555,4.4538764805526645,0.8248398047441868
1493,50400.0,K_I_769.8964,769.89645,0.4984931955549362,weak_resonance,detected,769.7860867453634,397.9804830840354,10.710937092987825,37.15645789242689,0.011320541032258363,772.9883208530555,770.4500790846264,0.013913254601561675,0.010229528237217856,0.46666666666624224,0.05907511662336116,41.483280983454854,0.8029027011334153
1494,50500.0,K_I_693.8764,693.876396,0.00655092165605007,weak_anchor,detected,693.766784191418,25.611780319983477,1.5600445890555477,16.417338645101722,0.0007137678523556378,46.42670247931437,46.42578771255017,-0.00011752471721138136,0.043264688458741714,0.46666666666624224,0.08076118653850417,6.0420267127586245,1.0205854780388544
1494,50500.0,K_I_766.4899,766.48991,1.0,strong_resonance,detected,766.380298191418,572.9804986312726,2.7613070223166605,207.50336489223778,0.015968240194165845,946.7720023546863,935.4251049442822,0.0197018085500531,0.027331428390165117,0.5333333333328483,0.058412466683311424,10.694496111207744,0.7932154114981542
1494,50500.0,K_I_769.8964,769.89645,0.4984931955549362,weak_resonance,detected,769.7868381914179,414.5680753257205,1.5621298334650104,265.38644000297575,0.011553486758184123,836.2705051447165,833.8403212472076,0.013161808547010878,0.03924034938118077,0.4333333333329392,0.08407368662819213,6.050102829629253,0.8194242394618679
1495,50600.0,K_I_693.8764,693.876396,0.00655092165605007,weak_anchor,detected,693.7663753060689,18.499457247449573,1.5330392471574403,12.067177850633144,0.0004121365504899515,36.50945199812509,36.50118219471588,0.00029136063187706895,-0.002351192263236345,0.29999999999972715,0.13121828259258195,5.937435473328522,0.5892960533469019
1495,50600.0,K_I_766.4899,766.48991,1.0,strong_resonance,detected,766.3798893060689,453.3047434166431,2.3732459303424593,191.00622384770347,0.010098861321903064,839.6564905538771,829.1056649805749,0.020110693899141552,0.02708581657136421,0.4333333333329392,0.06538653628328556,9.191541964679232,0.501656559627834
1495,50600.0,K_I_769.8964,769.89645,0.4984931955549362,weak_resonance,detected,769.7864293060688,311.7950259429279,1.5676883615004202,198.88839746473064,0.006946264678643973,706.0941420918177,699.6253455317327,-0.01976263943720369,0.025217194413472872,0.3666666666663332,0.13975544530065523,6.071630916139842,0.49265972866301044
1496,50700.0,K_I_693.8764,693.876396,0.00655092165605007,weak_anchor,detected,693.7660569981211,18.183027132409016,1.0641503688368412,17.086896424500413,0.0003475967845485118,37.592542225176885,36.95226807604307,0.03394300191291677,0.15212491045426008,0.3666666666663332,0.08277404708305235,4.1214366563693146,0.49701346082263
1496,50700.0,K_I_766.4899,766.48991,1.0,strong_resonance,detected,766.3795709981212,517.8342223480598,0.9163767810889367,565.0887637426976,0.00989920486322881,981.6117993294388,969.5230111771896,0.020429001846878236,0.022576870541797422,0.4333333333329392,0.06470257273042757,3.549112012011839,0.49173871156819454
1496,50700.0,K_I_769.8964,769.89645,0.4984931955549362,weak_resonance,detected,769.7861109981211,359.5327758229476,3.8899298089981333,92.42654584442147,0.006873027021617841,803.4481651946853,802.3488172483607,-0.019444331489467004,0.025493305561431975,0.3666666666663332,0.12654154151637978,15.06563336817927,0.4874653909998719
1497,50800.0,K_I_693.8764,693.876396,0.00655092165605007,weak_anchor,detected,693.767088324159,14.462684724927609,1.1797887345521896,12.258707259496918,0.000269322895268277,43.206258731657954,43.171122935817145,-0.00042165745821876044,0.04535555497530512,0.26666666666642413,0.1762069652097161,4.569302120967909,0.38509304517854515
1497,50800.0,K_I_766.4899,766.48991,1.0,strong_resonance,detected,766.380602324159,545.2135085148631,1.9030250958287205,286.49832821959507,0.010152919976158388,1007.4952996671755,999.4142009344565,0.019397675809045722,0.025435408158031393,0.46666666666624224,0.053574467896334965,7.370384503566111,0.5043418998505994
1497,50800.0,K_I_769.8964,769.89645,0.4984931955549362,weak_resonance,detected,769.7871423241589,357.49956802710733,3.6640373441862932,97.56984835166864,0.006657326806845733,827.807288681136,822.7375368774756,-0.020475657527299518,0.02515688675342938,0.3666666666663332,0.14700973875743065,14.190755613928474,0.4721669803866264
1498,50900.0,K_I_693.8764,693.876396,0.00655092165605007,weak_anchor,low_snr,693.7675085070772,14.10914001458419,2.9520641679837216,4.779415084402051,0.0004458913845185267,39.053978747685505,31.925382199559465,0.09915815962347097,0.034531469461973496,0.33333333333303017,0.12125593192199763,11.433295359547007,0.637560616270942
1498,50900.0,K_I_766.4899,766.48991,1.0,strong_resonance,detected,766.3810225070772,540.9951934848111,5.618472169837879,96.28866658610175,0.017097080019863976,883.4658943700888,877.3292757307374,0.018977492890826397,0.023317698502753528,0.5666666666661513,0.042887961743462905,21.760249144931745,0.8492900406350453
1498,50900.0,K_I_769.8964,769.89645,0.4984931955549362,weak_resonance,detected,769.7875625070772,380.63173579111236,8.083652959830728,47.08660028857582,0.01202911102222774,752.9827959614504,749.5973640308964,0.012437492887784174,0.02402681545461131,0.46666666666624224,0.06385434192095778,31.30785328997317,0.8531576100876207
1499,51000.0,K_I_693.8764,693.876396,0.00655092165605007,weak_anchor,detected,693.7688312489968,8.64644767961785,0.7274714820241833,11.885617365452157,0.00026706508210003915,28.74709846119299,28.690919089508704,-0.002164582296018125,0.003935243358919512,0.26666666666642413,0.19523880270522326,2.8174849347230526,0.3818646967400106
1499,51000.0,K_I_766.4899,766.48991,1.0,strong_resonance,detected,766.3823452489967,550.429950724043,2.7562381667040734,199.70333383136136,0.01700127328902476,847.1834021573359,844.5065286583549,0.017654750971360045,0.013724697403725925,0.5999999999994543,0.037289508440645935,10.674864517835847,0.8445308828003149
1499,51000.0,K_I_769.8964,769.89645,0.4984931955549362,weak_resonance,detected,769.7888852489966,393.96658314829585,3.6307831034979867,108.50733076529376,0.012168548492023229,776.5587720452768,773.2350568206678,0.011114750968317821,0.024794509676363877,0.4333333333329392,0.05827803202695649,14.061962493551771,0.8630471304576266
1500,51100.0,K_I_693.8764,693.876396,0.00655092165605007,weak_anchor,detected,693.7688312489968,16.5049316132059,1.1188913933263112,14.751147172684023,0.00046734467287115985,30.72400456075539,30.378126494100695,-0.03549791562932114,-0.015328667646890616,0.29999999999972715,0.18317097438699229,4.333447732571557,0.6682357363069845
1500,51100.0,K_I_766.4899,766.48991,1.0,strong_resonance,detected,766.3823452489967,518.8545956921802,5.723594828715615,90.65187372961061,0.014691604726034972,947.8941117051054,943.7858474614387,0.017654750971360045,0.01579093852043734,0.46666666666624224,0.05915639029610694,22.167387452074628,0.7297990978735289
1500,51100.0,K_I_769.8964,769.89645,0.4984931955549362,weak_resonance,detected,769.7888852489966,360.6066071735529,8.447602636220617,42.68744905535532,0.010210740693397414,788.2060616788403,788.1928414879658,0.011114750968317821,0.011708351714898821,0.3666666666663332,0.11059279497055641,32.71742432549008,0.7241907661427539
1501,51200.0,K_I_693.8764,693.876396,0.00655092165605007,weak_anchor,detected,693.7701497394937,12.078564431693696,1.3668287196276632,8.836926132912987,0.00033177156306041233,33.79329153242186,33.791657426495284,-0.003483072792960229,0.09011829364323877,0.33333333333303017,0.13145585935115237,5.29370486824076,0.47438566778852254
1501,51200.0,K_I_766.4899,766.48991,1.0,strong_resonance,detected,766.3836637394937,522.8462957377407,4.011295563023498,130.3434981349635,0.014361436225160156,897.723699934535,897.0760331927495,0.016336260474304254,0.020041691499473276,0.49999999999954525,0.06299753998217984,15.53568091231984,0.713398120677505
1501,51200.0,K_I_769.8964,769.89645,0.4984931955549362,weak_resonance,detected,769.7902037394937,369.91124436026945,2.585154582588357,143.09057061875967,0.010160647188584785,724.5172471715277,721.7951423827781,0.00979626047126203,0.028646064069823292,0.46666666666624224,0.06258333314785877,10.012260645745599,0.7206379138357227
1502,51300.0,K_I_693.8764,693.876396,0.00655092165605007,weak_anchor,detected,693.7716590591141,22.43059856373399,1.6113984019547345,13.91995830238144,0.0005757688649074748,50.536952523378886,50.409585661591066,-0.004992392413328162,0.01047652364059909,0.3666666666663332,0.1209566081540023,6.240919174881608,0.8232667530376513
1502,51300.0,K_I_766.4899,766.48991,1.0,strong_resonance,detected,766.3851730591141,569.276741016751,2.144136888025117,265.5039163759223,0.014612709601222405,959.9258009052664,952.5846609573274,0.014826940853936321,0.014180771624972756,0.5333333333328483,0.05385153320631021,8.304206459317827,0.7258800167391993
1502,51300.0,K_I_769.8964,769.89645,0.4984931955549362,weak_resonance,detected,769.791713059114,414.47339785077287,2.525253255606706,164.13141807877537,0.01063907755902335,805.4767169009001,804.0119629132734,0.008286940850894098,0.02286140045551956,0.4333333333329392,0.07244775308651932,9.780263803929728,0.7545703059038034
1503,51400.0,K_I_693.8764,693.876396,0.00655092165605007,weak_anchor,detected,693.7720321390032,21.970945685096872,1.8603066775787858,11.810389087939175,0.0005556557406632978,39.57136248339475,36.451467596044814,0.09463452769750802,-0.027654452735836114,0.4333333333329392,0.08768500828560721,7.204936781107641,0.7945078751281843
1503,51400.0,K_I_766.4899,766.48991,1.0,strong_resonance,detected,766.3855461390033,663.2780671431543,3.4461754262698396,192.46787673287147,0.01677462003440955,1107.4889918297686,1096.0170227489464,0.04778719429805278,0.022291130859219754,0.49999999999954525,0.06480284594564281,13.346980034064472,0.8332719806018943
1503,51400.0,K_I_769.8964,769.89645,0.4984931955549362,weak_resonance,detected,769.7920861390032,464.88679977012134,4.959665471489032,93.73349925364002,0.011757209851284471,947.1315063663469,944.8100146832414,0.007913860961707542,0.026973574690072357,0.4333333333329392,0.07757490196569534,19.208701773854447,0.8338731797790687
1504,51500.0,K_I_693.8764,693.876396,0.00655092165605007,weak_anchor,detected,693.7724052188923,26.685905618908055,0.5196496678201321,51.35364702695226,0.0006979253885280608,41.17077414299692,40.66527393110224,0.02759478114171543,0.05536140642906394,0.5666666666661513,0.06911878106436892,2.0125945093314184,0.9979330309365927
1504,51500.0,K_I_766.4899,766.48991,1.0,strong_resonance,detected,766.3859192188924,576.1011319764834,1.49950805947313,384.1934215271263,0.015066965015467034,1021.0847993841498,1013.7064731629584,0.014080781075676896,0.015320759691337902,0.49999999999954525,0.05560316145058954,5.807569741848515,0.7484449575813946
1504,51500.0,K_I_769.8964,769.89645,0.4984931955549362,weak_resonance,detected,769.7924592188923,407.2967742079172,4.450500446110002,91.51707299881711,0.010652168356013172,870.4796815589016,870.4090814173958,0.0075407810726346725,0.013500340513614435,0.3999999999996362,0.10879654605076415,17.236714110088396,0.7554987629654549
1505,51600.0,K_I_693.8764,693.876396,0.00655092165605007,weak_anchor,detected,693.7732586873683,15.217241055364811,2.2721674605717848,6.697235709702239,0.00029157815913701706,46.03155621283622,45.36327789331635,-0.006592020667540055,0.01138084229765754,0.26666666666642413,0.19853779195782725,8.800066734596923,0.4169148749785259
1505,51600.0,K_I_766.4899,766.48991,1.0,strong_resonance,detected,766.3867726873683,592.4837777450233,4.8341537197244495,122.56204748466197,0.011352605153910924,1138.6043955535679,1129.8656132234535,0.013227312599724428,0.013414858137469612,0.4333333333329392,0.06467852430809798,18.722596849516457,0.5639357411485837
1505,51600.0,K_I_769.8964,769.89645,0.4984931955549362,weak_resonance,detected,769.7933126873683,418.61887845543214,2.853491917202565,146.70407017161878,0.008021172925890236,930.6066075895103,930.4839512705059,0.0066873125966822045,0.018866468597778536,0.3666666666663332,0.1227861106579113,11.051526673873058,0.5688969626189955
1506,51700.0,K_I_693.8764,693.876396,0.00655092165605007,weak_anchor,detected,693.7738255405236,14.006511981470485,1.0308027200646381,13.587965678429898,0.0002600549678263804,33.11790023172682,32.98784372318178,-0.007158873822845635,0.03254665074252591,0.3666666666663332,0.12091452070008682,3.9922817680392804,0.37184124050914036
1506,51700.0,K_I_766.4899,766.48991,1.0,strong_resonance,detected,766.3873395405237,597.4138815556457,9.424619420627728,63.38864784800561,0.011092015481978393,1108.5232060720627,1092.888897795716,0.04599379277760818,0.012465718850800795,0.4333333333329392,0.0880528096064544,36.50139406046738,0.5509910621269309
1506,51700.0,K_I_769.8964,769.89645,0.4984931955549362,weak_resonance,detected,769.7938795405237,407.065649584155,0.8035296203893483,506.5969433546362,0.0075578734053043176,889.5467882068422,889.2584398645098,-0.02721287389204008,0.026988875930371376,0.3666666666663332,0.12862971687350414,3.112056837955144,0.5360377171595899
1507,51800.0,K_I_693.8764,693.876396,0.00655092165605007,weak_anchor,detected,693.7746279199097,29.433751916559686,0.8664137552949548,33.971935159939264,0.0005561334174269106,64.49556517268036,64.44414292761033,-0.007961253208918606,0.09944517146451862,0.3666666666663332,0.11193999228017157,3.3556060451854397,0.7951908842697855
1507,51800.0,K_I_766.4899,766.48991,1.0,strong_resonance,detected,766.3881419199097,659.975808460905,1.6636386073590832,396.70623508105115,0.012469854431706154,1222.3849384687596,1214.7890688981993,0.011858080058345877,0.019762981555729517,0.4333333333329392,0.060697058179438615,6.443244620415289,0.6194346148413873
1507,51800.0,K_I_769.8964,769.89645,0.4984931955549362,weak_resonance,detected,769.7946819199096,477.95117762643747,4.99243819450949,95.73502144745058,0.00903060617382805,1051.7469434367172,1047.253258143699,-0.028015253277999363,0.01544936619274766,0.3666666666663332,0.14224390389781777,19.335629984322665,0.6404904208356708
1508,51900.0,K_I_693.8764,693.876396,0.00655092165605007,weak_anchor,detected,693.7764395994459,19.496174250703355,1.5121437703732494,12.893069186067555,0.0004335941272898035,37.99038703009796,35.863783811967295,0.0568937339214699,0.07735236114895878,0.4333333333329392,0.07000489856776594,5.8565076397322136,0.6199773052463234
1508,51900.0,K_I_766.4899,766.48991,1.0,strong_resonance,detected,766.3899535994459,583.2212177271272,6.673686486589581,87.39116212592235,0.012970816308136306,1126.2914991888738,1116.2943796291272,0.010046400522128351,0.01859944665550665,0.4333333333329392,0.08461145619766017,25.847076620394443,0.6443196789514959
1508,51900.0,K_I_769.8964,769.89645,0.4984931955549362,weak_resonance,detected,769.7964935994459,407.4156328915981,5.456552566345899,74.66539136897437,0.009060907207550343,913.7849077584306,913.4826141837664,0.003506400519086128,0.02109846860953588,0.3666666666663332,0.121314190865275,21.13313721718223,0.6426395037949957
1509,52000.0,K_I_693.8764,693.876396,0.00655092165605007,weak_anchor,detected,693.7770732722122,24.229087913251877,1.7064558122581814,14.198485386614918,0.000478833774116545,57.33975542052792,56.164086882877314,0.022926727821868553,0.11594300977211194,0.3666666666663332,0.10284599643005526,6.609074941920798,0.684663500387505
1509,52000.0,K_I_766.4899,766.48991,1.0,strong_resonance,detected,766.3905872722122,590.7219005579291,4.470732417237602,132.13090058360666,0.011674298186963333,1086.4858601650558,1082.336263901352,0.00941272775583002,0.0069909789384195445,0.4333333333329392,0.05261895574189182,17.315072197326607,0.5799157031535381
1509,52000.0,K_I_769.8964,769.89645,0.4984931955549362,weak_resonance,detected,769.7971272722122,410.1119840382775,5.646957489248491,72.62530040630004,0.008104946823857408,870.6250435787433,870.207560816701,0.002872727752787796,0.015897572718100397,0.3999999999996362,0.10253155454658149,21.870572312620546,0.5748385769615124
1510,52100.0,K_I_693.8764,693.876396,0.00655092165605007,weak_anchor,detected,693.7764395994459,23.085701574306785,3.3602524117126165,6.870228407198946,0.0005546963822401104,63.949706292683004,63.57225736184033,0.023560400588166885,0.05968670990645491,0.33333333333303017,0.1032216376163386,13.014201629628108,0.7931361304191616
1510,52100.0,K_I_766.4899,766.48991,1.0,strong_resonance,detected,766.3899535994459,858.3758571616916,2.052117857615834,418.2877966662983,0.020624800205325422,1640.6931648533791,1628.9973904228295,0.010046400522128351,0.009922343459904445,0.4333333333329392,0.07257303421352393,7.947818287008196,1.0245280120417826
1510,52100.0,K_I_769.8964,769.89645,0.4984931955549362,weak_resonance,detected,769.7964935994459,582.4824836013782,7.222805032007979,80.64491302480097,0.013995716150619994,1304.9699212813057,1301.601850694873,-0.02982693281421689,0.01836279382516404,0.3666666666663332,0.1342803854553632,27.97380360189547,0.9926379198316126
1511,52200.0,K_I_693.8764,693.876396,0.00655092165605007,weak_anchor,detected,693.7764310832055,27.050112665847426,4.479216245149517,6.039028076650604,0.0005347059341253781,61.85623016982163,61.3082880185253,0.02356891682859441,0.06749772077758247,0.3666666666663332,0.08895896145449964,17.347929921541574,0.7645526617492675
1511,52200.0,K_I_766.4899,766.48991,1.0,strong_resonance,detected,766.3899450832055,1080.3038925161052,2.8754247504118666,375.70236966255715,0.021354620926086615,1964.3320656717456,1951.9325402162094,0.010054916762555877,0.014438678143906434,0.4333333333329392,0.0652656220809997,11.136472171627906,1.0607815400636103
1511,52200.0,K_I_769.8964,769.89645,0.4984931955549362,weak_resonance,detected,769.7964850832054,742.7929712924574,6.433657433058035,115.4542309753341,0.01468296322766003,1631.691857867796,1631.5443486153843,0.0035149167595136532,0.021586588678086934,0.3666666666663332,0.11827747015214203,24.917448093459992,1.0413805137526218
1512,52300.0,K_I_693.8764,693.876396,0.00655092165605007,weak_anchor,detected,693.7748670394088,30.755591098755783,1.1661998600791992,26.372487385367293,0.0006028582902579508,59.73402246700698,58.842336216999634,0.025132960625228407,0.07422720044127949,0.46666666666624224,0.07671254402347351,4.516672636440266,0.862000739206782
1512,52300.0,K_I_766.4899,766.48991,1.0,strong_resonance,detected,766.3883810394088,930.190674208748,3.1548572917719078,294.84397808888264,0.0182332102695325,1731.298761004193,1713.0270164386748,0.04495229389249289,0.02039541623690664,0.4333333333329392,0.08215630887765352,12.218709750704745,0.9057268184232189
1512,52300.0,K_I_769.8964,769.89645,0.4984931955549362,weak_resonance,detected,769.7949210394088,626.5296705855445,14.268563322974959,43.909793607371725,0.012280973719290952,1375.4206626951727,1366.8404338159341,-0.028254372777155368,0.01674807593999901,0.3666666666663332,0.14144317717668672,55.26190812423824,0.8710208234455832
1513,52400.0,K_I_693.8764,693.876396,0.00655092165605007,weak_anchor,detected,693.7746279199097,30.17001799410323,0.9444711761007691,31.943820793620787,0.0005975236682917284,62.663477710007214,60.26598541679318,0.05870541345768743,0.13823234606942425,0.3666666666663332,0.07903600636357806,3.657921136014538,0.8543729962486403
1513,52400.0,K_I_766.4899,766.48991,1.0,strong_resonance,detected,766.3881419199097,935.0098828625112,2.3102762814066655,404.7177778638703,0.018518070993733704,1717.5561911132581,1707.8181757735695,0.011858080058345877,0.015934115182079,0.4333333333329392,0.05649229678881941,8.947661563034153,0.9198771514479861
1513,52400.0,K_I_769.8964,769.89645,0.4984931955549362,weak_resonance,detected,769.7946819199096,648.646969205462,11.130963419216686,58.2741084285325,0.0128465921545593,1438.1591873955058,1436.6212948755456,0.005318080055303653,0.02048941804446047,0.3666666666663332,0.11174997159655502,43.110035949909395,0.9111369776288267
1514,52500.0,K_I_693.8764,693.876396,0.00655092165605007,weak_anchor,detected,693.7741195550691,28.889196846761028,2.015857269702622,14.33097336847799,0.0006150031264665654,78.7006916838418,75.98572937960269,0.05921377829827179,0.05220455624983061,0.3666666666663332,0.10104132669012028,7.807381633896509,0.8793661100717853
1514,52500.0,K_I_766.4899,766.48991,1.0,strong_resonance,detected,766.3876335550691,1106.6106951385595,7.702990492815214,143.6598806879906,0.02355790785398234,2065.982791691722,2048.3026118507305,0.01236644489893024,0.018080378371299596,0.4333333333329392,0.06991314802692265,29.83355389469452,1.1702288633696465
1514,52500.0,K_I_769.8964,769.89645,0.4984931955549362,weak_resonance,detected,769.794173555069,767.7910956057846,8.846862509477443,86.78682355278693,0.016345000062668345,1710.3358569354568,1708.8294435889738,-0.027506888437415,0.020907132984884377,0.3666666666663332,0.12401324668008977,34.263751165424054,1.1592594967808025
1515,52600.0,K_I_693.8764,693.876396,0.00655092165605007,weak_anchor,detected,693.7739174965991,26.656426303840465,2.213154170308876,12.044541072400841,0.0006118185238619384,58.78014563822785,58.761630867959724,-0.0072508298983393615,0.05133278630308909,0.3999999999996362,0.110299099703281,8.571509244203567,0.8748125858959898
1515,52600.0,K_I_766.4899,766.48991,1.0,strong_resonance,detected,766.3874314965992,850.4329936973423,1.207366648160671,704.3701223591944,0.01951914532415902,1414.1605839560443,1396.6653822227865,0.04590183670211445,0.010614681107694379,0.49999999999954525,0.07321790468953475,4.676110921096802,0.969605084976859
1515,52600.0,K_I_769.8964,769.89645,0.4984931955549362,weak_resonance,detected,769.7939714965992,608.4480367546101,14.571956269271016,41.7547256875654,0.013965104528669229,1175.8580177173517,1174.5746066317292,0.006028503365769211,0.018806476978041026,0.4333333333329392,0.08560408718077517,56.436943952600735,0.9904668085852237
1516,52700.0,K_I_693.8764,693.876396,0.00655092165605007,weak_anchor,detected,693.7744474479609,33.00058540720136,1.329410456995295,24.823473618365075,0.0008768814172637092,76.73577029358438,75.37595134725116,0.02555255207312257,0.09871662869199141,0.3999999999996362,0.08533625079232168,5.1487845602214515,1.253814440462593
1516,52700.0,K_I_766.4899,766.48991,1.0,strong_resonance,detected,766.387961447961,818.6820446006885,8.40708618740659,97.37999900929229,0.021753767780166293,1219.3863493864192,1207.8036096171686,0.04537188534038705,0.003902198179506832,0.6333333333327573,0.05446279294846104,32.56050479398574,1.0806089870619766
1516,52700.0,K_I_769.8964,769.89645,0.4984931955549362,weak_resonance,detected,769.7945014479609,590.8926787206858,7.2117695249048825,81.93449287031662,0.01570101872963368,1046.6907467479268,1045.7430369413673,0.005498552004041812,0.01758644128034679,0.49999999999954525,0.0607783635050943,27.931063266668186,1.1135855002554014
1517,52800.0,K_I_693.8764,693.876396,0.00655092165605007,weak_anchor,detected,693.7735315259782,29.955922373888377,0.9210221864438339,32.52464795614905,0.0007121925863189106,64.13675872936756,64.03665391278206,-0.006864859277470714,0.1227748344733281,0.3999999999996362,0.12307534004658446,3.5671035895877554,1.0183330739331975
1517,52800.0,K_I_766.4899,766.48991,1.0,strong_resonance,detected,766.3870455259782,756.5524454745737,3.072163818854904,246.2604503156233,0.017986795268841317,1202.363203157216,1194.888562409932,0.012954473989793769,0.013841190724006271,0.5333333333328483,0.049919707653561046,11.898439307256844,0.8934862600526109
1517,52800.0,K_I_769.8964,769.89645,0.4984931955549362,weak_resonance,detected,769.7935855259782,548.5307702801276,4.7032140945333865,116.62891785379126,0.013041145690170229,1030.853610663067,1029.2881988659688,0.0064144739867515455,0.02766967825952072,0.46666666666624224,0.07694844739679035,18.215469861792368,0.9249355724850223
1518,52900.0,K_I_693.8764,693.876396,0.00655092165605007,weak_anchor,detected,693.7732243158305,40.48648591682057,0.9387719003830333,43.127074745528134,0.0007399002161314595,92.28711633718922,87.42484595596102,0.06010901753688813,0.0946675028098615,0.3666666666663332,0.07361772911496448,3.6358479360742826,1.057951003662364
1518,52900.0,K_I_766.4899,766.48991,1.0,strong_resonance,detected,766.3867383158306,1058.0115575145,2.866530250240177,369.0913631299906,0.019335414332645944,1688.3422219607494,1669.1895089903269,0.04659501747073591,0.020300864482666343,0.5666666666661513,0.06469015921558642,11.102023920590081,0.9604783275968407
1518,52900.0,K_I_769.8964,769.89645,0.4984931955549362,weak_resonance,detected,769.7932783158305,744.6601613017847,11.322241017099566,65.76967935739503,0.013608842600556979,1435.2807899139825,1432.5805150711383,0.006721684134390671,0.017080457472656223,0.46666666666624224,0.07216899556460736,43.850850901013025,0.9651991412911226
1519,53000.0,K_I_693.8764,693.876396,0.00655092165605007,weak_anchor,detected,693.7732011507642,42.93431059848491,2.252151569441153,19.063686112892746,0.0009080209978764124,92.78316051079537,91.76937432611909,0.02679884926988052,0.1104279784938427,0.3999999999996362,0.07192190912117187,8.722545521588415,1.2983395667493263
1519,53000.0,K_I_766.4899,766.48991,1.0,strong_resonance,detected,766.3867151507642,1057.5336925496963,5.171205101159059,204.50430254887078,0.022365860436822493,1738.7724770067434,1721.195865508443,0.046618182537145,0.016424127973746427,0.49999999999954525,0.06574235348622118,20.027991236630093,1.111014424519132
1519,53000.0,K_I_769.8964,769.89645,0.4984931955549362,weak_resonance,detected,769.7932551507641,739.9542424930788,7.682648068180283,96.31499919380595,0.01564934851137823,1505.8939854242817,1504.5458128169446,0.006744849200799763,0.013510423634001211,0.4333333333329392,0.09555048592104463,29.75476802286188,1.1099208204766489
1520,53100.0,K_I_693.8764,693.876396,0.00655092165605007,weak_anchor,detected,693.7727671454478,23.25327081302098,1.8056589340071842,12.877997264642039,0.0005004579314070065,40.54081113925167,40.48526884967574,-0.0061004787470437805,0.05323188536755761,0.4333333333329392,0.09638607603088166,6.993286980346822,0.7155829384549915
1520,53100.0,K_I_766.4899,766.48991,1.0,strong_resonance,detected,766.3862811454478,453.07680104532295,2.097703035231141,215.9871027670985,0.00975113911685391,728.9057236883216,722.6781892499795,0.013718854520220702,0.02338230530321569,0.49999999999954525,0.06090901880653621,8.124368920746349,0.48438360978418843
1520,53100.0,K_I_769.8964,769.89645,0.4984931955549362,weak_resonance,detected,769.7928211454478,346.1197565375098,4.269056107738698,81.07641309986155,0.0074492048352553875,656.4016282233142,655.6265618595635,0.007178854517178479,0.02725638475327878,0.4333333333329392,0.08372463085298165,16.53398320931207,0.5283304628709505
1521,53200.0,K_I_693.8764,693.876396,0.00655092165605007,weak_anchor,detected,693.7722957388743,27.632140515288793,0.8374891922261631,32.994026396733204,0.0004958528358849645,52.716056261309404,52.0790392470959,0.027704261159783528,0.04981395322282897,0.46666666666624224,0.07848291717970211,3.2435816941235815,0.7089983134970773
1521,53200.0,K_I_766.4899,766.48991,1.0,strong_resonance,detected,766.3858097388743,554.9275610476642,1.3445651381737087,412.71898645342634,0.009958056079801866,916.9169374454568,908.8629212148761,0.014190261093744994,0.02363757979894812,0.49999999999954525,0.06032587835109683,5.207478388042584,0.4946621202471434
1521,53200.0,K_I_769.8964,769.89645,0.4984931955549362,weak_resonance,detected,769.7923497388742,414.9789581295059,6.030742776770795,68.81058826251405,0.007446708412156932,794.1264172731771,792.1599387716996,0.00765026109070277,0.026093688386389226,0.46666666666624224,0.06786373776938437,23.356966339715207,0.5281534055339194
1522,53300.0,K_I_693.8764,693.876396,0.00655092165605007,weak_anchor,detected,693.7722957388743,24.191537649312515,1.4364136188812069,16.841623701782225,0.0005351531945026585,57.03014343254017,56.934229524801644,-0.005629072173519489,0.08243914364424389,0.3666666666663332,0.12653013563713886,5.563206024197501,0.7651921798284975
1522,53300.0,K_I_766.4899,766.48991,1.0,strong_resonance,detected,766.3858097388743,519.5930425444352,2.665925813278152,194.90153850362339,0.011494179518056072,818.7936868717912,811.999393222799,0.014190261093744994,0.020275584079963053,0.5666666666661513,0.056338538881269606,10.325086277060135,0.5709683863334934
1522,53300.0,K_I_769.8964,769.89645,0.4984931955549362,weak_resonance,detected,769.7923497388742,381.3236948457049,3.14432153752004,121.27375979062846,0.008435453603422979,751.7081275776924,750.9890629270469,0.00765026109070277,0.024959247080976393,0.4333333333329392,0.09465230700785371,12.17790494994749,0.5982795755233246
1523,53400.0,K_I_693.8764,693.876396,0.00655092165605007,weak_anchor,detected,693.7714077331802,25.64214087427908,2.649321869110809,9.678756353936466,0.0005501382021943006,54.357256830679944,54.02490440723707,0.028592266853820547,0.039722441627501354,0.3999999999996362,0.08032422880433339,10.260779477818602,0.786618587851663
1523,53400.0,K_I_766.4899,766.48991,1.0,strong_resonance,detected,766.3849217331802,536.7913447057275,3.636573914212869,147.60908409087438,0.011516566685197755,816.5767468462541,810.5696289788743,0.015078266787782013,0.024306157266083008,0.5666666666661513,0.04940605707475814,14.08439020701157,0.5720804591593429
1523,53400.0,K_I_769.8964,769.89645,0.4984931955549362,weak_resonance,detected,769.7914617331802,373.9729215618543,5.81738191492421,64.28543407171618,0.008023385868835844,713.4036929318654,712.8189883616407,0.00853826678473979,0.019893302483017215,0.4333333333329392,0.08358702208048419,22.530623275050168,0.5690539142932503
1524,53500.0,K_I_693.8764,693.876396,0.00655092165605007,weak_anchor,detected,693.7714077331802,19.893046862224587,1.0858704974082545,18.319907309117546,0.0004637708692641198,45.54526528249676,45.470326444595685,-0.00474106647948247,0.03866414003275558,0.3666666666663332,0.11051153798233611,4.205558352603958,0.6631257106163196
1524,53500.0,K_I_766.4899,766.48991,1.0,strong_resonance,detected,766.3849217331802,519.8472039545863,2.1752749354824004,238.97999994161765,0.012119309391481533,848.408222629773,840.6946382501942,0.015078266787782013,0.018042065454341477,0.5333333333328483,0.05890083893335653,8.424803598553412,0.6020214418837309
1524,53500.0,K_I_769.8964,769.89645,0.4984931955549362,weak_resonance,detected,769.7914617331802,356.2984392798699,8.177647056356282,43.56979909067218,0.008306461953601211,704.8690833038509,704.1292209635701,0.00853826678473979,0.02264297721408951,0.4333333333329392,0.09371782529268813,31.671890860458785,0.5891309187788781
1525,53600.0,K_I_693.8764,693.876396,0.00655092165605007,weak_anchor,detected,693.770355465802,13.032308003054506,0.7893826837255724,16.50949314158653,0.0002925183391350191,39.61087113602753,39.603722658392975,0.029644534232033948,0.03619877329437852,0.33333333333303017,0.13055606005385909,3.0572659878564385,0.418259197295
1525,53600.0,K_I_766.4899,766.48991,1.0,strong_resonance,detected,766.383869465802,486.67671654974833,1.9663768230478178,247.49921319526936,0.010923764600057806,855.5764629237767,854.8555956626448,0.016130534165995414,0.013994055000830535,0.49999999999954525,0.06492254970894365,7.615744688039373,0.5426332724823133
1525,53600.0,K_I_769.8964,769.89645,0.4984931955549362,weak_resonance,detected,769.790409465802,350.52117881743027,1.560520419254767,224.61813026760848,0.007867668032039444,725.8867473228502,722.0484389383978,-0.023742799170349826,0.020213989678778976,0.3999999999996362,0.12050858547281983,6.043869595195825,0.5580097184882782
1526,53700.0,K_I_693.8764,693.876396,0.00655092165605007,weak_anchor,detected,693.7702078166221,14.648700613211842,1.777255191636572,8.24231696277826,0.0003213949208767326,27.02288578913567,25.445126477421997,0.06312551674523093,0.1430868544421039,0.3666666666663332,0.07823033546547602,6.883279759175375,0.45954856033332114
1526,53700.0,K_I_766.4899,766.48991,1.0,strong_resonance,detected,766.383721816622,459.62061783120777,6.889104195675666,66.7170367548969,0.010084152581283949,834.7514785713502,829.5916072351176,0.01627818334600306,0.007614520676446784,0.46666666666624224,0.05168185782357551,26.681385820163758,0.5009259093118978
1526,53700.0,K_I_769.8964,769.89645,0.4984931955549362,weak_resonance,detected,769.790261816622,320.8587751863337,3.701832705095777,86.67565520847387,0.0070396947406113075,702.5518604425729,702.4654142382293,0.009738183342960838,0.031726606032888675,0.3666666666663332,0.12073851411076364,14.337136417294936,0.4992862007465333
1527,53800.0,K_I_693.8764,693.876396,0.00655092165605007,weak_anchor,detected,693.7689927746643,10.98478907066653,0.5831764404928211,18.836133128738336,0.00030932996990229683,25.228837618246075,25.061468397354314,0.031007225369762637,0.0417465022479579,0.33333333333303017,0.1124841693286867,2.258632641931271,0.44229741387565646
1527,53800.0,K_I_766.4899,766.48991,1.0,strong_resonance,detected,766.3825067746643,355.27168302227483,2.360025398464706,150.537228647367,0.010004395925078093,651.750350127505,650.5362416532247,0.017493225303724103,0.01495878190603406,0.4333333333329392,0.06883476917806221,9.140339064888641,0.496964031978968
1527,53800.0,K_I_769.8964,769.89645,0.4984931955549362,weak_resonance,detected,769.7890467746643,238.55842768116386,2.2036296155831,108.25704374010203,0.006717768614384152,532.8054071630891,532.1049653666657,-0.022380108032621138,0.01822957382627014,0.3666666666663332,0.1278497534867429,8.53462080237056,0.47645377996587773
1528,53900.0,K_I_693.8764,693.876396,0.00655092165605007,weak_anchor,detected,693.768191657646,16.340975446196953,1.276984877603788,12.796530117772539,0.0004785168840562831,32.00991713335429,32.009886898591255,-0.0015249909451995336,0.057022927611000945,0.3666666666663332,0.09360431277747545,4.945741164322685,0.6842103931306136
1528,53900.0,K_I_766.4899,766.48991,1.0,strong_resonance,detected,766.3817056576461,497.1166953082321,0.9205035688191664,540.0486344077293,0.014557192918774846,877.783265023309,874.2657190620644,-0.015038991011351754,0.015706561995225916,0.46666666666624224,0.05567149325459345,3.5650949921643664,0.7231222495978494
1528,53900.0,K_I_769.8964,769.89645,0.4984931955549362,weak_resonance,detected,769.788245657646,328.05326789521416,7.608529909343135,43.11651157372343,0.009606466154640286,769.1064033286075,765.0397435594149,-0.021578991014393978,0.009507656604855865,0.3666666666663332,0.13515506918209813,29.467709628033788,0.6813329506009239
1529,54000.0,K_I_693.8764,693.876396,0.00655092165605007,weak_anchor,detected,693.7674266836007,19.4802256433116,0.851502891720213,22.877462698872918,0.0005081009128715458,46.96048269203054,46.031067360443004,-0.034093350233206365,0.050852366056427276,0.26666666666642413,0.21144055280569954,3.2978565188828415,0.7265113038414203
1529,54000.0,K_I_766.4899,766.48991,1.0,strong_resonance,detected,766.3809406836007,533.8613098998995,6.472152769127411,82.48589440695106,0.013924654871750514,900.2975800478798,894.1862029227366,0.019059316367361134,0.017611613656178523,0.49999999999954525,0.04471637029928221,25.066539888963476,0.6917011962345639
1529,54000.0,K_I_769.8964,769.89645,0.4984931955549362,weak_resonance,detected,769.7874806836006,360.01745042852383,1.4806502846951326,243.14819924047885,0.009390301660865285,745.4332265504972,742.4342493397397,-0.020814016968984106,0.01995187745509066,0.4333333333329392,0.10828412605824508,5.734533894186734,0.6660016112730135
1530,54100.0,K_I_693.8764,693.876396,0.00655092165605007,weak_anchor,detected,693.767087242682,9.755452961532368,0.9209065179240283,10.593315142913518,0.000322830410580497,26.55842786923631,25.94671764185105,-0.03375390931455513,0.060417865050883215,0.26666666666642413,0.1976188984382271,3.5666556073368674,0.46160110436525137
1530,54100.0,K_I_766.4899,766.48991,1.0,strong_resonance,detected,766.3806012426819,339.92508610855634,4.156856212641418,81.7745595998269,0.01124890413061851,621.1289334702169,614.1090658504547,0.019398757286126056,0.020302056357488565,0.46666666666624224,0.06080303685027135,16.099434884153688,0.5587844377573856
1530,54100.0,K_I_769.8964,769.89645,0.4984931955549362,weak_resonance,detected,769.7871412426819,242.4027940143879,1.6299696133165986,148.71614294769344,0.00802166683864901,532.7254841837416,529.6620259336249,-0.020474576050219184,0.011109180349960363,0.3999999999996362,0.1174429197322376,6.3128451672050705,0.5689319930903319
1531,54200.0,K_I_693.8764,693.876396,0.00655092165605007,weak_anchor,detected,693.7669416961716,6.16462640845747,0.6429976729603228,9.587323045938717,0.0001827273962640583,19.620469217377376,15.043335155467974,0.09972497052910967,0.05844789929453331,0.29999999999972715,0.11497495127319668,2.490319279027718,0.26127392323916293
1531,54200.0,K_I_766.4899,766.48991,1.0,strong_resonance,detected,766.3804556961716,348.2263229049028,2.137823641543425,162.88823649339804,0.010321872742802902,619.9475243911629,612.7563962956559,0.0195443037964651,0.007750134988339726,0.46666666666624224,0.059987025276108254,8.279755360833711,0.5127345553147027
1531,54200.0,K_I_769.8964,769.89645,0.4984931955549362,weak_resonance,detected,769.7869956961715,252.44769043527353,3.6790372133396523,68.61786815309588,0.0074828718092026444,552.2907745819384,549.7044009675204,-0.02032902953988014,0.015708466252095273,0.3999999999996362,0.12390124689650506,14.248849857354775,0.5307182731570679
1532,54300.0,K_I_693.8764,693.876396,0.00655092165605007,weak_anchor,detected,693.7663930133742,13.372620999438634,1.08140212066789,12.366002196462777,0.00039156458319517245,23.419760585010636,23.248357957090786,0.03360698665983364,0.07986091674713788,0.3999999999996362,0.07180927677491626,4.188252403903931,0.5598810957994994
1532,54300.0,K_I_766.4899,766.48991,1.0,strong_resonance,detected,766.3799070133741,361.8867328831222,2.6750058329957946,135.28446496052598,0.010596428907331697,623.4995040641625,620.1173295185871,0.02009298659390879,0.01395084511128788,0.49999999999954525,0.051838123139290336,10.360253042209834,0.526373013803424
1532,54300.0,K_I_769.8964,769.89645,0.4984931955549362,weak_resonance,detected,769.7864470133741,249.59114881171905,3.4476743948979567,72.3940605241251,0.0073082946236020345,535.7370563129043,535.7053628974584,0.013552986590866567,0.011397570887150927,0.4333333333329392,0.10463789086784771,13.352785514597663,0.5183364891526124
1533,54400.0,K_I_693.8764,693.876396,0.00655092165605007,weak_anchor,detected,693.7655939900878,15.70998423287116,1.100044171282637,14.281230375098051,0.0004679380849636715,42.62253351711871,41.708186273341454,-0.03226065672038203,0.03351905693091982,0.29999999999972715,0.1672313402943883,4.260452755474067,0.6690842303405996
1533,54400.0,K_I_766.4899,766.48991,1.0,strong_resonance,detected,766.379107990088,452.3529023000071,1.776251026878966,254.66721508098556,0.0134737977895054,700.0535093429298,699.4066229065946,0.020892009880071782,0.010549643616038152,0.5666666666661513,0.04762861139241365,6.879390645792315,0.6693050660617114
1533,54400.0,K_I_769.8964,769.89645,0.4984931955549362,weak_resonance,detected,769.7856479900879,319.39664511780535,2.334481659461288,136.8169434201125,0.009513558527164243,618.9673749359818,617.4571019452812,-0.018981323456273458,0.03220780038219684,0.46666666666624224,0.09256734791906886,9.041408589128446,0.6747435318758075
1534,54500.0,K_I_693.8764,693.876396,0.00655092165605007,weak_anchor,low_snr,693.7653358416691,11.44187475365195,3.116866822560428,3.670954007670028,0.0003060836836387396,24.52675556717486,23.00917328595212,0.06799749169829283,0.14033351585257614,0.33333333333303017,0.10781185626143878,12.071573296133945,0.43765569093001067
1534,54500.0,K_I_766.4899,766.48991,1.0,strong_resonance,detected,766.3788498416691,378.9020709895304,4.456091228228324,85.03014224423234,0.010136078581860566,674.1007240890722,670.2325191523626,0.021150158298951283,0.02135890768321084,0.49999999999954525,0.05239371690785468,17.25836711612495,0.5035053108874004
1534,54500.0,K_I_769.8964,769.89645,0.4984931955549362,weak_resonance,detected,769.785389841669,261.4137647696562,1.643602039734375,159.0493066143333,0.00699312741987748,558.598603240127,556.9876050064757,-0.018723175037393958,0.025093929933518676,0.3999999999996362,0.12129842804184238,6.365643327689565,0.4959834409671911
1535,54600.0,K_I_693.8764,693.876396,0.00655092165605007,weak_anchor,low_snr,693.7651927985718,8.19027458342007,2.747765827781313,2.980703268310647,0.00017358036045918672,15.892042742789727,15.76085642123314,0.034807201462285775,0.11320979120322455,0.3999999999996362,0.0828630388498469,10.642051290284542,0.24819497624155845
1535,54600.0,K_I_766.4899,766.48991,1.0,strong_resonance,detected,766.3787067985718,364.5804590221881,3.595702554699407,101.39338654297178,0.0077267259905492965,727.2837242980777,722.2768724229571,0.02129320139624724,0.019814170925924236,0.4333333333329392,0.0677096722047738,13.926096112278932,0.3838217650537546
1535,54600.0,K_I_769.8964,769.89645,0.4984931955549362,weak_resonance,detected,769.7852467985717,258.4000413267618,2.1620439254858286,119.51655481222346,0.005476394211125266,598.5806947522806,593.7193267554329,-0.018580131940098,0.029307533109995485,0.3666666666663332,0.1382129596227753,8.373560117183139,0.3884100319988597
1536,54700.0,K_I_693.8764,693.876396,0.00655092165605007,weak_anchor,detected,693.7652604161555,10.328398612604182,1.381864562910431,7.474248120851221,0.0002653569037988496,30.789949417976516,29.974342868699814,-0.031927082788001826,-0.03284115208164387,0.26666666666642413,0.22341900563415903,5.351938438871158,0.3794222471923858
1536,54700.0,K_I_766.4899,766.48991,1.0,strong_resonance,detected,766.3787744161555,451.54292145007145,8.071204617019985,55.94492307850673,0.011601027038408126,805.2153788139149,785.4173607015649,0.05455891714586869,0.015103073800201273,0.49999999999954525,0.07669877943302476,31.259641065579245,0.5762759906025335
1536,54700.0,K_I_769.8964,769.89645,0.4984931955549362,weak_resonance,detected,769.7853144161554,321.84707131637924,1.4736669946481082,218.39877834356463,0.008268885191652012,699.1261400924991,696.3567369855767,0.01468558380952345,0.03462806873084629,0.3999999999996362,0.09203895980621159,5.707487728132849,0.5864658090828938
1537,54800.0,K_I_693.8764,693.876396,0.00655092165605007,weak_anchor,low_snr,693.7652682240854,8.572460421485632,2.8588486716977295,2.998570895462917,0.00021517026092526703,19.695434327430576,19.59265702899116,-0.03193489071793465,-0.0381397325019645,0.33333333333303017,0.16387425461336785,11.07227329482257,0.307662558465497
1537,54800.0,K_I_766.4899,766.48991,1.0,strong_resonance,detected,766.3787822240854,430.12373990973407,2.352858110479543,182.809043177733,0.010796181352388213,789.7241980095432,777.0752321125699,0.02121777588263285,0.018552104790561966,0.4333333333329392,0.07293173925141003,9.112580277884609,0.5362956299450047
1537,54800.0,K_I_769.8964,769.89645,0.4984931955549362,weak_resonance,detected,769.7853222240853,272.7116112370032,2.6092391548066356,104.5176754819982,0.006845109299092762,632.8983387173434,631.4731986159936,-0.01865555745371239,0.028749746766842964,0.3666666666663332,0.13018335098933845,10.105539792847607,0.4854853429826433
1538,54900.0,K_I_693.8764,693.876396,0.00655092165605007,weak_anchor,detected,693.765343649599,11.288378001577549,1.7404909036872518,6.485743750606785,0.00029366423209349515,34.56420295733528,34.19882437288476,-0.03201031623154904,0.05980649954864707,0.26666666666642413,0.22141505412932277,6.740892284212354,0.41989765958907505
1538,54900.0,K_I_766.4899,766.48991,1.0,strong_resonance,detected,766.378857649599,510.5608688800921,4.2743403048792645,119.4478755697749,0.013282108862381002,921.4477540925736,907.008998592077,0.02114235036901846,0.0195657663705201,0.46666666666624224,0.07013103262217617,16.55444881683558,0.6597830016789267
1538,54900.0,K_I_769.8964,769.89645,0.4984931955549362,weak_resonance,detected,769.785397649599,353.31569361654556,1.4486156556228729,243.89885077186162,0.009191416325532647,780.784146969203,778.686404949909,0.014602350365976235,0.030606336188449053,0.3999999999996362,0.10295977977860654,5.610464309287828,0.6518957860744325
1539,55000.0,K_I_693.8764,693.876396,0.00655092165605007,weak_anchor,detected,693.7657916520061,18.13371397393006,0.9984163874876844,18.162476298651242,0.0005897237987189613,34.73312012235601,30.294146182255613,0.10087501469456583,0.15096596765614198,0.4333333333329392,0.07091600774692121,3.8668500413238895,0.8432203034083962
1539,55000.0,K_I_766.4899,766.48991,1.0,strong_resonance,detected,766.3793056520061,451.8519224162742,1.8330904245262438,246.49734479577234,0.014694608756313138,705.9261583428638,703.1293602744634,0.020694347961921267,0.028623094278850743,0.5666666666661513,0.03891306852177173,7.099528686288883,0.729948321775742
1539,55000.0,K_I_769.8964,769.89645,0.4984931955549362,weak_resonance,detected,769.7858456520061,330.78649303882963,1.2030806089099582,274.9495674596037,0.010757458043080868,642.1609009972349,640.8318060832082,0.014154347958879043,0.025824043377219087,0.4333333333329392,0.07873235485084416,4.6595111624575845,0.7629663719699409
1540,55100.0,K_I_693.8764,693.876396,0.00655092165605007,weak_anchor,detected,693.7658179912914,7.515601437110261,0.9604035615150616,7.8254618561120335,0.00017859282252117475,22.821801657912033,21.562004105885332,-0.03248465792398747,0.06086310871237639,0.23333333333312112,0.20319599090503207,3.7196269993895066,0.25536207682307466
1540,55100.0,K_I_766.4899,766.48991,1.0,strong_resonance,detected,766.3793319912915,384.11308873459416,2.178595062886605,176.31229193444065,0.009127658146653153,695.6787364555353,694.597137314371,0.02066800867658003,0.02307442673315812,0.49999999999954525,0.06479298346735171,8.437662396697196,0.453412462787054
1540,55100.0,K_I_769.8964,769.89645,0.4984931955549362,weak_resonance,detected,769.7858719912914,272.57372291858013,3.056228666674145,89.18629875139573,0.0064771543473240815,620.7773847003564,620.1818804716482,0.014128008673537806,0.024302405630564006,0.3666666666663332,0.12082149644363899,11.836722728241428,0.459388354876806
1541,55200.0,K_I_693.8764,693.876396,0.00655092165605007,weak_anchor,detected,693.7660233271544,16.1097298367771,0.518744209527522,31.05524753991957,0.0003157714977319216,29.7922746646297,29.648088481971087,-0.03268999378690296,-0.010477959769724038,0.4333333333329392,0.09143629324243181,2.009087684443451,0.4515078731834015
1541,55200.0,K_I_766.4899,766.48991,1.0,strong_resonance,detected,766.3795373271544,498.2867325575881,4.482976603825972,111.15086617501595,0.00976706309999382,921.9762446500008,921.6109662738285,-0.012870660519638477,0.014570854055149138,0.46666666666624224,0.07515929766616213,17.362493728071268,0.4851746267456961
1541,55200.0,K_I_769.8964,769.89645,0.4984931955549362,weak_resonance,detected,769.7860773271543,326.1099967075532,2.7396445803095246,119.03368745397965,0.006392176847721578,746.7214652034627,744.4398730824747,-0.0194106605226807,0.021790655156924,0.3666666666663332,0.13705475482501914,10.610597834075847,0.4533613757976266
1542,55300.0,K_I_693.8764,693.876396,0.00655092165605007,weak_anchor,detected,693.7660233271544,7.192538626220051,1.1610919753529256,6.194632965259971,0.00013109698857205246,13.550088889200595,13.288427878927784,-0.03268999378690296,0.05952483246105218,0.5999999999994543,0.11295496616331477,4.4968898839610425,0.18744985825531144
1542,55300.0,K_I_766.4899,766.48991,1.0,strong_resonance,detected,766.3795373271544,448.1160621638987,1.4728387231611961,304.2533137654707,0.008167723433044302,854.1099607675836,849.2332641688666,0.02046267281366454,0.017577066056953874,0.46666666666624224,0.0649292064746909,5.704279846457897,0.40572812189488694
1542,55300.0,K_I_769.8964,769.89645,0.4984931955549362,weak_resonance,detected,769.7860773271543,314.42784866280056,3.0436617186565567,103.30578024997666,0.005731014628494967,699.9307264658464,698.1120849834988,0.013922672810622316,0.024476088640487895,0.3999999999996362,0.09929774412482678,11.788051147856608,0.40646883504434167
1543,55400.0,K_I_693.8764,693.876396,0.00655092165605007,weak_anchor,detected,693.7662023237319,20.31026704357275,1.1489002763029448,17.67800692757192,0.0003856563847701645,42.94988329920989,42.19741121794351,-0.03286899036447721,0.04146647339604845,0.3666666666663332,0.11972281041582847,4.449671636578452,0.5514332209140798
1543,55400.0,K_I_766.4899,766.48991,1.0,strong_resonance,detected,766.3797163237319,656.2254434738437,8.864012949982888,74.03254566264037,0.012460571374141914,1177.2265194642496,1176.38076622154,0.020283676236090287,0.017877075336828446,0.46666666666624224,0.06850272422084573,34.330174535881824,0.6189734829798769
1543,55400.0,K_I_769.8964,769.89645,0.4984931955549362,weak_resonance,detected,769.7862563237319,456.9726952257772,4.616808342593056,98.9802177859339,0.008677110803189633,1031.258233943955,1025.2140521708536,-0.019589657100254954,0.023677866611740112,0.3666666666663332,0.13288190880486875,17.880821823510637,0.6154189699999749
1544,55500.0,K_I_693.8764,693.876396,0.00655092165605007,weak_anchor,low_snr,693.7665683841637,13.943801241918026,3.1160276420925594,4.474864424679527,0.0002869875252276729,38.8258629038437,38.82195350127563,9.828253701016365e-05,0.05792165149781207,0.26666666666642413,0.15072879247356463,12.068323164157423,0.41035092804899265
1544,55500.0,K_I_766.4899,766.48991,1.0,strong_resonance,detected,766.3800823841638,524.7015005447847,1.9525460293325227,268.7268277737625,0.010799263594772884,986.2651921145268,983.3969215017203,0.019917615804274647,0.01084824567705856,0.46666666666624224,0.06747393730585774,7.562178254315157,0.5364487389997136
1544,55500.0,K_I_769.8964,769.89645,0.4984931955549362,weak_resonance,detected,769.7866223841637,373.6973565144405,1.151755473131241,324.45893701592877,0.007691337367015603,871.738424911648,868.813390660421,-0.019955717532070594,0.026951072327453387,0.3666666666663332,0.1383377491956566,4.460729766344596,0.545503569989115
1545,55600.0,K_I_693.8764,693.876396,0.00655092165605007,weak_anchor,detected,693.7665683841637,12.247093460931374,1.5367299504131666,7.969580769632693,0.00028424464346166455,22.967038729173282,22.429646739394947,0.0667649492036162,0.04282416493538702,0.49999999999954525,0.059240843827674194,5.951729505573757,0.40642900120803577
1545,55600.0,K_I_766.4899,766.48991,1.0,strong_resonance,detected,766.3800823841638,532.7824771063919,2.4426528906762828,218.1163271867431,0.012365429049008985,1001.7750736478902,996.661435313118,0.019917615804274647,0.01979729594994329,0.46666666666624224,0.06280617940916203,9.460353966163254,0.6142473292106732
1545,55600.0,K_I_769.8964,769.89645,0.4984931955549362,weak_resonance,detected,769.7866223841637,358.5789789400375,5.833611347655342,61.4677525756251,0.008322313726665028,833.4126091094531,833.0488608150489,-0.019955717532070594,0.013486635712428053,0.3666666666663332,0.1234968002458179,22.593479597736295,0.5902551964414408
1546,55700.0,K_I_693.8764,693.876396,0.00655092165605007,weak_anchor,detected,693.7675235350652,14.09753623417679,1.1835221875900024,11.911509882956652,0.00032664697710041717,37.371558791152324,33.087395551082075,0.06580979830221168,0.10635105940158245,0.33333333333303017,0.11661669110810273,4.5837617224072185,0.46705824614229385
1546,55700.0,K_I_766.4899,766.48991,1.0,strong_resonance,detected,766.3810375350652,421.8321449275938,1.2997123154233812,324.5580886799415,0.009774062126567727,740.4110186762623,736.2612347479462,0.018962464902870124,0.024025358574086,0.49999999999954525,0.04554471926075751,5.033764152500015,0.4855223003575908
1546,55700.0,K_I_769.8964,769.89645,0.4984931955549362,weak_resonance,detected,769.7875775350651,306.1632038285082,5.380571274689476,56.90161661248089,0.0070939548137150706,640.2937473307102,639.4925940142596,0.0124224648998279,0.017963568509243338,0.4333333333329392,0.09812002031050829,20.838862939973307,0.5031345644541129
1547,55800.0,K_I_693.8764,693.876396,0.00655092165605007,weak_anchor,detected,693.7668495428647,14.34525097917955,0.5804975965413173,24.71199030736817,0.00031625244759843623,30.49953866585497,29.15870313586504,0.0664837905026161,0.10028677744157875,0.3999999999996362,0.07384869251453084,2.2482575239199987,0.452195562391888
1547,55800.0,K_I_766.4899,766.48991,1.0,strong_resonance,detected,766.3803635428648,464.13182126638486,4.435956176998129,104.62948747624218,0.01023215450861419,810.6709205925554,805.2201721026869,0.01963645710327455,0.019736355538548186,0.49999999999954525,0.049573154375778763,17.1803843980353,0.5082778409125177
1547,55800.0,K_I_769.8964,769.89645,0.4984931955549362,weak_resonance,detected,769.7869035428647,306.4181561785135,2.4021039293463713,127.56240578728497,0.006755231541135234,673.3914832521957,673.1053362941398,-0.02023687623307069,0.020201614512987586,0.3666666666663332,0.11505460774001795,9.303308514226355,0.4791108159675225
1548,55900.0,K_I_693.8764,693.876396,0.00655092165605007,weak_anchor,detected,693.7675188407143,10.732248352394395,1.311205434324743,8.185024307744262,0.0002376673798509912,28.26777091978522,28.247102763934688,-0.0008521740135165601,-0.05655416111177271,0.29999999999972715,0.15407542746811875,5.078276810601011,0.33983020624836063
1548,55900.0,K_I_766.4899,766.48991,1.0,strong_resonance,detected,766.3810328407143,467.24681564924185,1.6411623150320638,284.7048164398737,0.010347256490230121,875.6499811603762,870.4960922764732,0.018967159253747923,0.021330533862326674,0.46666666666624224,0.05741317444214633,6.356194314548174,0.5139954819676098
1548,55900.0,K_I_769.8964,769.89645,0.4984931955549362,weak_resonance,detected,769.7875728407142,327.3616956021382,0.8186602190871365,399.87492731376324,0.0072494778263288906,720.2154302936183,720.0557044328731,0.0124271592507057,0.018557191982484483,0.3666666666663332,0.1084917873386055,3.1706573947298784,0.5141649424687519
1549,56000.0,K_I_693.8764,693.876396,0.00655092165605007,weak_anchor,detected,693.7668495428647,12.36977217515163,0.9567570224340667,12.928854333027978,0.0002749657848640758,36.90739785828191,35.89681589927837,-0.03351620949729295,0.022677008101247616,0.26666666666642413,0.16507902287617984,3.705504014257506,0.3931615665565286
1549,56000.0,K_I_766.4899,766.48991,1.0,strong_resonance,detected,766.3803635428648,490.6291510827074,1.6814561218631356,291.7882570370414,0.010906120799512475,922.9398143135195,914.2213513306575,0.01963645710327455,0.02624814714081126,0.46666666666624224,0.05601881650695663,6.512251557360355,0.5417568243365076
1549,56000.0,K_I_769.8964,769.89645,0.4984931955549362,weak_resonance,detected,769.7869035428647,339.2746153555757,2.119872406758453,160.0448282990619,0.007541683838211818,760.5616977944846,760.2079853371773,0.013096457100232328,0.014459650750227393,0.3666666666663332,0.11644384821291236,8.210230527467592,0.5348894816546164
1550,56100.0,K_I_693.8764,693.876396,0.00655092165605007,weak_anchor,detected,693.7667089635142,8.571716490056394,1.4095570563164923,6.081141910251102,0.00025723461623550735,21.274167996903998,19.283194259379652,0.06662436985311615,-0.05443431156937167,0.33333333333303017,0.09367004859729075,5.45919100464789,0.36780854294912946
1550,56100.0,K_I_766.4899,766.48991,1.0,strong_resonance,detected,766.3802229635143,404.59257278405545,1.9998006583045078,202.31645144425616,0.012141700593174702,667.4316269865053,662.2265083001386,0.0197770364537746,0.016535044666648027,0.5333333333328483,0.04435407669105306,7.745194645355032,0.6031337151241769
1550,56100.0,K_I_769.8964,769.89645,0.4984931955549362,weak_resonance,detected,769.7867629635142,303.26261385815394,3.861577850145366,78.53334197230747,0.009100819209883346,598.8546733047947,597.628929992419,0.013237036450732376,0.018734943040553925,0.4333333333329392,0.08067102232083137,14.955826703710045,0.6454702390389647
1551,56200.0,K_I_693.8764,693.876396,0.00655092165605007,weak_anchor,detected,693.7665683841637,15.75617964899779,1.51049617867353,10.431128440744795,0.0005398886313192034,27.29092413943863,26.735217116042428,0.03343161587031318,0.013437368462643805,0.4333333333329392,0.07083292172069112,5.850126544517845,0.7719631741107228
1551,56200.0,K_I_766.4899,766.48991,1.0,strong_resonance,detected,766.3800823841638,369.05551344519995,2.484430146407399,148.54734957184098,0.012645760614147896,571.3889263033922,568.7128601047128,0.019917615804274647,0.021321010334241445,0.5999999999994543,0.03782689160722501,9.62215658186026,0.6281726782218201
1551,56200.0,K_I_769.8964,769.89645,0.4984931955549362,weak_resonance,detected,769.7866223841637,256.0430556456477,0.39948183179078145,640.9379232539011,0.008773366256972587,499.15074332501763,497.5773555352137,0.013377615801232423,0.036756733775061785,0.4333333333329392,0.07256181278408541,1.5471864816395364,0.6222458313329212
1552,56300.0,K_I_693.8764,693.876396,0.00655092165605007,weak_anchor,detected,693.7667089635142,13.627431107535804,1.2257957828673869,11.11721160898307,0.0003876434223790978,36.55717661736705,36.55666590404699,-4.229681348988379e-05,-0.009546338722656339,0.33333333333303017,0.15051365254709434,4.7474866529009905,0.5542743992065757
1552,56300.0,K_I_766.4899,766.48991,1.0,strong_resonance,detected,766.3802229635143,434.3343896935441,4.877390143478803,89.05057354787589,0.012354996913881835,800.1324338078302,799.2225368158278,0.0197770364537746,0.012957296933317848,0.46666666666624224,0.07031491828099973,18.89005079866679,0.6137291174192003
1552,56300.0,K_I_769.8964,769.89645,0.4984931955549362,weak_resonance,detected,769.7867629635142,279.7671704624637,0.9059519212104739,308.8101740417494,0.007958205957644826,635.1750540054339,630.8101662362886,-0.02009629688257064,0.01904038029950729,0.3999999999996362,0.11179963804834456,3.50873670331597,0.5644310675047638
1553,56400.0,K_I_693.8764,693.876396,0.00655092165605007,weak_anchor,detected,693.7668495428647,10.296992727540617,1.424403090088714,7.22898791724701,0.0003304381755959791,27.779103988704264,27.283464161438875,-0.03351620949729295,0.03057709434456707,0.26666666666642413,0.1970340229367463,5.516689446204989,0.47247911528926323
1553,56400.0,K_I_766.4899,766.48991,1.0,strong_resonance,detected,766.3803635428648,378.0811891870229,1.6660938830795846,226.92670144624918,0.012132907314576452,685.5531832893598,680.35259010529,0.01963645710327455,0.029691198357378535,0.49999999999954525,0.04724938838500515,6.4527538623911465,0.6026969128205469
1553,56400.0,K_I_769.8964,769.89645,0.4984931955549362,weak_resonance,detected,769.7869035428647,261.07823090072657,3.167942302805938,82.41255867238554,0.008378195128362206,577.2555627084607,574.0522381801215,-0.02023687623307069,0.022450321737955397,0.3666666666663332,0.13376546595027025,12.26938778052453,0.5942185519240042
1554,56500.0,K_I_693.8764,693.876396,0.00655092165605007,weak_anchor,detected,693.7675188407143,18.192815369503556,1.8518191903285646,9.824293572784306,0.0005815575237146332,37.60114462204979,37.57598622814945,-0.0008521740135165601,0.07897683113175204,0.33333333333303017,0.11337804001903219,7.172064884336357,0.8315437034444398
1554,56500.0,K_I_766.4899,766.48991,1.0,strong_resonance,detected,766.3810328407143,409.6002098715544,1.2481409188981087,328.1682409973067,0.013093415116233072,673.8978964389983,658.8957731136287,0.05230049258705094,0.016470038076780852,0.5333333333328483,0.06813534192046335,4.834028992616794,0.650409721613128
1554,56500.0,K_I_769.8964,769.89645,0.4984931955549362,weak_resonance,detected,769.7875728407142,289.642514056799,1.340383419108307,216.0892994703592,0.009258807931383372,595.4814033742114,594.6410808525634,0.0124271592507057,0.020331461852699125,0.4333333333329392,0.0889235793212441,5.1912826597437505,0.6566754960032318
1555,56600.0,K_I_693.8764,693.876396,0.00655092165605007,weak_anchor,detected,693.7671841917895,7.413284383519155,0.6066223911363793,12.220591412117065,0.00022530800493098148,19.306805980873392,19.301201500238264,-0.0005175250887532457,0.04261990621597612,0.33333333333303017,0.19488759283974338,2.3494384183098553,0.3221580758499819
1555,56600.0,K_I_766.4899,766.48991,1.0,strong_resonance,detected,766.3806981917895,376.9475659428452,2.839198223137601,132.76549797438238,0.011456366659153483,655.7989533467548,649.8410429674001,0.019301808178511237,0.014370935023815519,0.49999999999954525,0.05238488430430149,10.996167434803619,0.5690900489544441
1555,56600.0,K_I_769.8964,769.89645,0.4984931955549362,weak_resonance,detected,769.7872381917895,253.06606833001354,3.684240160393803,68.68880890299064,0.007691302265150106,533.0955502090192,532.8061441626577,-0.020571525157834003,0.011070203820249763,0.4333333333329392,0.10026209799069195,14.26900078464672,0.5455010804099913
1556,56700.0,K_I_693.8764,693.876396,0.00655092165605007,weak_anchor,detected,693.7671841917895,17.5355922971215,2.319095576257497,7.561392672491762,0.0004563446436682289,33.232329835844666,32.82494186460081,0.03281580824454977,0.029099888429549865,0.4333333333329392,0.06655238250712313,8.981818545116749,0.6525072749795878
1556,56700.0,K_I_766.4899,766.48991,1.0,strong_resonance,detected,766.3806981917895,470.87200069383925,2.914323911006464,161.57160805479006,0.012253929706454744,835.4540697071534,825.903087143513,0.019301808178511237,0.01731469542957262,0.49999999999954525,0.061292228236863526,11.287127972792366,0.608708647689697
1556,56700.0,K_I_769.8964,769.89645,0.4984931955549362,weak_resonance,detected,769.7872381917895,331.20196742041884,6.571415676859979,50.400398286580035,0.008619169586276117,705.0400187007635,703.8464777286022,0.012761808175469014,0.018760265766106763,0.4333333333329392,0.09530383243339664,25.450983477508185,0.6113095233371119
1557,56800.0,K_I_693.8764,693.876396,0.00655092165605007,weak_anchor,detected,693.7681106522307,17.537770154939174,1.7917405222980805,9.7881193937866,0.00040925333799990345,38.454106939564895,38.38737244100827,-0.001443985529931524,0.08023440084885354,0.3666666666663332,0.11244042621109615,6.939381203591755,0.585173473732631
1557,56800.0,K_I_766.4899,766.48991,1.0,strong_resonance,detected,766.3816246522307,484.30576016063617,2.814706315190145,172.06262605337542,0.011301536467137515,847.8623353987132,841.547628226557,0.01837534773733296,0.012804556013159914,0.46666666666624224,0.049339643527554204,10.901310683206189,0.5613989262647219
1557,56800.0,K_I_769.8964,769.89645,0.4984931955549362,weak_resonance,detected,769.7881646522306,335.42903591165407,1.7407433349306705,192.69298878287154,0.00782741770454056,711.1954053809068,708.672210523001,-0.02149798559901228,0.03268985918456335,0.3999999999996362,0.12514074655987967,6.741869946214178,0.5551549877313056
1558,56900.0,K_I_693.8764,693.876396,0.00655092165605007,weak_anchor,detected,693.7689390887879,8.774588324849187,0.6126060965733865,14.323377409937423,0.0002198497764431919,24.306393002599464,20.840282777267863,0.09772757791279219,0.044093001365765404,0.3666666666663332,0.12873584822292058,2.372613209816016,0.31435359332520657
1558,56900.0,K_I_766.4899,766.48991,1.0,strong_resonance,detected,766.3824530887878,441.6379727995308,4.25802981685787,103.71885397585801,0.011065363524102438,816.1387611143236,815.1195242213339,0.017546911180261304,0.01708446326154279,0.46666666666624224,0.06885406082233346,16.491278568360144,0.5496671376695864
1558,56900.0,K_I_769.8964,769.89645,0.4984931955549362,weak_resonance,detected,769.7889930887877,307.78785697806734,0.926180374444892,332.31956265812755,0.00771171125566398,676.3507826452515,673.2356105714114,-0.022326422156083936,0.016738936420655087,0.3999999999996362,0.12808052098842138,3.5870811658124784,0.5469485760344762
1559,57000.0,K_I_693.8764,693.876396,0.00655092165605007,weak_anchor,detected,693.7690393768311,17.71451378753154,0.5311398787207847,33.35188054452958,0.00045040854327606716,32.86217260684185,32.694963065675644,0.030960623202986426,0.08729751175900358,0.46666666666624224,0.06958694019008535,2.0570959047940973,0.6440195042899625
1559,57000.0,K_I_766.4899,766.48991,1.0,strong_resonance,detected,766.3825533768311,414.2966547549689,1.3084962458855656,316.62043819971433,0.010533890740127153,762.3721639059211,760.1200223762069,0.017446623136947892,0.021139565030058895,0.46666666666624224,0.06011974177531019,5.06778416889433,0.5232664574496677
1559,57000.0,K_I_769.8964,769.89645,0.4984931955549362,weak_resonance,detected,769.789093376831,282.3184201417548,0.9997036353597779,282.4021141427107,0.007178217244977381,633.2066803410671,631.7243273227244,-0.02242671019939735,0.021093608617128907,0.3666666666663332,0.12893322912494953,3.871835530894953,0.5091108277326781
1560,57100.0,K_I_693.8764,693.876396,0.00655092165605007,weak_anchor,detected,693.7700104291292,11.095806739876693,0.9108069815479707,12.182390961714752,0.00024202687851030143,24.850113773479052,24.449501441334316,-0.03667709576177458,0.06961991775875968,0.46666666666624224,0.16408166160604054,3.5275402711479447,0.3460636629787781
1560,57100.0,K_I_766.4899,766.48991,1.0,strong_resonance,detected,766.3835244291292,531.4501161888354,2.8134152193640363,188.8985715762809,0.011592236213240882,991.3342229525056,979.4682575055703,0.01647557083879292,0.018241445420136178,0.4333333333329392,0.07128347658292244,10.89631029057331,0.5758393101720255
1560,57100.0,K_I_769.8964,769.89645,0.4984931955549362,weak_resonance,detected,769.7900644291292,359.6459725333601,1.8401002096826053,195.4491231732399,0.007844764616188517,837.7005573217998,831.5054898926702,-0.02339776249755232,0.030132225293658006,0.3666666666663332,0.14509152286346183,7.126677467459988,0.5563853072168125
1561,57200.0,K_I_693.8764,693.876396,0.00655092165605007,weak_anchor,detected,693.7690393768311,18.665086813484876,1.9530426401872518,9.556927447162815,0.00041739232972541867,40.30217149739178,40.23148168106141,-0.002372710130316591,0.0709343779336355,0.3666666666663332,0.1413676253373739,7.56410161988507,0.5968110625278188
1561,57200.0,K_I_766.4899,766.48991,1.0,strong_resonance,detected,766.3825533768311,516.3794565196104,1.6156043627401995,319.61999387262597,0.011547378618316992,980.3901877547489,973.9325560580662,0.017446623136947892,0.01968745571156743,0.46666666666624224,0.055580104592350056,6.25720879095853,0.5736110285840913
1561,57200.0,K_I_769.8964,769.89645,0.4984931955549362,weak_resonance,detected,769.789093376831,362.1741260707314,1.658113758222976,218.42537900347594,0.008099008794200516,849.6323605761218,845.9115027231375,-0.02242671019939735,0.02607071913533875,0.3666666666663332,0.14235750198984895,6.421846971720817,0.57441742570758
1562,57300.0,K_I_693.8764,693.876396,0.00655092165605007,weak_anchor,detected,693.7700104291292,19.55559379400215,1.8034434185306913,10.843475094957268,0.00045497541985967197,38.83479970337544,38.732615094776236,-0.003343762428471564,-0.00897178611976216,0.4333333333329392,0.08183873579211016,6.984706325803092,0.6505494816570301
1562,57300.0,K_I_766.4899,766.48991,1.0,strong_resonance,detected,766.3835244291292,472.6909983640468,0.9153710240543034,516.3927914939165,0.010997507296890729,771.9303679021959,771.0924596158915,-0.016857762494510098,0.013917456402301178,0.5333333333328483,0.051358942915048916,3.54521673176637,0.5462964089896588
1562,57300.0,K_I_769.8964,769.89645,0.4984931955549362,weak_resonance,detected,769.7900644291292,350.66032330163296,4.985162791937648,70.34079686800705,0.008158372970051233,725.898308473098,725.8141039348377,0.009935570835750696,0.014307636607613236,0.4333333333329392,0.10100681656844192,19.30745247132494,0.578627794894466
1563,57400.0,K_I_693.8764,693.876396,0.00655092165605007,weak_anchor,detected,693.7712638192843,18.344491488126835,2.8423927186972975,6.453890543504605,0.00048630277176932155,39.79875929926766,39.75040123056488,-0.004597152583528441,0.032777159887019014,0.33333333333303017,0.146283180282491,11.008539662905868,0.6953430939202941
1563,57400.0,K_I_766.4899,766.48991,1.0,strong_resonance,detected,766.3847778192842,458.5257204051594,1.8079176753266077,253.62090689352038,0.012155274454180187,804.2687210689751,800.947222014282,0.015222180683849729,0.015794135444514502,0.49999999999954525,0.0509407275343781,7.002035047860348,0.6038079907871281
1563,57400.0,K_I_769.8964,769.89645,0.4984931955549362,weak_resonance,detected,769.7913178192841,318.1556506413353,1.4419401718533364,220.64414103423408,0.008434138109584188,687.766210527238,686.512186477925,-0.02465115265249551,0.017414746228401248,0.3999999999996362,0.11516889308191328,5.5846102718205115,0.5981862748980735
1564,57500.0,K_I_693.8764,693.876396,0.00655092165605007,weak_anchor,detected,693.7716941030936,12.673187487963522,2.315837255900187,5.4723998656103054,0.00030966667960768464,35.19931741873643,35.1930955538997,-0.005027436392879281,0.04929465936708794,0.33333333333303017,0.128823141700628,8.969199124636265,0.442778860377484
1564,57500.0,K_I_766.4899,766.48991,1.0,strong_resonance,detected,766.3852081030936,566.1325459792974,3.036805292867641,186.42372209668443,0.013833330083513597,913.9859295232272,910.640007092102,0.014791896874385202,0.014264655086534815,0.5666666666661513,0.03854473680027247,11.761496324961607,0.6871646769562659
1564,57500.0,K_I_769.8964,769.89645,0.4984931955549362,weak_resonance,detected,769.7917481030936,405.00943687379794,2.823796992980435,143.42724986271847,0.009896320688509028,826.8507783582411,826.1928404322165,-0.02508143646196004,0.02191803170139471,0.4333333333329392,0.10348710962904725,10.936518726893754,0.7018907125944381
1565,57600.0,K_I_693.8764,693.876396,0.00655092165605007,weak_anchor,detected,693.7721416379381,25.99342123962937,3.2273580761960696,8.054086539497519,0.0007236060104968113,55.50096933963596,55.45002548672305,-0.005474971237390491,0.053846451964688624,0.3666666666663332,0.12606105953680144,12.499504081366753,1.0346526306801427
1565,57600.0,K_I_766.4899,766.48991,1.0,strong_resonance,detected,766.385655637938,542.6993736262147,1.7295445345690665,313.78167071103127,0.015107689173677353,851.1853032957426,846.0705290515053,0.014344362029987678,0.012243029267415294,0.5666666666661513,0.04498773907708885,6.698497178916145,0.7504679124918873
1565,57600.0,K_I_769.8964,769.89645,0.4984931955549362,weak_resonance,detected,769.792195637938,388.82535296210756,5.307590054811345,73.25836188302378,0.010824137378575292,782.3868482975831,778.9221915384455,-0.025528971306357562,0.00553216102312944,0.4333333333329392,0.10989136747238,20.556207890799147,0.7676955645434848
1566,57700.0,K_I_693.8764,693.876396,0.00655092165605007,weak_anchor,detected,693.7725891727825,20.41195030546426,3.631524005057489,5.620767004992199,0.0005025024978647302,34.73423318346249,34.459173867220656,-0.005922506081788015,0.14451984941772017,0.3999999999996362,0.12671146030059913,14.064831992952904,0.7185063747357817
1566,57700.0,K_I_766.4899,766.48991,1.0,strong_resonance,detected,766.3861031727826,498.7779920573423,2.2612020776817534,220.58090118540102,0.012278943615773636,839.3599913406451,831.6206513089494,0.013896827185476468,0.014970758377724316,0.49999999999954525,0.06341710945644889,8.757597989279006,0.6099512027948495
1566,57700.0,K_I_769.8964,769.89645,0.4984931955549362,weak_resonance,detected,769.7926431727825,343.46600779201725,2.7167691182542004,126.42443757338091,0.008455464777459933,703.7435092857622,703.1507802816905,-0.025976506150868772,0.01783924518000866,0.4333333333329392,0.10519416891640854,10.522001550498695,0.5996988562486306
1567,57800.0,K_I_693.8764,693.876396,0.00655092165605007,weak_anchor,detected,693.7740189403573,12.440904170627508,0.8526106165983768,14.591542643771477,0.0003213828439603644,38.29644150917534,38.02971849811906,-0.0073522736565792,0.05148117019388241,0.26666666666642413,0.17494299086709386,3.3021467188881535,0.4595312920780696
1567,57800.0,K_I_766.4899,766.48991,1.0,strong_resonance,detected,766.3875329403575,473.50624999956887,2.0234201895994786,234.01281277780274,0.012231971500684993,817.4803296560813,811.6727368471821,0.012467059610571596,0.01475699803174107,0.49999999999954525,0.05837617847643378,7.836672696705762,0.6076178833340995
1567,57800.0,K_I_769.8964,769.89645,0.4984931955549362,weak_resonance,detected,769.7940729403574,341.80921181541714,1.639029532548551,208.54365649161488,0.008829874025108621,694.1515806939661,693.0616151978686,0.0059270596075293724,0.01890688559427158,0.4333333333329392,0.08133945787577147,6.347934083508439,0.6262536114860215
1568,57900.0,K_I_693.8764,693.876396,0.00655092165605007,weak_anchor,detected,693.7750643116294,17.709903507330925,0.7732468199234779,22.903299504139614,0.0004951629400695342,47.134272852703425,45.95794560164583,-0.04173097826196681,0.010677701939071457,0.29999999999972715,0.1835625600401534,2.9947720560741993,0.7080118616020189
1568,57900.0,K_I_766.4899,766.48991,1.0,strong_resonance,detected,766.3885783116294,498.7429205572036,0.5902000222183474,845.0404977665202,0.013944684158202422,752.0779945922664,749.5267576183945,0.011421688338600688,0.012005378531009228,0.5999999999994543,0.03552211757564229,2.285834856984986,0.6926961423589822
1568,57900.0,K_I_769.8964,769.89645,0.4984931955549362,weak_resonance,detected,769.7951183116294,349.94521542823395,2.639823474204123,132.56386983744756,0.009784350415177728,671.4193497119606,670.9138869754306,0.004881688335558465,0.01580933997559235,0.46666666666624224,0.07439364446431396,10.22399235252927,0.6939492869463026
1569,58000.0,K_I_693.8764,693.876396,0.00655092165605007,weak_anchor,detected,693.7750463026355,21.15096310979045,1.8311977067982086,11.550343816655516,0.0007713020874325794,42.00142999691889,41.18140306851478,0.024953697398586883,-0.051929489482494,0.3666666666663332,0.09675923031131957,7.092198222049125,1.1028511679488329
1569,58000.0,K_I_766.4899,766.48991,1.0,strong_resonance,detected,766.3885603026354,438.901630687313,1.0423843870660636,421.05545337518237,0.016005216508083706,661.1046726353188,645.3909886567913,0.04477303066596505,0.01024926734197695,0.5999999999994543,0.05023561362437083,4.0371373714571614,0.7950521938676202
1569,58000.0,K_I_769.8964,769.89645,0.4984931955549362,weak_resonance,detected,769.7951003026353,307.875000412979,1.2805183956587844,240.4299707499223,0.011227130852349616,552.1677797285583,550.7557735220882,0.004899697329619812,0.0138233350618665,0.49999999999954525,0.055588558968832476,4.959426420903222,0.7962776391731806
1570,58100.0,K_I_693.8764,693.876396,0.00655092165605007,weak_anchor,detected,693.772799379928,12.653225462691095,2.3030374549085115,5.494146626110233,0.0003087096374620542,38.99581797367546,38.56737880155849,-0.0061327132272026574,0.039010568403662065,0.29999999999972715,0.16511607113553145,8.919625708560691,0.4414104276125758
1570,58100.0,K_I_766.4899,766.48991,1.0,strong_resonance,detected,766.386313379928,539.7166948010813,1.8488410431811915,291.9216320903514,0.01316784765082531,953.1979784164355,952.3166990885065,0.013686620040061825,0.005895393871845427,0.46666666666624224,0.06566711085357191,7.160530570032014,0.654107125512213
1570,58100.0,K_I_769.8964,769.89645,0.4984931955549362,weak_resonance,detected,769.7928533799279,373.89046448564227,2.539591199545636,147.2246653526504,0.009122068525706434,818.3093438637659,815.9673589220491,-0.026186713296283415,0.012567747101219467,0.3666666666663332,0.12368803741397874,9.835794422024112,0.6469773342407733
1571,58200.0,K_I_693.8764,693.876396,0.00655092165605007,weak_anchor,detected,693.7715461571411,12.898667638206737,2.209698859815622,5.837296598543299,0.00029958169307030106,31.805108582479534,31.733090505050086,-0.004879490440316658,0.025945077523913306,0.3999999999996362,0.09653025435339212,8.558126884207207,0.42835877859276567
1571,58200.0,K_I_766.4899,766.48991,1.0,strong_resonance,detected,766.3850601571411,465.1310741281717,2.5439823942132893,182.83580703474584,0.010803034747106489,862.1247481576638,858.3144074019068,0.014939842826947825,0.010447799138525395,0.46666666666624224,0.061625488618765566,9.852801445841902,0.5366360693575833
1571,58200.0,K_I_769.8964,769.89645,0.4984931955549362,weak_resonance,detected,769.791600157141,335.7228419141894,1.7801345767459813,188.59407951497582,0.00779742685090293,714.4061375448266,712.0543873787803,-0.024933490509397416,0.015042939594648785,0.3999999999996362,0.12310143781468248,6.894431569751444,0.5530279041116859
1572,58300.0,K_I_693.8764,693.876396,0.00655092165605007,weak_anchor,detected,693.7716201301173,20.541652776526643,1.72458853952274,11.911045623793434,0.0005288466563012093,51.677707882288814,48.064329486481284,0.06171320325006491,0.055040914647015264,0.29999999999972715,0.12617119834454424,6.679302692637818,0.7561747362943645
1572,58300.0,K_I_766.4899,766.48991,1.0,strong_resonance,detected,766.3851341301174,675.0766027444325,7.354939635918329,91.78547155542266,0.01737990647551679,1098.112404438738,1091.2311743928426,0.01486586985060967,0.006286013072247772,0.5333333333328483,0.045175228536041855,28.48555872229844,0.863339322251261
1572,58300.0,K_I_769.8964,769.89645,0.4984931955549362,weak_resonance,detected,769.7916741301174,480.04574546770357,8.365360095542675,57.384946970003945,0.012358819912111425,972.2857359794207,970.5856208872335,-0.02500746348573557,0.009464300755297592,0.4333333333329392,0.10382654172441777,32.39890033509433,0.8765420187939685
1573,58400.0,K_I_693.8764,693.876396,0.00655092165605007,weak_anchor,detected,693.772052429184,27.45162554182056,1.1646854054907807,23.569991872829267,0.000655363807691562,51.78343929391292,49.088825651907754,0.06128090418337706,0.01923901230028141,0.4333333333329392,0.0617280291417802,4.510807179040729,0.9370760853894509
1573,58400.0,K_I_766.4899,766.48991,1.0,strong_resonance,detected,766.3855664291839,592.5631573353782,2.1801730306361016,271.79638909783597,0.014146500960295884,935.0017260465634,928.8291994927881,0.014433570784149197,0.017002619784278472,0.5999999999994543,0.04633347044362525,8.443773839511852,0.702721304541744
1573,58400.0,K_I_769.8964,769.89645,0.4984931955549362,weak_resonance,detected,769.7921064291838,414.2319293806433,1.1691022751988895,354.3162460360224,0.009889127115359773,794.9419013324006,793.5343761703499,0.007893570781106973,0.018578986271486905,0.4333333333329392,0.06962645610043498,4.527913641862618,0.7013805126582444
1574,58500.0,K_I_693.8764,693.876396,0.00655092165605007,weak_anchor,low_snr,693.7716201301173,20.117597323885626,4.139971740116014,4.859356195344916,0.00045387412215344095,55.716201201080366,55.60351720407725,0.02837986991676189,0.023516837760151864,0.3666666666663332,0.11381221586110951,16.034041603253243,0.648974784166428
1574,58500.0,K_I_766.4899,766.48991,1.0,strong_resonance,detected,766.3851341301174,776.8752897371387,7.273638198433926,106.80697452127964,0.017527122373281506,1310.64235413781,1302.0105617561678,0.01486586985060967,0.008666934326141563,0.5333333333328483,0.048988007631168534,28.170679608898332,0.8706522081738547
1574,58500.0,K_I_769.8964,769.89645,0.4984931955549362,weak_resonance,detected,769.7916741301174,533.8985531733472,2.3026627937309767,231.86137137703858,0.012045312033998978,1090.8119948205194,1089.3290618704752,0.008325869847567446,0.015327935337375477,0.4333333333329392,0.0825447640471339,8.918174652059628,0.8543066572996889
1575,58600.0,K_I_693.8764,693.876396,0.00655092165605007,weak_anchor,detected,693.7701841387105,12.76634269303901,0.4815556359959348,26.510628759719843,0.0004406732410251503,27.02022292759358,26.019369281796877,-0.03685080534307872,0.042597074312168214,0.33333333333303017,0.14127173148420424,1.8650569584862726,0.6300994207938873
1575,58600.0,K_I_766.4899,766.48991,1.0,strong_resonance,detected,766.3836981387105,339.1682331520462,1.218922385562182,278.2525263047143,0.011707531918078782,587.07753346444,585.9060944248002,0.01630186125748878,0.010567372458244184,0.49999999999954525,0.06030553786775231,4.720866099606041,0.5815665743442151
1575,58600.0,K_I_769.8964,769.89645,0.4984931955549362,weak_resonance,detected,769.7902381387105,248.2872177081826,4.092478099233939,60.669162225855004,0.008570468110043831,528.1079261119457,527.4183635395513,0.009761861254446558,0.0053392195659716655,0.4333333333329392,0.09738220424636584,15.850099523066044,0.6078553998367718
1576,58700.0,K_I_693.8764,693.876396,0.00655092165605007,weak_anchor,low_snr,693.76995394386,14.396153666698558,3.022696369936104,4.762685994492684,0.00035899235383066484,33.21443607722222,33.17634327107331,-0.0032872771591883065,-0.008247705354048694,0.3666666666663332,0.08399251287115214,11.706852701414789,0.5133074876339639
1576,58700.0,K_I_766.4899,766.48991,1.0,strong_resonance,detected,766.38346794386,470.2805858607768,1.5870004868195369,296.33298147453814,0.011727238982559509,784.9817331765707,782.9270831184789,0.016532056108076176,0.013161960903619183,0.49999999999954525,0.05182969892854758,6.146426455880719,0.5825455142318561
1576,58700.0,K_I_769.8964,769.89645,0.4984931955549362,weak_resonance,detected,769.7900079438599,336.43856774073356,3.7271660597172676,90.26658923972249,0.008389662693866028,661.8806290756593,659.0840038307778,-0.023341277228269064,0.01379305036709553,0.4333333333329392,0.10759409755181584,14.435252077847624,0.5950318822491367
1577,58800.0,K_I_693.8764,693.876396,0.00655092165605007,weak_anchor,detected,693.76995394386,16.591664977156256,1.4374486977134584,11.542439743100763,0.0004941802601388005,43.04968897153594,40.2930526397724,0.06337938950741773,0.05825085237763854,0.3666666666663332,0.08100158628226763,5.567214867276827,0.7066067704879302
1577,58800.0,K_I_766.4899,766.48991,1.0,strong_resonance,detected,766.38346794386,467.5733552751805,3.9886971327958634,117.22458229046751,0.013926602463465615,782.8193184374722,781.3608903360143,0.016532056108076176,0.004980906607538744,0.5333333333328483,0.056408347977499135,15.448157568397702,0.6917979420089849
1577,58800.0,K_I_769.8964,769.89645,0.4984931955549362,weak_resonance,detected,769.7900079438599,322.88866438565236,0.7305677397361767,441.96950785460933,0.009617190582238984,676.8533993706341,675.5371910580396,-0.023341277228269064,0.007391455977925328,0.4333333333329392,0.11193827805276699,2.8294766892771803,0.6820935743080919
1578,58900.0,K_I_693.8764,693.876396,0.00655092165605007,weak_anchor,detected,693.7686981946678,13.102370824272533,1.176906875672139,11.132886632843984,0.0003177708294058795,39.97025011624203,39.932172243130815,-0.002031527967005786,0.051112177275286504,0.29999999999972715,0.17808600027527613,4.558140729519343,0.454366630222529
1578,58900.0,K_I_766.4899,766.48991,1.0,strong_resonance,detected,766.3822121946678,538.7291790957263,3.7473313948388496,143.76342050711366,0.013065758889166721,1055.8611359895003,1049.401953068244,0.017787805300258697,0.01858259099720986,0.4333333333329392,0.05993108292525214,14.513352084944273,0.6490359105189702
1578,58900.0,K_I_769.8964,769.89645,0.4984931955549362,weak_resonance,detected,769.7887521946677,366.4711240314931,1.1935126103559397,307.05257812248914,0.008887997034938006,873.8983071810145,868.913521194807,-0.022085528036086544,0.02059905073413616,0.3666666666663332,0.14908547402503206,4.622454463401301,0.6303759517043059
1579,59000.0,K_I_693.8764,693.876396,0.00655092165605007,weak_anchor,detected,693.7645136725718,8.832831228341208,1.569288659380757,5.6285573565711315,0.0002749581370611749,28.55849586956549,27.62759141638751,-0.031180339204297525,0.05192265447007117,0.26666666666642413,0.24549556526714797,6.077828843179362,0.3931506312971809
1579,59000.0,K_I_766.4899,766.48991,1.0,strong_resonance,detected,766.3780276725718,395.44041334751813,3.127005602554076,126.4597712983086,0.012309706430692643,750.6983978257967,744.1231963721522,0.021972327396269975,0.017261907318282536,0.46666666666624224,0.05421043012416925,12.11084062220024,0.6114793322942879
1579,59000.0,K_I_769.8964,769.89645,0.4984931955549362,weak_resonance,detected,769.7845676725717,282.24794872416584,1.1014674419578891,256.2472007547152,0.008786126233401272,669.9425434277241,665.556045751663,-0.017901005940075265,0.027608252906156785,0.3666666666663332,0.15001758643459664,4.265965059096469,0.6231508251412381
1580,59100.0,K_I_693.8764,693.876396,0.00655092165605007,weak_anchor,detected,693.7643107066749,21.937464177935766,2.7917613871619453,7.857929506015913,0.0005862508425663124,42.6584979521117,40.96831401562006,0.03568929335915527,0.07046062879648,0.33333333333303017,0.10823402775090346,10.812445359072964,0.8382544750882196
1580,59100.0,K_I_766.4899,766.48991,1.0,strong_resonance,detected,766.3778247066749,454.7788347558007,1.7240762795329247,263.78115641090216,0.01215338622980267,816.9866976202843,816.6152230398924,-0.011158040040186279,0.02180146541848321,0.49999999999954525,0.068135928005276,6.677318718228333,0.6037141940594737
1580,59100.0,K_I_769.8964,769.89645,0.4984931955549362,weak_resonance,detected,769.7843647066749,311.1851453231331,1.1218946226057545,277.3746651894657,0.008316027420493474,740.5517614802858,734.2203130267978,-0.017698040043228502,0.021273531768690408,0.33333333333303017,0.13223874640913777,4.345079189555694,0.5898093438809571
1581,59200.0,K_I_693.8764,693.876396,0.00655092165605007,weak_anchor,detected,693.7641351811753,14.888834417260064,1.6398948312534227,9.079139792080486,0.0002773076424704603,37.32206605720444,37.2671666125435,0.0025314855254237045,0.040319244057086465,0.33333333333303017,0.11656395867058715,6.351285370981905,0.39651008646650066
1581,59200.0,K_I_766.4899,766.48991,1.0,strong_resonance,detected,766.3776491811755,492.9288967128074,0.9304545074029344,529.7721627343828,0.009180903381834289,998.7493781872618,998.2846867524692,-0.010982514540728516,0.022061420844516684,0.46666666666624224,0.07985090603711077,3.603634811578468,0.45605739676982004
1581,59200.0,K_I_769.8964,769.89645,0.4984931955549362,weak_resonance,detected,769.7841891811754,353.81757851248415,4.575796631877233,77.3237114708329,0.006589926102486669,864.7464532798067,858.6303975952777,-0.01752251454377074,0.024084907328612758,0.33333333333303017,0.14994272539897543,17.721984150908632,0.46738662515148516
1582,59300.0,K_I_693.8764,693.876396,0.00655092165605007,weak_anchor,detected,693.7643805345865,26.995848408479727,1.3122257393204997,20.572564307768257,0.0005658184453553664,59.89517334833471,58.703786028997065,0.03561946544755301,0.026306238629684963,0.3666666666663332,0.07388065029224915,5.082228434857632,0.8090390827079209
1582,59300.0,K_I_766.4899,766.48991,1.0,strong_resonance,detected,766.3778945345864,607.2067953739958,4.317422726354498,140.64103375086992,0.012726727449684788,1104.81306619299,1096.636444294057,0.022105465381628164,0.023703218261882503,0.46666666666624224,0.055121913378788134,16.7213063177236,0.6321946706885644
1582,59300.0,K_I_769.8964,769.89645,0.4984931955549362,weak_resonance,detected,769.7844345345864,417.5001673770934,1.2627593102235055,330.62529335317026,0.008750578684043496,936.6915336836673,932.7275307419225,-0.017767867954717076,0.021970700572968703,0.3666666666663332,0.1347694640276192,4.89064577876845,0.6206296361524165
1583,59400.0,K_I_693.8764,693.876396,0.00655092165605007,weak_anchor,detected,693.7644809891547,20.225667071079428,1.9340896358367081,10.457461069186479,0.0005134116167108448,38.526370306913805,37.08806821724917,0.0688523442127007,0.012746095511184139,0.46666666666624224,0.06470083882435082,7.490696949674751,0.7341048473145063
1583,59400.0,K_I_766.4899,766.48991,1.0,strong_resonance,detected,766.3779949891547,590.8585884088823,2.0917394894165313,282.4723592007607,0.014998450338197035,1010.1034867557646,997.0370596001363,0.02200501081335915,0.02725121398012283,0.5333333333328483,0.057283637093353316,8.101272207122,0.7450415206801736
1583,59400.0,K_I_769.8964,769.89645,0.4984931955549362,weak_resonance,detected,769.7845349891546,418.48933659853026,2.512418256468781,166.5683392966263,0.01062300126488899,938.9923104622044,936.6340087309009,-0.01786832252298609,0.021750844208940134,0.3666666666663332,0.1264692430333659,9.730554066019915,0.7534301042166303
1584,59500.0,K_I_693.8764,693.876396,0.00655092165605007,weak_anchor,detected,693.7643795062063,10.571127223559404,1.0370523330350816,10.193436615316696,0.000316648261325198,36.96859461799568,36.838283814356345,0.0022871604944612045,0.02387898523472055,0.26666666666642413,0.19957692862341736,4.0164864149940716,0.4527615191524907
1584,59500.0,K_I_766.4899,766.48991,1.0,strong_resonance,detected,766.3778935062062,482.1181190421695,1.7616881089619116,273.66825977287283,0.014441398813917126,817.9005480508999,807.8930098114888,0.022106493761839374,0.0215346142905831,0.5333333333328483,0.05560811586368205,6.822988707227326,0.7173702276206666
1584,59500.0,K_I_769.8964,769.89645,0.4984931955549362,weak_resonance,detected,769.7844335062061,326.8706015762946,3.7922362302817727,86.19468348679514,0.009791104153659472,688.1415805537963,686.0606590938195,-0.017766839574505866,0.023732496748194557,0.3999999999996362,0.12170003589251248,14.687267764779058,0.6944282918679128
1585,59600.0,K_I_693.8764,693.876396,0.00655092165605007,weak_anchor,detected,693.7638779452993,12.837087956254923,2.5470334148321547,5.0400155261021045,0.0002844577992113317,30.106552349097,30.01615875733673,0.002788721401429939,-0.1165753123124085,0.33333333333303017,0.12553673546122443,9.864617997887715,0.4067337833048377
1585,59600.0,K_I_766.4899,766.48991,1.0,strong_resonance,detected,766.3773919452993,449.211908276465,3.3099048153782613,135.71747023943598,0.009954113521952121,824.5321049726972,824.446535855922,0.02260805466869442,0.020762793799930016,0.46666666666624224,0.07220595225478257,12.8192062275034,0.4944662753945413
1585,59600.0,K_I_769.8964,769.89645,0.4984931955549362,weak_resonance,detected,769.7839319452993,309.0080817420862,1.0192549476544464,303.1705486965641,0.006847328550712284,697.1113153740715,695.0686604817784,-0.01726527866765082,0.019069831258902246,0.3999999999996362,0.1270085072225122,3.947557437808773,0.48564274209587743
1586,59700.0,K_I_693.8764,693.876396,0.00655092165605007,weak_anchor,low_snr,693.7638158339264,6.00972345754458,1.7385646268786588,3.4567155943660084,0.00012009804493107556,15.349579347597228,15.330991519421081,0.002850832774356604,0.033747676303048216,0.3666666666663332,0.09666218154299851,6.733431846212481,0.17172294912554056
1586,59700.0,K_I_766.4899,766.48991,1.0,strong_resonance,detected,766.3773298339264,337.58045832575465,1.3954391742470535,241.91699972010977,0.006746192788781715,656.4526543300894,653.2820941190117,0.022670166041621087,0.015339471492361834,0.4333333333329392,0.07069885990205055,5.404512682509183,0.33511420318905755
1586,59700.0,K_I_769.8964,769.89645,0.4984931955549362,weak_resonance,detected,769.7838698339264,226.5768127063479,3.903695360792552,58.041622556414566,0.0045279008967685115,538.9220490791186,537.4368664429423,-0.017203167294724153,0.009894289078719124,0.3666666666663332,0.14600642171926798,15.118947121030459,0.32113870265744743
1587,59800.0,K_I_693.8764,693.876396,0.00655092165605007,weak_anchor,detected,693.7638158339264,17.02405753518903,1.0869747939566483,15.661869649452054,0.0004173831604881051,32.833199502906155,28.000739605654676,0.10285083277426565,0.10580798752363492,0.3999999999996362,0.08985932986796222,4.209835274745165,0.5967979518358535
1587,59800.0,K_I_766.4899,766.48991,1.0,strong_resonance,detected,766.3773298339264,508.70380435473066,1.460563775968143,348.2927707265186,0.012472020913640702,924.5557839305893,912.3682318861505,0.022670166041621087,0.016908988630109967,0.46666666666624224,0.059972844620040114,5.656739180403583,0.6195422338925989
1587,59800.0,K_I_769.8964,769.89645,0.4984931955549362,weak_resonance,detected,769.7838698339264,360.7398152070088,2.976643318777435,121.19013821083934,0.00884435005425541,781.1832715805131,780.4346199752191,-0.017203167294724153,0.015470037511881269,0.3666666666663332,0.1162142455439447,11.528490001235065,0.6272803153220416
1588,59900.0,K_I_693.8764,693.876396,0.00655092165605007,weak_anchor,detected,693.7638779452993,10.075706313871727,1.9589208341605149,5.143498470263408,0.0002838352729154797,23.875742539895782,23.112417078742993,0.036122054734732956,0.09958062275546428,0.3999999999996362,0.08736508129044578,7.586867767249315,0.40584366014343853
1588,59900.0,K_I_766.4899,766.48991,1.0,strong_resonance,detected,766.3773919452993,504.1303478497222,1.3383745145421473,376.6736009779619,0.014201483291538829,886.580841798972,884.4063252224341,0.02260805466869442,0.021195826990393567,0.49999999999954525,0.06106685039299268,5.183502205814887,0.705452528018576
1588,59900.0,K_I_769.8964,769.89645,0.4984931955549362,weak_resonance,detected,769.7839319452993,350.4223527279677,0.9357281747450714,374.4916121858106,0.009871489007702874,755.7960103839494,755.5638354288419,-0.01726527866765082,0.0158730536960048,0.3999999999996362,0.10904607584971564,3.624059637368021,0.7001295402674149
1589,60000.0,K_I_693.8764,693.876396,0.00655092165605007,weak_anchor,detected,693.7638013613625,12.995653019417604,0.7314057659094487,17.768048359939403,0.00035350335275616864,26.951328267471013,26.9050591285937,0.0028653053382186044,0.015905402032359288,0.3666666666663332,0.12197351213912028,2.8327223506899517,0.5054590047314597
1589,60000.0,K_I_766.4899,766.48991,1.0,strong_resonance,detected,766.3773153613625,447.6613897001604,6.125960611214373,73.07611297412811,0.012177133532423627,831.6669660714288,827.6036578265245,0.022684638605483087,0.017165450360260327,0.46666666666624224,0.061628322781658036,23.725743426777452,0.6048938310258148
1589,60000.0,K_I_769.8964,769.89645,0.4984931955549362,weak_resonance,detected,769.7838553613625,312.37791092912136,3.6579993606258254,85.39583530044096,0.008497198153522333,705.0166718949449,704.5810481146096,-0.017188694730862153,0.01792119807959641,0.3666666666663332,0.12065040397429366,14.167370604154085,0.6026587713509597
1590,60100.0,K_I_693.8764,693.876396,0.00655092165605007,weak_anchor,detected,693.7637868887987,12.5154456380745,0.6433826777783034,19.452568541777044,0.00028560379065830017,30.63337921935954,30.597052890270714,0.0028797779020806047,0.0620299789670726,0.33333333333303017,0.10234134020068451,2.491810396275968,0.40837238642330653
1590,60100.0,K_I_766.4899,766.48991,1.0,strong_resonance,detected,766.3773008887987,351.9130579627327,0.583727742083262,602.8719085832594,0.008030693132535844,618.3328344595625,617.4864734773274,0.022699111169345088,0.021719725579011494,0.46666666666624224,0.06815138260883208,2.260767823809788,0.39892120110187146
1590,60100.0,K_I_769.8964,769.89645,0.4984931955549362,weak_resonance,detected,769.7838408887986,256.5358934592576,4.896046169054104,52.39654296577421,0.0058541761700424775,555.6418141887839,554.6240000138869,-0.017174222167000153,0.026142263865370153,0.3999999999996362,0.11543325101163704,18.962305275026413,0.4152039947953173
1591,60200.0,K_I_693.8764,693.876396,0.00655092165605007,weak_anchor,detected,693.7641253816736,12.199013897020857,1.5181143341618264,8.035635803252008,0.00029365569416529445,26.290743321958416,24.724302343516282,0.0692079516937838,0.045878169979754704,0.3666666666663332,0.12937066270402828,5.879631533852862,0.4198854515784377
1591,60200.0,K_I_766.4899,766.48991,1.0,strong_resonance,detected,766.3776393816736,371.2805405389666,2.656275512249223,139.7748610137891,0.008937496570002437,610.3559171752704,603.0279308373354,0.022360618294442247,0.01821097047888128,0.5333333333328483,0.05317681044093926,10.287710821889172,0.44396626887714236
1591,60200.0,K_I_769.8964,769.89645,0.4984931955549362,weak_resonance,detected,769.7841793816735,254.93436184438798,5.529707646770069,46.10268356470825,0.006136801517398264,517.2684235986517,516.5098780181773,-0.017512715041902993,0.0059339176485632686,0.46666666666624224,0.09460237844166465,21.41646562535576,0.4352490309958055
1592,60300.0,K_I_693.8764,693.876396,0.00655092165605007,weak_anchor,detected,693.7643381864025,13.618426789882339,2.1293249247371455,6.3956546188287655,0.0003592121614090438,33.78971892488289,29.89378209194504,0.0689951469648804,0.13006034606158254,0.3666666666663332,0.10813505459449792,8.246839972178826,0.5136217808901202
1592,60300.0,K_I_766.4899,766.48991,1.0,strong_resonance,detected,766.3778521864025,427.766816545858,2.11715102226673,202.0483243976941,0.011283171332584677,681.4016838578264,675.9607898155487,0.022147813565538854,0.02038113655426428,0.5666666666661513,0.041265655645027564,8.199690650652512,0.5604866461646975
1592,60300.0,K_I_769.8964,769.89645,0.4984931955549362,weak_resonance,detected,769.7843921864024,302.8730420626437,2.343272984287138,129.2521375416201,0.00798885816625185,569.8173580132857,566.2825030056341,0.01560781356249663,0.020784414287613833,0.49999999999954525,0.05363082697063638,9.075457243770092,0.5666050573358289
1593,60400.0,K_I_693.8764,693.876396,0.00655092165605007,weak_anchor,detected,693.7644483057376,14.718330676514041,0.8202154186691692,17.94446963749486,0.00039536221416686687,33.01613709212404,32.95440294372423,0.002218360963183841,-0.007093750746676718,0.33333333333303017,0.12432309157105956,3.1766806568111257,0.56531116246315
1593,60400.0,K_I_766.4899,766.48991,1.0,strong_resonance,detected,766.3779623057376,438.46687952637456,0.6421284268554623,682.8336220428218,0.011778050115765036,777.6045012734835,768.3797923652817,0.022037694230448324,0.015399878172005473,0.49999999999954525,0.05689301148015808,2.486952703339835,0.5850695352538492
1593,60400.0,K_I_769.8964,769.89645,0.4984931955549362,weak_resonance,detected,769.7845023057375,313.46950636808685,2.7172031644078363,115.36476568044984,0.008420384134271585,664.56337927797,663.8754006591937,0.0154976942274061,0.027478889386632517,0.4333333333329392,0.10072593285615011,10.523682604023215,0.5972107823047121
1594,60500.0,K_I_693.8764,693.876396,0.00655092165605007,weak_anchor,detected,693.7643932460701,9.148411626498758,0.8807068975802004,10.387578037181967,0.00031155615364208934,23.83070226649601,23.795039827928054,0.0022734206306722626,0.028455659391865902,0.33333333333303017,0.10642783465526152,3.4109631472212194,0.4454805367758826
1594,60500.0,K_I_766.4899,766.48991,1.0,strong_resonance,detected,766.37790724607,299.64927495427986,0.9898163777598924,302.7321851679526,0.010204785197463368,504.2913056881789,499.7083608267529,0.022092753898050432,0.017892654618495304,0.5333333333328483,0.046756360130802276,3.833542346870899,0.5069182822421232
1594,60500.0,K_I_769.8964,769.89645,0.4984931955549362,weak_resonance,detected,769.7844472460699,200.0598391391976,2.485851095936129,80.47941385799639,0.006813190805704724,415.1442350055463,414.9559435940732,-0.017780579438294808,0.01688525128427022,0.4333333333329392,0.10230182664510142,9.62765989572084,0.4832215426497494
1595,60600.0,K_I_693.8764,693.876396,0.00655092165605007,weak_anchor,detected,693.7643381864025,21.17234779168721,0.9723122496817153,21.775255632764,0.0005718871902894298,49.10149068521844,48.68915102163516,-0.031004853035028646,0.0497859587529308,0.29999999999972715,0.19569917577284882,3.7657491503341753,0.8177165160347177
1595,60600.0,K_I_766.4899,766.48991,1.0,strong_resonance,detected,766.3778521864025,397.4337765879044,5.40778791671138,73.49285562026894,0.010735100710380937,746.3020825942867,746.1311818043455,0.022147813565538854,0.010591324374236547,0.46666666666624224,0.07885769767376671,20.944272541263924,0.5332614755237758
1595,60600.0,K_I_769.8964,769.89645,0.4984931955549362,weak_resonance,detected,769.7843921864024,267.8876021358973,1.846501632012573,145.07845402980573,0.007235923460459198,618.568850924536,612.4718626079489,-0.017725519770806386,0.033133613378434096,0.3666666666663332,0.1259591513783906,7.151470069536015,0.5132036070574924
1596,60700.0,K_I_693.8764,693.876396,0.00655092165605007,weak_anchor,detected,693.7644427645728,12.120987207288309,1.2718440123199322,9.5302467046873,0.0004113692201299475,28.099224272420997,27.49365916355112,-0.031109431205322835,-0.112388744062542,0.29999999999972715,0.1632419480977669,4.925830678693198,0.5881988811785367
1596,60700.0,K_I_766.4899,766.48991,1.0,strong_resonance,detected,766.3779567645728,357.6210231459859,1.390775099648345,257.13792491425085,0.012137153424696198,566.6681192978186,566.050855708629,-0.011290097938058352,0.02083418673865942,0.5666666666661513,0.05029458093351925,5.3864487992629,0.602907836500611
1596,60700.0,K_I_769.8964,769.89645,0.4984931955549362,weak_resonance,detected,769.7844967645727,259.59949450866606,6.728029976415821,38.584770790061306,0.008810440913422079,496.5859232989469,495.25837219770284,0.015503235392202441,0.0055445581781440895,0.4333333333329392,0.08114551290145351,26.057548051466455,0.6248753294922466
1597,60800.0,K_I_693.8764,693.876396,0.00655092165605007,weak_anchor,detected,693.7644427645728,21.83833113035001,0.4779836648261076,45.68844656709113,0.0006266703881296773,43.448612495587696,40.07426358250246,0.06889056879458622,-0.023787272411061457,0.3666666666663332,0.07997918193158086,1.851222773632386,0.8960486179523988
1597,60800.0,K_I_766.4899,766.48991,1.0,strong_resonance,detected,766.3779567645728,387.6658065580421,2.8528759592888018,135.8859663336656,0.011124416055891127,615.9076377789443,610.0987752934262,0.022043235395244665,0.027330200973889916,0.5666666666661513,0.04521050084191506,11.049141079131086,0.552600546594628
1597,60800.0,K_I_769.8964,769.89645,0.4984931955549362,weak_resonance,detected,769.7844967645727,278.57118783531286,5.655188766839265,49.25939686908254,0.007993848676462616,566.5224613455284,564.1353833628334,0.015503235392202441,0.01747456099949277,0.4333333333329392,0.0766579294946881,21.902451913647653,0.5669590063314502
1598,60900.0,K_I_693.8764,693.876396,0.00655092165605007,weak_anchor,detected,693.7643381864025,13.495312862843443,0.582235084965578,23.178460404256285,0.0004315835739064451,42.35014341306919,42.30183129154693,0.0023284802982743713,0.02216684715985938,0.26666666666642413,0.16479844625918566,2.2549867876513945,0.617102502775036
1598,60900.0,K_I_766.4899,766.48991,1.0,strong_resonance,detected,766.3778521864025,435.3046739574227,2.044003412887972,212.96670603029028,0.013921155354759246,758.833248814708,755.256764750803,0.022147813565538854,0.01618405012443787,0.46666666666624224,0.05831980689384804,7.916391177713439,0.6915273592446064
1598,60900.0,K_I_769.8964,769.89645,0.4984931955549362,weak_resonance,detected,769.7843921864024,299.2851040936402,1.6560595798420303,180.7212178454284,0.009571214550892632,647.7746320613953,645.7487382142848,-0.017725519770806386,0.028463247837329158,0.3999999999996362,0.12230491370681547,6.413891173061269,0.6788327513800895
1599,61000.0,K_I_693.8764,693.876396,0.00655092165605007,weak_anchor,detected,693.7639804567063,15.357321251734737,1.1166573446427206,13.752939812211041,0.000534122268468964,38.72737381327238,32.37092120917202,0.10268620999431732,0.031125511066185448,0.3666666666663332,0.0922104995990657,4.324795299225386,0.7637181037189495
1599,61000.0,K_I_766.4899,766.48991,1.0,strong_resonance,detected,766.3774944567064,387.740093221232,5.702159396224976,67.99881698816226,0.013485464995680693,607.253482849148,604.3588888395667,0.022505543261672756,0.01280563493345664,0.5999999999994543,0.04259571214840931,22.08436837901956,0.6698846294722587
1599,61000.0,K_I_769.8964,769.89645,0.4984931955549362,weak_resonance,detected,769.7840344567063,263.95856839200593,0.689524869221913,382.8122525730902,0.009180386801860568,533.4405154195965,532.0342428886734,-0.017367790074672484,0.026152871833384245,0.4333333333329392,0.10588011628277874,2.6705183352947452,0.6511135236080634
1600,61100.0,K_I_693.8764,693.876396,0.00655092165605007,weak_anchor,detected,693.7641593215544,7.891535342351183,1.184952344890555,6.659791321042589,0.00026531064238827635,23.545357063511915,19.46084659579861,0.10250734514625037,0.05664225860501925,0.33333333333303017,0.11741325451704743,4.58930069781472,0.3793561000218894
1600,61100.0,K_I_766.4899,766.48991,1.0,strong_resonance,detected,766.3776733215544,353.2194199558843,1.667701438334591,211.80015309491978,0.011875112655148986,615.1895878648402,614.7636357855755,0.022326678413605805,0.016902649714909502,0.46666666666624224,0.06828806194135496,6.4589798971219,0.5898910748338102
1600,61100.0,K_I_769.8964,769.89645,0.4984931955549362,weak_resonance,detected,769.7842133215544,255.50133690810785,1.9473129811890366,131.20712457434436,0.008589865075096676,556.542735614606,555.0416946618462,-0.017546654922739435,0.029594504426552683,0.3666666666663332,0.1281227047779536,7.541910746005515,0.6092311181518543
1601,61200.0,K_I_693.8764,693.876396,0.00655092165605007,weak_anchor,detected,693.7656617141483,19.299346951144603,2.801769873389122,6.8882698520130115,0.0007149316776821865,31.81494739916434,30.837165247599355,0.06767161921902698,0.09216906312745615,0.5333333333328483,0.047036649384337215,10.851208059551603,1.0222495810428345
1601,61200.0,K_I_766.4899,766.48991,1.0,strong_resonance,detected,766.3791757141483,368.60742190645357,1.29926208324241,283.7052097961367,0.013654820715788886,645.7382334323663,640.5327192061671,0.02082428581968543,0.010350593524695929,0.49999999999954525,0.04721777437752263,5.032020410761185,0.6782973014750425
1601,61200.0,K_I_769.8964,769.89645,0.4984931955549362,weak_resonance,detected,769.7857157141483,265.2082966729594,1.4317067370406305,185.23926011632162,0.009824467789278684,540.0909560961013,540.0516728624967,0.014284285816643205,0.017830024331058777,0.4333333333329392,0.0941754730630716,5.544976349216366,0.6967945880618811
1602,61300.0,K_I_693.8764,693.876396,0.00655092165605007,weak_anchor,detected,693.7657585327975,12.100105602043886,0.9119736659478718,13.26804276685718,0.0004958005242654841,33.84979153211668,33.78872084455319,0.0009081339032945834,0.055741172887553536,0.33333333333303017,0.1537526446717951,3.5320588203990457,0.7089235153971094
1602,61300.0,K_I_766.4899,766.48991,1.0,strong_resonance,detected,766.3792725327975,383.7372665777606,2.50134012048335,153.41267004649035,0.015723593182304155,626.8011107381949,621.9254355408823,0.020727467170559066,0.02153301072981832,0.5666666666661513,0.0428071487354993,9.687648629841277,0.781062677206459
1602,61300.0,K_I_769.8964,769.89645,0.4984931955549362,weak_resonance,detected,769.7858125327974,269.76558365776384,1.3197745389071638,204.40277919071133,0.011053615745610626,555.4190597263088,555.1649690260383,-0.019145866165786174,0.02721318330661804,0.4333333333329392,0.10342732671821188,5.111464809940667,0.7839711824860663
1603,61400.0,K_I_693.8764,693.876396,0.00655092165605007,weak_anchor,detected,693.7657101234729,13.15148020386108,1.126931484000126,11.670168409155572,0.0005221937660673503,39.07650251441282,39.04869699618136,0.0009565432278577646,0.025965685881043137,0.33333333333303017,0.1216604191782693,4.364586869853269,0.7466620591161272
1603,61400.0,K_I_766.4899,766.48991,1.0,strong_resonance,detected,766.3792241234729,442.5416092550698,2.754828260671577,160.6421770724779,0.017571593919182216,752.6835654002218,748.4996702245062,0.020775876495122247,0.018983120270883055,0.5333333333328483,0.05086015284730212,10.669403975252266,0.8728613129438643
1603,61400.0,K_I_769.8964,769.89645,0.4984931955549362,weak_resonance,detected,769.7857641234729,311.3996766246508,3.162448670056228,98.46789912296478,0.012364461442221633,656.220876862878,653.8610303597175,-0.019097456841222993,0.019620491741732443,0.4333333333329392,0.1156141438241254,12.248111032374705,0.8769421409922896
1604,61500.0,K_I_693.8764,693.876396,0.00655092165605007,weak_anchor,detected,693.7650494687782,13.130872958594317,0.6339707535995748,20.71211153517654,0.0005650117311161229,29.919515070351338,29.08407171511658,0.03495053125584491,0.15650427057516608,0.3666666666663332,0.08841999049749198,2.455358170675952,0.8078855972507349
1604,61500.0,K_I_766.4899,766.48991,1.0,strong_resonance,detected,766.3785634687781,391.02013710716847,2.0608222306973056,189.73986755512715,0.01682530668485243,635.9394470077514,635.7808644838889,-0.011896802143382956,0.0075003053970007635,0.5333333333328483,0.053407992107232044,7.981530178991942,0.8357898179966
1604,61500.0,K_I_769.8964,769.89645,0.4984931955549362,weak_resonance,detected,769.7851034687781,276.383791883535,1.108185616193854,249.40207474700472,0.011892589715624784,587.3742418365373,585.5983810505332,-0.01843680214642518,0.027841040581069385,0.3999999999996362,0.11829059426527103,4.291984436029304,0.843474916873451
1605,61600.0,K_I_693.8764,693.876396,0.00655092165605007,weak_anchor,detected,693.7656617141483,11.754952544546574,0.6054720096729489,19.414526777044767,0.0005593948977814367,27.92738973252216,27.86379529266,0.03433828588572396,-0.0902287071650266,0.33333333333303017,0.13221521715361695,2.3449830100602,0.7998543325825007
1605,61600.0,K_I_766.4899,766.48991,1.0,strong_resonance,detected,766.3791757141483,402.1780131265957,1.2343204352124086,325.82950233452686,0.019138854681915805,665.4964962705243,661.2590268100796,0.02082428581968543,0.021969951660576206,0.49999999999954525,0.04180366515657589,4.780502489465498,0.9507143121297634
1605,61600.0,K_I_769.8964,769.89645,0.4984931955549362,weak_resonance,detected,769.7857157141483,283.33562136483755,6.380061353609987,44.40954493400282,0.013483380758074924,583.6206093418241,581.9666834670672,-0.01904904751665981,0.012369811151850723,0.4333333333329392,0.11610811212181948,24.709871370335502,0.9563008340520098
1606,61700.0,K_I_693.8764,693.876396,0.00655092165605007,weak_anchor,detected,693.7658833629023,13.964682890420157,1.8287404377630136,7.636230162604322,0.000543784433790637,28.602250129046297,26.19989371054952,0.06744997046507706,-0.0549205410181399,0.33333333333303017,0.08913274374967692,7.082681259998655,0.7775336119141782
1606,61700.0,K_I_766.4899,766.48991,1.0,strong_resonance,detected,766.3793973629023,347.8881263784799,4.263350318643663,81.5997045462491,0.013546755720101819,612.5145251217873,607.1851701066388,0.020602637065735507,0.023422880649452867,0.49999999999954525,0.04876382851550355,16.51188478317001,0.6729292196463522
1606,61700.0,K_I_769.8964,769.89645,0.4984931955549362,weak_resonance,detected,769.7859373629022,256.1677486431187,1.0803341884841933,237.11898722981755,0.009975166299471152,549.2876288268033,547.1302679859489,-0.019270696270609733,0.034813113415279706,0.3999999999996362,0.12873423123363872,4.18411632034159,0.707482791085529
1607,61800.0,K_I_693.8764,693.876396,0.00655092165605007,weak_anchor,detected,693.7650041969547,9.996510932692601,1.9488181652801964,5.129524709276982,0.0003149030297434509,18.82859493136357,18.28003410134634,0.06832913641267169,0.03530357794370913,0.49999999999954525,0.056790975420336794,7.547740298923557,0.45026608873731083
1607,61800.0,K_I_766.4899,766.48991,1.0,strong_resonance,detected,766.3785181969547,354.23760156599104,1.4587231886095617,242.8408654445579,0.011158942828479198,702.598513902461,702.1048798244593,-0.01185153031997288,0.016016873057842558,0.46666666666624224,0.07856937365340468,5.649610616216552,0.5543156490600929
1607,61800.0,K_I_769.8964,769.89645,0.4984931955549362,weak_resonance,detected,769.7850581969547,241.2154075644262,1.9997444637525421,120.62311557136799,0.007598597468084712,600.019893614679,593.4975175233541,-0.018391530323015104,0.02514048035839406,0.33333333333303017,0.13887889192891778,7.744977004791121,0.5389260473122154
1608,61900.0,K_I_693.8764,693.876396,0.00655092165605007,weak_anchor,detected,693.7650164493124,8.591139508804545,1.7180391298513977,5.000549381868641,0.0002266533189425045,22.086285052578887,21.584490586103495,0.03498355072167669,-0.015839756589908396,0.29999999999972715,0.09975281147867497,6.653936938053197,0.3240816815980291
1608,61900.0,K_I_766.4899,766.48991,1.0,strong_resonance,detected,766.3785304493124,437.9376454667228,2.9046836861294922,150.76947881036824,0.011553766614216067,790.3253359093169,788.0412967835604,0.02146955065563816,0.012728408928848012,0.46666666666624224,0.06415677117707774,11.249791542390126,0.5739283495120158
1608,61900.0,K_I_769.8964,769.89645,0.4984931955549362,weak_resonance,detected,769.7850704493123,304.6997697199915,4.56142435900046,66.79925955995903,0.008038655875309228,688.1095244182779,684.6761815833696,-0.01840378268070708,0.014837725227103036,0.3666666666663332,0.13182432902331576,17.666320577409692,0.5701369305032413
1609,62000.0,K_I_693.8764,693.876396,0.00655092165605007,weak_anchor,detected,693.7647207101813,15.731678277961048,2.702902573955989,5.8202905386027455,0.000315809780730514,34.59844782545679,34.54897744224154,0.0019459565194210882,0.03395460986872515,0.3999999999996362,0.10528112127888026,10.468296655362227,0.4515626123710663
1609,62000.0,K_I_766.4899,766.48991,1.0,strong_resonance,detected,766.3782347101813,425.7151133851289,3.1459258474048313,135.32267892973832,0.008546131838976852,838.9767126988718,837.6110884677028,-0.011568043546617446,0.013232270271473258,0.46666666666624224,0.07336020823955332,12.184118415413447,0.4245253954689539
1609,62000.0,K_I_769.8964,769.89645,0.4984931955549362,weak_resonance,detected,769.7847747101813,289.7123044983526,1.326799851952986,218.35418814066787,0.0058159070978926085,740.0447335048411,732.3548039676504,-0.01810804354965967,0.011055544817113743,0.33333333333303017,0.1588650664089632,5.138673730369054,0.41248978340635245
1610,62100.0,K_I_693.8764,693.876396,0.00655092165605007,weak_anchor,detected,693.765387491055,10.22754018733047,1.7050565105109534,5.998358485060175,0.0003529711823839563,20.863631664029185,20.48819976031622,0.0346125089790803,-0.11695678766121327,0.4333333333329392,0.0589320328204903,6.60365546955746,0.5046980775589482
1610,62100.0,K_I_766.4899,766.48991,1.0,strong_resonance,detected,766.3789014910549,352.392809843697,1.2012711151650335,293.349940238332,0.012161722611290025,653.3828853779609,650.6242098520963,0.021098508913155456,0.022832549476297342,0.46666666666624224,0.06599319158550801,4.652503023318418,0.6041283001971252
1610,62100.0,K_I_769.8964,769.89645,0.4984931955549362,weak_resonance,detected,769.7854414910548,248.57443738566454,5.721933999907717,43.44238108822534,0.008578760040770465,558.7987141379044,556.2915435649279,-0.018774824423189784,0.012890113151739652,0.3666666666663332,0.13358006589839425,22.16095508976073,0.6084435001368418
1611,62200.0,K_I_693.8764,693.876396,0.00655092165605007,weak_anchor,detected,693.7657585327975,20.465547767097082,0.7842962087821649,26.09415618478567,0.000742696771042158,44.896312657903195,44.86670909135966,0.0009081339032945834,0.07193659721176669,0.3666666666663332,0.10715978319508536,3.0375661551097024,1.0619496753887212
1611,62200.0,K_I_766.4899,766.48991,1.0,strong_resonance,detected,766.3792725327975,388.2265469854547,1.8600151297519933,208.72225218792667,0.014088780137246355,613.419403710107,603.5568646295151,0.05406080050386208,0.008501988257941481,0.5666666666661513,0.061704632102294654,7.20380762122985,0.6998540476711984
1611,62200.0,K_I_769.8964,769.89645,0.4984931955549362,weak_resonance,detected,769.7858125327974,270.46612781180096,4.761134977581363,56.80706997078177,0.009815242772297075,513.72047194682,513.086322325645,0.014187467167516843,0.020915248088666925,0.46666666666624224,0.07348419593979871,18.43979647723501,0.6961403091690765
1612,62300.0,K_I_693.8764,693.876396,0.00655092165605007,weak_anchor,detected,693.7654499061073,16.401731304228306,0.4647772707876325,35.28944364347507,0.0004978996570606983,36.638308333171835,34.79556189809905,0.06788342726008523,0.18741940039740018,0.33333333333303017,0.11575718484933063,1.8000746294578727,0.7119249737006744
1612,62300.0,K_I_766.4899,766.48991,1.0,strong_resonance,detected,766.3789639061074,423.76910149217775,1.938064636582889,218.65581441047752,0.012864159666576292,702.6520352552334,695.6960261809568,0.02103609386062999,0.014163622943306859,0.5333333333328483,0.048321655312934086,7.5060920613658855,0.6390215565037294
1612,62300.0,K_I_769.8964,769.89645,0.4984931955549362,weak_resonance,detected,769.7855039061074,308.1827515797326,1.811842312640828,170.09358343692983,0.009355359106755633,621.0112874631782,617.1486830890665,-0.01883723947571525,0.022561073992021823,0.4333333333329392,0.09052607889451253,7.0172351028182405,0.6635233312156209
1613,62400.0,K_I_693.8764,693.876396,0.00655092165605007,weak_anchor,detected,693.7650164493124,18.224082060262933,0.5514053093702395,33.050247704500116,0.0006732430050315317,36.556503752605,36.52455279842842,0.001650217388373676,0.010077312790986987,0.46666666666624224,0.08638805321433107,2.135583580203228,0.9626407687860802
1613,62400.0,K_I_766.4899,766.48991,1.0,strong_resonance,detected,766.3785304493124,401.2449860887037,2.3289403578485044,172.28650134234323,0.01482298967349451,608.6113940529976,603.2740950000583,0.02146955065563816,0.010655969442579618,0.5999999999994543,0.04185943550005728,9.019947220265802,0.7363255882003626
1613,62400.0,K_I_769.8964,769.89645,0.4984931955549362,weak_resonance,detected,769.7850704493123,302.1160897252195,2.182121107407398,138.45065184496883,0.011160921216354976,557.3209937960605,555.5373771985473,0.014929550652595935,0.030995828290887536,0.49999999999954525,0.06265796856173325,8.451318708404225,0.7915817597598491
1614,62500.0,K_I_693.8764,693.876396,0.00655092165605007,weak_anchor,detected,693.7650103231335,19.3668428183256,0.7711182520304924,25.11526963254888,0.0006100451590474648,40.71492393966969,37.71208332361452,0.0683230102338257,0.027686318604963952,0.3999999999996362,0.06959474253557758,2.986528148073387,0.8722769290000625
1614,62500.0,K_I_766.4899,766.48991,1.0,strong_resonance,detected,766.3785243231335,529.6522443651043,7.29216798340364,72.63302841768704,0.016683761554971508,833.5055845303214,833.2336976259097,0.021475676834484148,0.012552016510163985,0.5666666666661513,0.0521824504864025,28.242445157494906,0.8287586250110964
1614,62500.0,K_I_769.8964,769.89645,0.4984931955549362,weak_resonance,detected,769.7850643231335,379.26067138120476,2.865080149997029,132.37349446632342,0.01194650768654292,752.3192775073676,749.8981878514903,0.014935676831441924,0.023251490954624032,0.4333333333329392,0.07430767824761057,11.096407706498033,0.8472990171851275
1615,62600.0,K_I_693.8764,693.876396,0.00655092165605007,weak_anchor,detected,693.7650103231335,25.200106458887568,2.0256327351819325,12.440609801176132,0.000766068033566135,57.26065232217138,56.41441757381627,0.03498967690052268,0.0329226948262036,0.3666666666663332,0.0851205493432029,7.845241848899339,1.0953672229242188
1615,62600.0,K_I_766.4899,766.48991,1.0,strong_resonance,detected,766.3785243231335,528.1336494024795,1.3402431529866534,394.0580843301192,0.016054944328029796,793.2811887142343,780.6092710281275,0.054809010167787164,0.015886717985449595,0.5999999999994543,0.05673280061304841,5.190739411390548,0.7975224017729255
1615,62600.0,K_I_769.8964,769.89645,0.4984931955549362,weak_resonance,detected,769.7850643231335,385.05022484222786,2.975197535335179,129.4200537171556,0.011705294541128893,697.3274210135387,694.0793174068422,0.014935676831441924,0.026198990126370426,0.49999999999954525,0.0543666539368317,11.52289050604098,0.8301911170017408
1616,62700.0,K_I_693.8764,693.876396,0.00655092165605007,weak_anchor,low_snr,693.7654499061073,11.222157339649716,3.7709824404036825,2.975924050828618,0.00028194688414482494,26.082353421194966,24.13167532598291,0.06788342726008523,-0.04332047370309517,0.3666666666663332,0.09940871017100564,14.604952190537348,0.4031435355162767
1616,62700.0,K_I_766.4899,766.48991,1.0,strong_resonance,detected,766.3789639061074,420.7434834158563,1.3753039721394442,305.9276290472289,0.010570811884289915,683.4241608702173,679.3012185084546,0.02103609386062999,0.022424960802971686,0.5333333333328483,0.04579007312256184,5.326529380073821,0.525100499285458
1616,62700.0,K_I_769.8964,769.89645,0.4984931955549362,weak_resonance,detected,769.7855039061074,289.0656484112961,2.619823201294452,110.33784580137662,0.007262521493519921,580.677151513573,579.0479565534347,-0.01883723947571525,0.03449479081575503,0.4333333333329392,0.10852449630201041,10.146531628630441,0.5150900568771994
1617,62800.0,K_I_693.8764,693.876396,0.00655092165605007,weak_anchor,detected,693.7654499061073,20.66297563618433,1.5748784293124454,13.120362341368342,0.0005014286635006738,46.94116030212358,42.9964721929649,0.06788342726008523,0.053391320924062846,0.29999999999972715,0.0947996997164741,6.099477929033943,0.7169709458786847
1617,62800.0,K_I_766.4899,766.48991,1.0,strong_resonance,detected,766.3789639061074,497.5320587789421,4.3835409103979295,113.5000377431808,0.012073616098418463,885.3358963530536,880.219228447281,0.02103609386062999,0.014130642155414822,0.46666666666624224,0.05428502504795032,16.977380943405517,0.599751647352899
1617,62800.0,K_I_769.8964,769.89645,0.4984931955549362,weak_resonance,detected,769.7855039061074,339.69606668436427,3.6832425453511215,92.22744972717544,0.008243408292835343,734.3109675767578,732.3029279687105,-0.01883723947571525,0.018779773051537815,0.3999999999996362,0.12176116192694145,14.265137038200484,0.5846588750487238
1618,62900.0,K_I_693.8764,693.876396,0.00655092165605007,weak_anchor,detected,693.7662166157006,23.054202805206256,1.2324763347743677,18.70559470776925,0.0005621620712448526,55.80364714566565,55.79165824571016,0.0004500510001435032,0.030302463873200423,0.33333333333303017,0.12768543684458739,4.773360319180225,0.8038109930606329
1618,62900.0,K_I_766.4899,766.48991,1.0,strong_resonance,detected,766.3797306157006,599.1425162221103,1.4136945401688898,423.8132773367948,0.014609709159590303,996.0866927491074,992.9973050647186,0.020269384267407986,0.011325564485642706,0.5333333333328483,0.05101400035983631,5.475215410703442,0.7257309711014243
1618,62900.0,K_I_769.8964,769.89645,0.4984931955549362,weak_resonance,detected,769.7862706157006,397.59744044605105,3.807863985831438,104.41482204339728,0.009695160684208457,873.203584856044,868.4822234602915,-0.019603949068937254,0.024486807620231456,0.3999999999996362,0.12336044153465402,14.747793801761567,0.6876235578398462
1619,63000.0,K_I_693.8764,693.876396,0.00655092165605007,weak_anchor,detected,693.7667977952325,22.066665332135006,0.40200302721270526,54.8917889627215,0.0005904114358412957,51.61813369107115,45.82330458712318,0.06653553813487179,0.06160645909105877,0.33333333333303017,0.112561403980672,1.5569510295211904,0.8442035256968458
1619,63000.0,K_I_766.4899,766.48991,1.0,strong_resonance,detected,766.3803117952325,551.3641545608543,5.6725611277083905,97.19845095500897,0.014752192833215912,896.4298711021911,888.6442296458297,0.019688204735530235,0.007022860818435144,0.5333333333328483,0.048300361250651916,21.96973477797814,0.7328087858407091
1619,63000.0,K_I_769.8964,769.89645,0.4984931955549362,weak_resonance,detected,769.7868517952325,374.55888384501475,1.4646919901414357,255.7253582091659,0.010021625156747324,750.5768447622108,749.0861189839761,-0.020185128600815005,0.02873916397182279,0.4333333333329392,0.10052816824868999,5.672727685146337,0.7107778581580583
1620,63100.0,K_I_693.8764,693.876396,0.00655092165605007,weak_anchor,detected,693.7686036316946,24.99350450764163,1.7281492717174436,14.462584289841443,0.0006418537477356027,56.450401146219974,56.428032750207215,-0.0019369649938880684,0.029676320763544657,0.3666666666663332,0.13035354897879778,6.6930933491282225,0.9177586407147131
1620,63100.0,K_I_766.4899,766.48991,1.0,strong_resonance,detected,766.3821176316947,560.3070508976589,1.8022653411406104,310.8904322285053,0.014389145803518225,888.4689977556027,869.783855238016,0.05121570160667943,0.011494528642217646,0.5666666666661513,0.06361286189509949,6.980143651690761,0.7147745819739582
1620,63100.0,K_I_769.8964,769.89645,0.4984931955549362,weak_resonance,detected,769.7886576316946,373.4525879789603,1.0314839000096843,362.0537247119941,0.009590569546682337,757.7455267278766,756.0943682290939,0.011342368270334191,0.027526125510203364,0.4333333333329392,0.08149414899463031,3.994919966622217,0.6802054930499176
1621,63200.0,K_I_693.8764,693.876396,0.00655092165605007,weak_anchor,detected,693.7696726690548,13.729246504960091,2.3583003608891002,5.821670018226196,0.0003259450804498877,35.32176410693455,35.296469644787756,-0.0030060023540272596,-0.006961369450475039,0.33333333333303017,0.14619869716811204,9.133658023086733,0.4660546347772676
1621,63200.0,K_I_766.4899,766.48991,1.0,strong_resonance,detected,766.3831866690548,487.53695004926703,1.5881758683990626,306.97919528315305,0.011574580611447996,821.8768171143702,813.0390104823978,0.016813330913237223,0.0071174747454958495,0.5333333333328483,0.060979556248146424,6.150978689163665,0.5749622758043619
1621,63200.0,K_I_769.8964,769.89645,0.4984931955549362,weak_resonance,detected,769.7897266690547,346.5317769058585,2.1120497228985875,164.0736830903188,0.008226986663923325,726.7978237956072,726.5561886300217,0.010273330910195,0.019287701624194093,0.4333333333329392,0.09595432198713975,8.179933403155658,0.5834941806959628
1622,63300.0,K_I_693.8764,693.876396,0.00655092165605007,weak_anchor,detected,693.7691381503747,25.278768089693642,2.2026201108397347,11.476680869882857,0.0005341355525227895,47.86227763428997,47.261620341388145,-0.03580481700726068,0.02640942345625551,0.3666666666663332,0.14782261977971842,8.530711007311586,0.7637370980073293
1622,63300.0,K_I_766.4899,766.48991,1.0,strong_resonance,detected,766.3826521503747,476.43995157834155,1.8793307236949128,253.51575727002586,0.010067085384749564,751.8024044134581,745.2491884396752,0.01734784959330682,0.008426359023060886,0.5666666666661513,0.0499808684010751,7.2786165948929495,0.5000781037204534
1622,63300.0,K_I_769.8964,769.89645,0.4984931955549362,weak_resonance,detected,769.7891921503747,343.046408808013,0.7929949052708475,432.59598079113186,0.007248505245963011,654.7953122531067,653.7698802373891,0.010807849590264595,0.028147349647740225,0.46666666666624224,0.07239339912720295,3.071256061744114,0.5140959627794766
1623,63400.0,K_I_693.8764,693.876396,0.00655092165605007,weak_anchor,low_snr,693.7650103231335,14.358096144503095,3.3375128316951512,4.3020347392074285,0.0004041021961221864,40.23833996516032,40.14375816488203,-0.03167698976608335,-0.0042314949944458734,0.29999999999972715,0.1526776582171982,12.926131614920635,0.5778080809394902
1623,63400.0,K_I_766.4899,766.48991,1.0,strong_resonance,detected,766.3785243231335,496.87058428277936,4.682549530833438,106.11112194564278,0.013984200431340256,791.1613615784772,787.8477347710019,0.021475676834484148,0.0077953151710925565,0.5333333333328483,0.04410999201721366,18.135436350725755,0.6946590961019596
1623,63400.0,K_I_769.8964,769.89645,0.4984931955549362,weak_resonance,detected,769.7850643231335,366.3546841696645,3.0078279853411036,121.80041077984649,0.010310888779588608,726.3350497956039,725.4410124802771,-0.018397656501861093,0.022100722848161686,0.4333333333329392,0.095841523053617,11.649267695493295,0.7312937101351941
1624,63500.0,K_I_693.8764,693.876396,0.00655092165605007,weak_anchor,detected,693.7647460688837,27.21983034391911,1.3005987966476504,20.928691010693996,0.0006034336555429306,51.57194377155611,50.47037996549348,0.03525393115035058,0.044654658584558124,0.3666666666663332,0.07976352481099008,5.037197479518338,0.8628234288985076
1624,63500.0,K_I_766.4899,766.48991,1.0,strong_resonance,detected,766.3782600688837,513.7982850511697,2.8371118835989604,181.09905641063455,0.011390342020606292,783.4867840983006,764.7382912018577,0.055073264417615064,0.0107140224384141,0.5999999999994543,0.05158922857493843,10.98808707651592,0.5658103036476719
1624,63500.0,K_I_769.8964,769.89645,0.4984931955549362,weak_resonance,detected,769.7848000688837,364.28387513085323,0.8690174043191156,419.19054016676864,0.008075772245754027,683.4552797107358,683.2416722546784,-0.018133402252033193,0.029719641743217617,0.46666666666624224,0.07982277520244244,3.3656899344953928,0.5727693872031003
1625,63600.0,K_I_693.8764,693.876396,0.00655092165605007,weak_anchor,detected,693.7644879408127,29.313134907403295,5.348092480849105,5.481044879528581,0.0006700299026111974,48.7269296781642,44.82381273397525,0.06884539255463551,0.03030897130620699,0.3999999999996362,0.07536361568535332,20.71307311232453,0.9580464939685436
1625,63600.0,K_I_766.4899,766.48991,1.0,strong_resonance,detected,766.3780019408127,533.401691181967,1.6877283351743753,316.04712681846166,0.012192318710512193,820.612077153598,801.8686692209462,0.055331392488596975,0.009799108414478688,0.5999999999994543,0.05750151506493357,6.53654373505867,0.6056481481665725
1625,63600.0,K_I_769.8964,769.89645,0.4984931955549362,weak_resonance,detected,769.7845419408127,396.990857623882,1.9661221470567982,201.91566338752682,0.00907428518005714,755.7159243579013,752.1871462801673,0.015458059152251735,0.02642917551646222,0.4333333333329392,0.062134894148218656,7.614758332167474,0.6435883286109465
1626,63700.0,K_I_693.8764,693.876396,0.00655092165605007,weak_anchor,detected,693.7634729185129,15.6407301858639,0.8673643101138064,18.03248070445934,0.00045262590328259863,29.389785158649147,28.033640523650902,0.06986041485447458,-0.016872866646803812,0.49999999999954525,0.048721915245525195,3.3592875281685126,0.6471900105193781
1626,63700.0,K_I_766.4899,766.48991,1.0,strong_resonance,detected,766.3769869185129,392.02181351944085,2.5505662509348794,153.69991403899036,0.011344689496088169,686.9031180401653,684.6368949123097,0.023013081455133033,0.02954525636076944,0.46666666666624224,0.06161186882395003,9.878300613278459,0.5635425342766424
1626,63700.0,K_I_769.8964,769.89645,0.4984931955549362,weak_resonance,detected,769.7835269185128,292.9752180017356,4.480666916764684,65.38652023107346,0.008478387588790654,618.1160210663693,614.7579609218404,-0.016860251881212207,0.02645553183419243,0.3999999999996362,0.10772855426580105,17.35354834854794,0.6013246431330703
1627,63800.0,K_I_693.8764,693.876396,0.00655092165605007,weak_anchor,low_snr,693.7634074432438,15.339173341238176,4.340270346555972,3.5341515888313024,0.00039750126533850895,35.20951147879896,35.0232296747642,0.03659255679031048,0.11030829400767057,0.3999999999996362,0.09968654970194925,16.80979477026446,0.5683696983097214
1627,63800.0,K_I_766.4899,766.48991,1.0,strong_resonance,detected,766.3769214432438,508.5877878722818,6.238535462907289,81.5235868892968,0.013179607839194451,907.4375606028188,896.2474304819699,0.023078556724271948,0.014906774885694933,0.46666666666624224,0.057631629548883366,24.161743952586285,0.6546913077729439
1627,63800.0,K_I_769.8964,769.89645,0.4984931955549362,weak_resonance,detected,769.7834614432437,359.1309235330054,1.873633230322196,191.67621374395034,0.009306563877387788,762.5432740915362,757.6412552356161,-0.016794776612073292,0.013842353763246018,0.3999999999996362,0.11814333680640393,7.256550297945271,0.6600625583293933
1628,63900.0,K_I_693.8764,693.876396,0.00655092165605007,weak_anchor,detected,693.7634066947115,23.485683110424148,1.2760589039508377,18.404858143859613,0.0006002394383566607,45.78352881981215,44.82135047373092,0.03659330532252625,0.02936842220924878,0.4333333333329392,0.061595340589763604,4.942154883785779,0.858256157252341
1628,63900.0,K_I_766.4899,766.48991,1.0,strong_resonance,detected,766.3769206947115,522.9921675359419,1.679879152348476,311.32725637126777,0.01336646345055096,866.9661822379294,863.3594586150343,0.023079305256487714,0.014697930516005618,0.5333333333328483,0.05073147077210942,6.506143980692597,0.6639732792895701
1628,63900.0,K_I_769.8964,769.89645,0.4984931955549362,weak_resonance,detected,769.7834606947115,390.6818420644054,3.3715211145049233,115.87702665826946,0.009984919252904336,786.5956925113787,784.8360510224838,-0.016794028079857526,0.02390281294911944,0.4333333333329392,0.1093629328405185,13.057845127876112,0.7081745135600308
1629,64000.0,K_I_693.8764,693.876396,0.00655092165605007,weak_anchor,detected,693.7632453572459,23.146837590681898,1.6613253219566824,13.932754340624824,0.00062285189649006,43.1142377561514,39.66966441613194,0.0700879761214992,0.06943272838571057,0.4333333333329392,0.07297204710108172,6.434285304576758,0.8905887235307817
1629,64000.0,K_I_766.4899,766.48991,1.0,strong_resonance,detected,766.3767593572459,513.2801406414067,2.297290488676888,223.42848811298023,0.013811714355220769,880.5307552004715,866.7707516974017,0.023240642722157645,0.016402918308232876,0.49999999999954525,0.0639944524864698,8.897367804054378,0.6860909250209154
1629,64000.0,K_I_769.8964,769.89645,0.4984931955549362,weak_resonance,detected,769.7832993572458,348.50986301317226,6.125962422353311,56.890630236561414,0.009377956201266567,740.3605744247407,737.6550070396962,-0.016632690614187595,0.012474111064844405,0.3999999999996362,0.11415465893870277,23.725750441288397,0.6651260168265734
1630,64100.0,K_I_693.8764,693.876396,0.00655092165605007,weak_anchor,detected,693.7631343732398,14.363697126036174,1.1609092809661088,12.372798944360841,0.00035979512046260245,41.73725705893571,40.99073891906458,-0.029801039872381807,0.047828822914624536,0.26666666666642413,0.2257717366433949,4.496182311643455,0.5144553285798763
1630,64100.0,K_I_766.4899,766.48991,1.0,strong_resonance,detected,766.3766483732398,463.4100808457266,1.8953856926696837,244.49381602802197,0.011607922695560508,780.141071288886,772.7177573412425,0.023351626728185693,0.009651370760996175,0.5333333333328483,0.045208444096699565,7.34079722235617,0.5766185293832111
1630,64100.0,K_I_769.8964,769.89645,0.4984931955549362,weak_resonance,detected,769.7831883732398,321.46514840915756,1.4767799467589733,217.6797898120594,0.008052355238453802,650.6103778236878,650.499099121516,-0.016521706608159548,0.013208677459124156,0.4333333333329392,0.08944173159957522,5.719544139815781,0.5711085497607701
1631,64200.0,K_I_693.8764,693.876396,0.00655092165605007,weak_anchor,detected,693.7629095577374,10.956110330581526,2.0381938998527986,5.375401394034587,0.00026683634459949483,22.68641897978182,22.656834770255273,0.0037571089633274823,0.07706753078398235,0.3999999999996362,0.07771280027135154,7.893891030478616,0.3815376349781675
1631,64200.0,K_I_766.4899,766.48991,1.0,strong_resonance,detected,766.3764235577374,462.35411397505646,3.9339476878190345,117.52929898043047,0.011260646156444275,821.5048667346036,815.967872838798,0.023576442230591965,0.0049335942400018295,0.46666666666624224,0.056484421916676346,15.236113879788153,0.5593677178016455
1631,64200.0,K_I_769.8964,769.89645,0.4984931955549362,weak_resonance,detected,769.7829635577374,309.60164108548776,3.1725099105282912,97.58886491041171,0.007540355810278831,682.4375472147699,680.1506010602017,-0.016296891105753275,0.022107220344952692,0.3999999999996362,0.12480814804243869,12.28707804916523,0.5347952920561213
1632,64300.0,K_I_693.8764,693.876396,0.00655092165605007,weak_anchor,missing,,,,,,,,,,,,,nan
1632,64300.0,K_I_766.4899,766.48991,1.0,strong_resonance,missing,,,,,,,,,,,,,nan
1632,64300.0,K_I_769.8964,769.89645,0.4984931955549362,weak_resonance,missing,,,,,,,,,,,,,nan
1633,64400.0,K_I_693.8764,693.876396,0.00655092165605007,weak_anchor,detected,693.7624524080009,16.270895525518185,1.0971200693469059,14.830551349957467,0.0003098908161126091,39.18185395143382,38.95228391280764,0.004214258699903439,0.029708147375399056,0.3999999999996362,0.11515801804453568,4.2491277573743576,0.44309934337664025
1633,64400.0,K_I_766.4899,766.48991,1.0,strong_resonance,detected,766.3759664080009,587.5935295435207,1.8981745357184012,309.55716583835346,0.01119113807394022,1029.7500279126275,1027.3091818694318,0.024033591967167922,0.021194971702701418,0.49999999999954525,0.06150320339042173,7.35159836503905,0.5559149339259342
1633,64400.0,K_I_769.8964,769.89645,0.4984931955549362,weak_resonance,detected,769.7825064080008,409.0033555364879,5.759963602104766,71.007975707873,0.0077897607689273955,901.3752101073915,896.6700054563629,-0.015839741369177318,0.011548435206788285,0.3999999999996362,0.12089908192517515,22.30824310573293,0.5524841917654536
1634,64500.0,K_I_693.8764,693.876396,0.00655092165605007,weak_anchor,detected,693.7624225075084,11.5179065891289,0.9253221996241779,12.447455160815258,0.00022975516265674712,34.428606466869496,34.194444314637714,0.004244159192353436,0.0322785218521978,0.29999999999972715,0.15766701231341296,3.5837574690237153,0.3285168724509856
1634,64500.0,K_I_766.4899,766.48991,1.0,strong_resonance,detected,766.3759365075084,554.0019077613847,6.959527895155618,79.6033748419938,0.011051035832327557,1055.5677453789594,1044.1256475946004,0.02406349245961792,0.012106720545741521,0.46666666666624224,0.053833923289643135,26.95413563542818,0.5489554157898527
1634,64500.0,K_I_769.8964,769.89645,0.4984931955549362,weak_resonance,detected,769.7824765075084,380.4535524204869,4.981657437158839,76.37087800992371,0.00758915408310471,886.9543696447336,881.4141408396936,-0.01580984087672732,0.018841085460104507,0.3666666666663332,0.13053992328609385,19.293876290644054,0.5382562807978164
1635,64600.0,K_I_693.8764,693.876396,0.00655092165605007,weak_anchor,detected,693.7619270295099,22.37471777575843,1.2187446958635055,18.358822690018343,0.00043339332176444974,41.13754279117211,40.903677871225305,0.004739637190823487,0.034892948731820105,0.33333333333303017,0.15837752264623473,4.720177910362273,0.619690182195867
1635,64600.0,K_I_766.4899,766.48991,1.0,strong_resonance,detected,766.37544102951,506.4182334259483,8.917569192810369,56.78882019039886,0.009809208884160623,952.6390736105295,943.7408440434705,0.02455897045808797,0.018499008368822702,0.46666666666624224,0.05641303975505802,34.53759697243829,0.48726820030948786
1635,64600.0,K_I_769.8964,769.89645,0.4984931955549362,weak_resonance,detected,769.7819810295099,364.57989899456436,1.525312460947727,239.0198128769228,0.007061831798611185,806.1981432602038,802.8394781189767,-0.01531436287825727,0.027052107591543795,0.3999999999996362,0.12618202317812463,5.907509759018571,0.5008562585390541
1636,64700.0,K_I_693.8764,693.876396,0.00655092165605007,weak_anchor,detected,693.761831578971,15.771763048476805,1.3933006089292002,11.319713023450088,0.0003385519300724922,31.905888359306346,31.87528147635048,0.004835087729702536,0.04317903124804092,0.3666666666663332,0.14135213994280094,5.396230054648353,0.48408061844434797
1636,64700.0,K_I_766.4899,766.48991,1.0,strong_resonance,detected,766.3753455789711,450.6902712817867,0.9564798774620362,471.19681438324363,0.009674382042030485,861.4460123386,861.2596028131059,-0.008678912336335998,0.026408449425297728,0.46666666666624224,0.07701169692280802,3.704430636396346,0.480570735356504
1636,64700.0,K_I_769.8964,769.89645,0.4984931955549362,weak_resonance,detected,769.781885578971,306.0431747587467,3.7012111690123057,82.68730444807787,0.006569430898855233,709.840146473035,705.5376165504351,-0.015218912339378221,0.009240960719736633,0.3666666666663332,0.13204790657439838,14.334729218394582,0.4659330149124455
1637,64800.0,K_I_693.8764,693.876396,0.00655092165605007,weak_anchor,detected,693.7617493876336,20.81462941401097,2.565980892114745,8.111763216154216,0.00041824073317196374,39.97667123493147,38.814294097771885,-0.02841605426613114,-0.07597547904295643,0.3999999999996362,0.10289681361086411,9.938001261855895,0.5980241575617355
1637,64800.0,K_I_766.4899,766.48991,1.0,strong_resonance,detected,766.3752633876336,494.51271821086124,0.5802536374418473,852.2354472278874,0.00993653827380423,907.9846735726651,898.4909527070729,0.02473661233443636,0.01853040989900902,0.46666666666624224,0.049775246382168674,2.247312674390595,0.49359323255936993
1637,64800.0,K_I_769.8964,769.89645,0.4984931955549362,weak_resonance,detected,769.7818033876335,359.648573863741,4.382769252253096,82.0596643728968,0.007226632779528135,764.8762216452355,763.2668327938504,-0.015136721001908882,0.0244108749235706,0.3999999999996362,0.12216518735020244,16.974392324261615,0.5125446709877707
1638,64900.0,K_I_693.8764,693.876396,0.00655092165605007,weak_anchor,detected,693.761363850895,9.652083814945042,0.7105058664007602,13.58480523720376,0.00023064949341429811,24.706922633557497,23.719280855650553,0.03863614913905167,0.06347443050116557,0.3666666666663332,0.09153838693176834,2.7517773879553187,0.3297956369410193
1638,64900.0,K_I_766.4899,766.48991,1.0,strong_resonance,detected,766.374877850895,379.0617746031794,3.362624448248526,112.72795414326434,0.00905818970920799,654.3401382510456,650.5933161501373,0.025122149073013134,0.016631810706520592,0.46666666666624224,0.05669445959637722,13.02338848762829,0.44996164826246215
1638,64900.0,K_I_769.8964,769.89645,0.4984931955549362,weak_resonance,detected,769.781417850895,251.4130403816021,1.8390123111142722,136.7109066438326,0.006007851932654936,577.8830868881785,575.5420915752228,-0.014751184263332107,0.029116107990363446,0.3666666666663332,0.1345693572262879,7.122464054422466,0.426103357692257
1639,65000.0,K_I_693.8764,693.876396,0.00655092165605007,weak_anchor,detected,693.7613708141487,15.167556595527445,0.8684659648858086,17.46476800333997,0.0003910668429311013,40.44950293095506,38.39579587306878,-0.028037480781222257,-0.05227086199453895,0.29999999999972715,0.18092705193164102,3.3635542187537513,0.5591693987348729
1639,65000.0,K_I_766.4899,766.48991,1.0,strong_resonance,detected,766.3748848141487,482.65490194832887,6.366491664864412,75.81175431549207,0.012444346427282245,953.7644460392057,951.816468356134,0.025115185819345243,0.008839098578405213,0.46666666666624224,0.0786745415644805,24.657316191810622,0.6181675157760187
1639,65000.0,K_I_769.8964,769.89645,0.4984931955549362,weak_resonance,detected,769.7814248141486,327.2141725960025,2.296808917763339,142.4646909306882,0.008436600360348373,777.1476913496613,774.0792574458342,-0.014758147516999998,0.01572990096385087,0.3666666666663332,0.14229639863849317,8.895502687926182,0.5983609085824353
1640,65100.0,K_I_693.8764,693.876396,0.00655092165605007,weak_anchor,low_snr,693.7613541487551,13.467605760822062,3.914211955723191,3.4406940434409314,0.00044573788451189394,38.590135060455395,38.41367173530234,0.005312517945640138,0.07810763182311906,0.33333333333303017,0.11901395189630885,15.159677718055669,0.6373411333156208
1640,65100.0,K_I_766.4899,766.48991,1.0,strong_resonance,detected,766.3748681487551,480.08673951065435,1.7761473783758137,270.29667996901617,0.01588944994768169,760.5585140956271,756.595012080852,0.02513185121290462,0.013451091844240308,0.5333333333328483,0.04320920165928696,6.878989216865746,0.7893015401493374
1640,65100.0,K_I_769.8964,769.89645,0.4984931955549362,weak_resonance,detected,769.7814081487551,343.44242745028293,1.6374174226906886,209.74641083635268,0.011366927706530548,691.2433725146266,689.7226137410963,-0.014741482123440619,0.017060292653700564,0.4333333333329392,0.10300552733855572,6.341690408876675,0.8061926486689267
1641,65200.0,K_I_693.8764,693.876396,0.00655092165605007,weak_anchor,detected,693.7612393505309,18.781202001297654,2.3851371063420324,7.87426515287478,0.0005018124384911754,40.50668923343028,29.842904644522417,0.10542731616976653,0.20751185590029178,0.33333333333303017,0.131674420716576,9.23759629129244,0.7175196889761045
1641,65200.0,K_I_766.4899,766.48991,1.0,strong_resonance,detected,766.3747533505309,510.18583670675457,3.3879005428384903,150.59055903669022,0.013631587519466967,888.1796367952475,881.456098885914,0.02524664943712196,0.015447031010721413,0.49999999999954525,0.05082897994667581,13.121282381032474,0.6771432025163081
1641,65200.0,K_I_769.8964,769.89645,0.4984931955549362,weak_resonance,detected,769.7812933505309,348.9389742483378,4.674098165720024,74.6537539171656,0.009323254046256968,758.146703793811,752.7882256165357,-0.01462668389922328,0.011589736756450489,0.3999999999996362,0.10296511510748524,18.102704354388752,0.6612462987203562
1642,65300.0,K_I_693.8764,693.876396,0.00655092165605007,weak_anchor,detected,693.7609385553138,18.188607211998043,1.1645842259314922,15.618112290203737,0.0005017729476126564,43.30922140237976,42.94706454858801,0.005728111386929413,0.06246460070696677,0.33333333333303017,0.1504906397592467,4.510415312292627,0.7174632226936872
1642,65300.0,K_I_766.4899,766.48991,1.0,strong_resonance,detected,766.3744525553138,466.1711672185928,1.9239150439257149,242.3034055949678,0.012860362420329065,760.8838388550548,759.4992017077418,-0.007785888679109121,0.020310973352918975,0.5333333333328483,0.04321339446002039,7.451290924648982,0.6388329299420088
1642,65300.0,K_I_769.8964,769.89645,0.4984931955549362,weak_resonance,detected,769.7809925553138,319.84213306635877,5.4556049013371455,58.62633728992487,0.008823552458352113,677.4600901095346,673.6553846244693,-0.014325888682151344,0.014993464023734365,0.3999999999996362,0.10477223617496319,21.12946692638554,0.6258052580893303
1643,65400.0,K_I_693.8764,693.876396,0.00655092165605007,weak_anchor,detected,693.7609385553138,22.84220352394723,1.1367403526576783,20.09447757400586,0.0008199587048282494,39.54402804882761,39.19124720487235,0.03906144472023243,0.033607869553446586,0.3999999999996362,0.09169337522262064,4.402576454809139,1.1724231400692178
1643,65400.0,K_I_766.4899,766.48991,1.0,strong_resonance,detected,766.3744525553138,379.0111760276606,2.7504158864593333,137.80140592322184,0.013605233518091396,612.3740969427363,602.7284052017146,0.05888077798749691,0.01695826308195481,0.5333333333328483,0.056690056177075406,10.652314923410996,0.6758340789189949
1643,65400.0,K_I_769.8964,769.89645,0.4984931955549362,weak_resonance,detected,769.7809925553138,270.22696321306074,2.9911246887289598,90.34292827421054,0.009700244135096613,511.25712790305124,510.3838484772569,-0.014325888682151344,0.015868747504350605,0.46666666666624224,0.07918014312521358,11.584576105887642,0.6879840985982384
1644,65500.0,K_I_693.8764,693.876396,0.00655092165605007,weak_anchor,detected,693.7610945963004,13.547030598593162,1.0688641455420596,12.674230541920718,0.00040389602826429574,26.369055549414725,26.08370120191923,0.03890540373367912,0.0830669675474415,0.3999999999996362,0.08740298111952938,4.139693035046382,0.577513290523941
1644,65500.0,K_I_766.4899,766.48991,1.0,strong_resonance,detected,766.3746085963003,384.64797191548956,1.8664592682917658,206.0843107856995,0.011468032570378654,633.7024683256491,616.8048883178235,0.05872473700105729,0.019852730917713703,0.5333333333328483,0.07087237546048554,7.228765662475064,0.5696695480389053
1644,65500.0,K_I_769.8964,769.89645,0.4984931955549362,weak_resonance,detected,769.7811485963002,275.8318537144551,2.585669669313107,106.67714325153179,0.008223749800610632,532.7865764186195,530.9569589461711,-0.014481929668590965,0.017686034738668914,0.46666666666624224,0.0914301444806807,10.014255568052409,0.5832646080731037
1645,65600.0,K_I_693.8764,693.876396,0.00655092165605007,weak_anchor,low_snr,693.7609385553138,10.829473162676992,2.5145149809056453,4.306784109425577,0.00022734059946624333,25.303403746548156,25.29391034051336,0.005728111386929413,0.1522743345655477,0.33333333333303017,0.13330550165454702,9.738674644845482,0.32506439400172155
1645,65600.0,K_I_766.4899,766.48991,1.0,strong_resonance,detected,766.3744525553138,388.9847135540276,2.007164845541759,193.7980900861363,0.008165865193456709,683.3985100216305,679.5184693849781,0.025547444654193896,0.01866525031796493,0.46666666666624224,0.057051208479308765,7.773716019883283,0.40563581464867743
1645,65600.0,K_I_769.8964,769.89645,0.4984931955549362,weak_resonance,detected,769.7809925553138,257.12862070398313,1.2158412576542355,211.4820656769538,0.0053978410484672055,552.9423891960625,550.7944360646904,-0.014325888682151344,0.02828289039102948,0.3999999999996362,0.11610294050621138,4.708932942531018,0.3828386952313848
1646,65700.0,K_I_693.8764,693.876396,0.00655092165605007,weak_anchor,detected,693.7609061754849,20.436414987760795,1.3434091772014252,15.212353268520694,0.0003790434201419007,36.54249507935356,36.171185666808306,-0.027572842117479013,0.10548710910375216,0.33333333333303017,0.17076755699826496,5.20300137044806,0.5419776316155189
1646,65700.0,K_I_766.4899,766.48991,1.0,strong_resonance,detected,766.374420175485,549.4880076810839,5.870952047481153,93.59436139779642,0.010191602288519496,1027.2497382468964,1019.5622527049858,0.0255798244829748,0.0201933136157062,0.46666666666624224,0.06392534328323328,22.738099506297523,0.506263426953406
1646,65700.0,K_I_769.8964,769.89645,0.4984931955549362,weak_resonance,detected,769.780960175485,368.38766314971895,3.5576463038420005,103.54814157660556,0.00683265239338593,854.5784489075065,848.2598980480482,-0.01429350885337044,0.01649865736840734,0.3999999999996362,0.11916686115539134,13.77870488648897,0.4846018442866641
1647,65800.0,K_I_693.8764,693.876396,0.00655092165605007,weak_anchor,detected,693.7609272685579,19.439550860344383,1.2400289932942643,15.676690597936119,0.0003891579533303005,45.9003468301803,45.84118461392581,0.005739398142850405,0.06480146981760583,0.3666666666663332,0.12419040561845993,4.802611639847402,0.5564399608660657
1647,65800.0,K_I_766.4899,766.48991,1.0,strong_resonance,detected,766.3744412685579,489.03647855179827,1.2670765645068838,385.95653352812167,0.009789960501880841,820.136797203782,816.1232833685125,0.025558731410114888,0.02278227523250507,0.5333333333328483,0.05131599464086428,4.907366432709331,0.48631204526140004
1647,65800.0,K_I_769.8964,769.89645,0.4984931955549362,weak_resonance,detected,769.7809812685579,344.9701389945389,2.2898085986383574,150.65457401097916,0.006905914350369192,723.8900802841699,721.7113381151989,-0.014314601926230353,0.025544128671288732,0.4333333333329392,0.12697927011726043,8.868390568536967,0.48979790540994117
1648,65900.0,K_I_693.8764,693.876396,0.00655092165605007,weak_anchor,detected,693.7609385553138,13.171561447802327,0.7459135504716247,17.658294904917923,0.00028676604523623185,23.37929267375239,23.122321525086644,0.03906144472023243,0.08253725582860365,0.49999999999954525,0.041941862644761935,2.888910758689675,0.4100342434824421
1648,65900.0,K_I_766.4899,766.48991,1.0,strong_resonance,detected,766.3744525553138,427.9776573404161,0.7261196220094109,589.4037901855093,0.009317760899597495,769.6710608735101,768.4821445018084,-0.007785888679109121,0.0194248400628736,0.46666666666624224,0.05872848872522216,2.8122492033994306,0.46285573465484386
1648,65900.0,K_I_769.8964,769.89645,0.4984931955549362,weak_resonance,detected,769.7809925553138,294.30180265342176,2.780788248509743,105.83394935272096,0.006407422869890429,678.6861272875904,676.0925533056806,-0.014325888682151344,0.03097236323672472,0.3666666666663332,0.1323971861482975,10.76994657581732,0.4544426909349534
1649,66000.0,K_I_693.8764,693.876396,0.00655092165605007,weak_anchor,detected,693.7609272685579,20.81277599651821,1.7405843640403793,11.957349742132568,0.0004887094182698457,49.67202147007356,49.27015006852771,0.005739398142850405,0.0026934046796613337,0.29999999999972715,0.17264756701349723,6.741254254603548,0.6987842526403203
1649,66000.0,K_I_766.4899,766.48991,1.0,strong_resonance,detected,766.3744412685579,538.5254506424105,2.9368949328923835,183.36558268090542,0.01264523577974351,920.9293492880834,912.8831877227785,0.025558731410114888,0.015054069039278617,0.49999999999954525,0.049362061917324805,11.374545164663495,0.6281466073002294
1649,66000.0,K_I_769.8964,769.89645,0.4984931955549362,weak_resonance,detected,769.7809812685579,379.4778712938111,8.435334995906544,44.98669839170136,0.008910604224890647,810.4547342626756,806.6820944240576,-0.014314601926230353,0.00990129378255801,0.3999999999996362,0.11136447420483127,32.66991195885637,0.6319793533285117
1650,66100.0,K_I_693.8764,693.876396,0.00655092165605007,weak_anchor,detected,693.7608451386714,18.7746160104909,1.3351005161473575,14.062323984914638,0.00037414966322470904,50.547112100344066,50.29670821299576,0.005821528029400724,0.07258178374493339,0.33333333333303017,0.12048899675847125,5.1708220645563445,0.534980262336061
1650,66100.0,K_I_766.4899,766.48991,1.0,strong_resonance,detected,766.3743591386715,514.6752382114792,1.761928435118153,292.1090482185025,0.010256698029899512,946.9882463979238,938.3361949982456,0.02564086129655152,0.014077000401360217,0.46666666666624224,0.058482916954031954,6.823919486428108,0.5094970296959545
1650,66100.0,K_I_769.8964,769.89645,0.4984931955549362,weak_resonance,detected,769.7808991386714,351.65618651039983,1.603436757694154,219.3140358189769,0.007007975219319085,790.506075225685,786.3817892998984,-0.01423247203979372,0.019031770725284038,0.3666666666663332,0.1336333784759784,6.210083859251923,0.49703651239227414
1651,66200.0,K_I_693.8764,693.876396,0.00655092165605007,weak_anchor,detected,693.7608850824121,22.53491897685977,0.8605672583318503,26.186121722248814,0.0004383728358235061,38.34812228957185,30.736835756303773,0.10578158428859297,0.10569288192715182,0.3999999999996362,0.10017360713959536,3.3329626598136635,0.626810171867006
1651,66200.0,K_I_766.4899,766.48991,1.0,strong_resonance,detected,766.3743990824121,616.616167596964,5.291246200792165,116.53514960325394,0.011995063229722368,1187.0717093745225,1186.5813945333878,-0.007732415777354618,0.01850831551758444,0.46666666666624224,0.07700644535054856,20.492908416369957,0.5958495676428318
1651,66200.0,K_I_769.8964,769.89645,0.4984931955549362,weak_resonance,detected,769.780939082412,422.60386321672604,2.186475843344134,193.2808288292676,0.008220932772756784,995.1345080898818,989.4846924366726,-0.014272415780396841,0.020452083963657892,0.3666666666663332,0.1356553380443934,8.468184528164349,0.5830648120327397
1652,66300.0,K_I_693.8764,693.876396,0.00655092165605007,weak_anchor,detected,693.7607583414872,12.419420306030238,1.2656992915019876,9.812299326874305,0.0002891474586018786,23.513041641174652,23.06552135259292,0.039241658546870894,0.09019210003235065,0.3666666666663332,0.07753653002035348,4.902032277298183,0.41343932244497256
1652,66300.0,K_I_766.4899,766.48991,1.0,strong_resonance,detected,766.3742723414873,370.342457935219,2.0541952151607576,180.2859120700642,0.008622268824604266,666.1984584071724,659.7790186901789,0.025727658480718674,0.025641668512953367,0.46666666666624224,0.0512452756070645,7.95586385818381,0.4283074672345542
1652,66300.0,K_I_769.8964,769.89645,0.4984931955549362,weak_resonance,detected,769.7808123414873,253.16309817956866,4.314373561810938,58.678993497564605,0.005894112981654808,571.1312382338965,566.6309501690125,-0.014145674855626567,0.021701706173813576,0.3999999999996362,0.117404719496478,16.709496954226534,0.41803648962280165
1653,66400.0,K_I_693.8764,693.876396,0.00655092165605007,weak_anchor,detected,693.7608451386714,14.525516700470188,0.7940229200777672,18.29357356466177,0.00026624124160968155,39.7971305005903,38.91380940103084,0.03915486136270374,0.045771114493496357,0.33333333333303017,0.09629288389127087,3.075237545970972,0.38068672320435126
1653,66400.0,K_I_766.4899,766.48991,1.0,strong_resonance,detected,766.3743591386715,560.7120808755174,6.258894007569176,89.5864477330055,0.010277409311918909,1030.764030803477,1025.0217997347547,0.02564086129655152,0.015902813065123558,0.46666666666624224,0.0618165108106196,24.240592257014864,0.5105258536546317
1653,66400.0,K_I_769.8964,769.89645,0.4984931955549362,weak_resonance,detected,769.7808991386714,372.02705281546906,3.506934637061151,106.08325826318557,0.006818961865279111,851.2926006520447,847.9078731137993,-0.01423247203979372,0.019569341379930928,0.3666666666663332,0.13855395795339392,13.582299445588143,0.4836308516489813
1654,66500.0,K_I_693.8764,693.876396,0.00655092165605007,weak_anchor,detected,693.7608051949308,18.872867341775397,1.605075787322572,11.758240633146201,0.0004451550185910135,33.97624723316585,32.294221892375475,0.03919480510330686,0.10260694485740574,0.3666666666663332,0.09970681727752956,6.216431793706733,0.6365077187922137
1654,66500.0,K_I_766.4899,766.48991,1.0,strong_resonance,detected,766.3743191949308,410.342181795476,1.6220013982716195,252.98509744364617,0.009678756187805565,735.8114290376047,729.987654471331,0.02568080503726833,0.02181296366795189,0.46666666666624224,0.05209389957823314,6.281984403036839,0.48078801915226005
1654,66500.0,K_I_769.8964,769.89645,0.4984931955549362,weak_resonance,detected,769.7808591949307,284.1411894214273,1.0379433760012227,273.7540370613557,0.006702048722580031,643.6962732534407,641.8306527677364,-0.014192528299076912,0.019901453330673103,0.3666666666663332,0.13580610193876383,4.0199374095626945,0.4753388559039368
1655,66600.0,K_I_693.8764,693.876396,0.00655092165605007,weak_anchor,detected,693.7605780072621,9.543296013091192,1.8740430679261435,5.092356828091474,0.00020887238962088582,31.097049268726323,30.99488417928147,-0.0272446738946428,0.011125847784697917,0.23333333333312112,0.22313301989120832,7.2581375921600095,0.29865750734895197
1655,66600.0,K_I_766.4899,766.48991,1.0,strong_resonance,detected,766.3740920072621,433.6608957207163,5.032317627660577,86.1751836444228,0.009491457401097619,854.9582942244124,853.3780805521274,-0.0074253406273783185,0.007913201157102498,0.46666666666624224,0.06693954086261723,19.49008236477316,0.4714840330921099
1655,66600.0,K_I_769.8964,769.89645,0.4984931955549362,weak_resonance,detected,769.780632007262,297.86763653927295,1.5050586624833713,197.9109811226803,0.006519374956968435,693.9826552172331,692.1687546051169,-0.013965340630420542,0.01885352952332887,0.3666666666663332,0.14348035530116418,5.829067134868607,0.46238282673379183
1656,66700.0,K_I_693.8764,693.876396,0.00655092165605007,weak_anchor,detected,693.7606652014795,14.532636282167308,1.6016888766784279,9.073320351893182,0.0002752148251660655,29.547039221777595,29.287323364678052,-0.02733186811201449,0.09398207225389378,0.3999999999996362,0.11334292863671828,6.203314345186858,0.393517658407427
1656,66700.0,K_I_766.4899,766.48991,1.0,strong_resonance,detected,766.3741792014796,410.6256413802803,3.2006546386182357,128.29426718702544,0.007776308572440491,812.0554856056008,811.8676260773806,-0.007512534844863694,0.02452811397196798,0.4333333333329392,0.08184455304094161,12.396082112341219,0.3862847583216248
1656,66700.0,K_I_769.8964,769.89645,0.4984931955549362,weak_resonance,detected,769.7807192014795,290.63146550231505,2.4387610134948936,119.17176955597728,0.005503893884974351,690.9434685738647,686.7402265805638,-0.014052534847905918,0.012846818780463178,0.33333333333303017,0.14122756393976196,9.445280790654234,0.3903604301601138
1657,66800.0,K_I_693.8764,693.876396,0.00655092165605007,weak_anchor,detected,693.7608662317443,11.615825153147043,1.1584894400647656,10.026699209703333,0.00024342123399952853,23.455824720270385,23.250443013201366,0.03913376828973014,0.08503924745280962,0.3999999999996362,0.08856214032497556,4.486810308132074,0.34805739099389177
1657,66800.0,K_I_766.4899,766.48991,1.0,strong_resonance,detected,766.3743802317443,441.04283151586463,1.8912675277006974,233.1996002977226,0.009242493656608751,846.1048325092689,845.4594233493237,0.025619768223691608,0.024127996172204926,0.46666666666624224,0.07873697871148874,7.324847638014337,0.4591168669778996
1657,66800.0,K_I_769.8964,769.89645,0.4984931955549362,weak_resonance,detected,769.7809202317443,298.7647377782186,1.7480753272730254,170.91067708408636,0.006260913898640784,719.2320109488749,713.1198178333743,-0.014253565112653632,0.022903153376837623,0.33333333333303017,0.12780099471859546,6.7702666304506645,0.44405162849178753
1658,66900.0,K_I_693.8764,693.876396,0.00655092165605007,weak_anchor,detected,693.7609498420697,11.380546490168062,1.1464967454810182,9.926366154134435,0.0002311401118972569,34.13757559209921,33.260767255440406,-0.027616508702294595,-0.012048216063679673,0.1999999999998181,0.27667895159975253,4.440362801733026,0.33049715088187936
1658,66900.0,K_I_766.4899,766.48991,1.0,strong_resonance,detected,766.3744638420698,458.543086719095,1.2620294403722456,363.3378683969877,0.009313058952444034,896.154494750856,887.9737849805067,0.025536157898272904,0.025525225071889313,0.46666666666624224,0.06179804971824427,4.887819004989619,0.4626221674676758
1658,66900.0,K_I_769.8964,769.89645,0.4984931955549362,weak_resonance,detected,769.7810038420697,308.477906856935,2.937719268916659,105.0059173866168,0.006265219158881588,744.9457951948411,739.38968596008,-0.014337175438072336,0.02494200397112329,0.33333333333303017,0.13747961609001566,11.377737804357196,0.4443569765371304
1659,67000.0,K_I_693.8764,693.876396,0.00655092165605007,weak_anchor,detected,693.7609962631038,10.809069273131918,0.5535964391300449,19.52517846776245,0.00023830585924242996,27.366463333251204,25.51149911862819,0.07233707026352931,0.06164041965371229,0.3999999999996362,0.07070468811111996,2.1440697892723417,0.3407431400443826
1659,67000.0,K_I_766.4899,766.48991,1.0,strong_resonance,detected,766.3745102631038,474.8821530171452,2.2341709357392237,212.55408233122512,0.010469652534741856,875.4554182609841,869.486562725057,0.025489736864187762,0.017659810569406457,0.46666666666624224,0.059390836254911074,8.652906826706523,0.520075452436027
1659,67000.0,K_I_769.8964,769.89645,0.4984931955549362,weak_resonance,detected,769.7810502631038,331.59842630331394,6.897997197771439,48.07169629040218,0.007310698627871067,759.3234446031174,755.3420837470157,-0.014383596472157478,0.015443269692808978,0.3999999999996362,0.12176117640743789,26.71582826917851,0.5185069917386321
1660,67100.0,K_I_693.8764,693.876396,0.00655092165605007,weak_anchor,detected,693.7610468051886,13.862840251932715,1.517605998153721,9.13467676643205,0.00027507138213903704,28.82595104887747,27.278088672163975,0.03895319484547599,0.026827481452357454,0.33333333333303017,0.12585154399439727,5.877662756959191,0.39331255548800015
1660,67100.0,K_I_766.4899,766.48991,1.0,strong_resonance,detected,766.3745608051886,420.2465751646598,2.63127272006361,159.71228370220038,0.00833868126364822,824.7583313709433,822.1148899324273,-0.00789413855386556,0.018857401643416552,0.46666666666624224,0.06139576444231477,10.19087542414552,0.4142203780422402
1660,67100.0,K_I_769.8964,769.89645,0.4984931955549362,weak_resonance,detected,769.7811008051885,279.36729049113086,3.4918945183449766,80.00450443833573,0.00554330464199929,684.1846840449757,680.0347391547084,-0.014434138556907783,0.017623611231945495,0.33333333333303017,0.14850336628885535,13.524049316275363,0.3931556148760093
1661,67200.0,K_I_693.8764,693.876396,0.00655092165605007,weak_anchor,detected,693.7611112992594,20.210845923775626,3.5187173191828918,5.743810624852621,0.0003231501044697562,38.89115802837523,38.06239937892076,0.03888870077469164,-0.06686143195165188,0.3666666666663332,0.08311575108443185,13.627933577219341,0.46205822069476793
1661,67200.0,K_I_766.4899,766.48991,1.0,strong_resonance,detected,766.3746252992594,638.8072795180047,4.635182008398668,137.81708644030047,0.01021385447649389,1231.7351475113765,1230.770668726419,0.02537470070865311,0.013713537358836294,0.46666666666624224,0.07795585563731035,17.951982725184614,0.5073687947476162
1661,67200.0,K_I_769.8964,769.89645,0.4984931955549362,weak_resonance,detected,769.7811652992593,433.70639124142133,4.492969237715506,96.53001574120358,0.006934507648390611,1062.273357337448,1055.3729300252928,-0.014498632627692132,0.024568945102126698,0.33333333333303017,0.14762705067501236,17.401195032710216,0.49182586822110813
1662,67300.0,K_I_693.8764,693.876396,0.00655092165605007,weak_anchor,detected,693.7611569249133,17.13861652266058,1.3447345485020976,12.744981187366175,0.00024396573494585758,36.57079790263697,33.62934196598618,0.07217640845408368,0.07130942485052785,0.33333333333303017,0.10897895631577735,5.20813451142311,0.3488359491157907
1662,67300.0,K_I_766.4899,766.48991,1.0,strong_resonance,detected,766.3746709249133,596.6252723600866,2.067308577246304,288.6000082071944,0.008492874723356317,1144.0086277606276,1142.8903514716392,-0.008004258278560883,0.020604911611789522,0.46666666666624224,0.07202772960027244,8.006651691153964,0.4218798713305093
1662,67300.0,K_I_769.8964,769.89645,0.4984931955549362,weak_resonance,detected,769.7812109249132,385.6870131188321,7.143157884089018,53.99390848939909,0.00549019901870127,924.2975024582511,918.429459564331,-0.014544258281603106,0.01101887407895423,0.33333333333303017,0.15111652530553515,27.66533152443214,0.3893891298405456
1663,67400.0,K_I_693.8764,693.876396,0.00655092165605007,weak_anchor,detected,693.7612746307364,10.543184433821876,1.1397886841416907,9.250122045001124,0.0002038853950472923,28.276428082765392,28.18833529075721,0.005392035964405295,0.13370628574640156,0.26666666666642413,0.1618139407330034,4.4143825918804485,0.29152682161679017
1663,67400.0,K_I_766.4899,766.48991,1.0,strong_resonance,detected,766.3747886307364,564.018544657505,6.04268905076312,93.3389985682411,0.01090705986538536,1066.2439016373937,1065.803674452353,-0.008121964101633239,0.015635968683698865,0.46666666666624224,0.07769245375653297,23.40323405993675,0.5418034720267808
1663,67400.0,K_I_769.8964,769.89645,0.4984931955549362,weak_resonance,detected,769.7813286307363,382.49429182882864,3.588762678254724,106.58110499935373,0.007396721577086713,888.2635931671762,881.6520617214015,-0.014661964104675462,0.012858134194754288,0.3666666666663332,0.12745218851068774,13.899218086383913,0.5246081187155047
1664,67500.0,K_I_693.8764,693.876396,0.00655092165605007,weak_anchor,detected,693.7613882557891,19.978629385638477,0.7907464312097263,25.265532156843374,0.00038348409979718865,45.16817611902306,44.132913403742,0.038611744244917645,0.09169872606341856,0.3666666666663332,0.08268359973491046,3.062547759151004,0.5483271655064784
1664,67500.0,K_I_766.4899,766.48991,1.0,strong_resonance,detected,766.3749022557892,618.6017113679908,7.656198659052357,80.79750002784776,0.011873883630249497,1156.0851888416964,1152.191599774629,-0.008235589154423906,0.015781228243108264,0.46666666666624224,0.05249230654447114,29.652329901792307,0.5898300235545499
1664,67500.0,K_I_769.8964,769.89645,0.4984931955549362,weak_resonance,detected,769.7814422557891,446.2826124298671,1.8338321583217652,243.36066439050967,0.00856626761422532,1008.1408397233613,1002.0564192650295,-0.014775589157466129,0.01402463686179709,0.3666666666663332,0.125720241594521,7.102401408926259,0.6075574821463389
1665,67600.0,K_I_693.8764,693.876396,0.00655092165605007,weak_anchor,detected,693.7616699234513,21.121473396840763,1.9872978815347575,10.62823726281487,0.0005370847082469186,45.715450436706305,45.47023219726235,0.004996743249421343,0.08625814511120733,0.3666666666663332,0.13161593954540954,7.6967715991443955,0.7679539669719204
1665,67600.0,K_I_766.4899,766.48991,1.0,strong_resonance,detected,766.3751839234513,528.5671710963209,2.48526116709701,212.68073476307157,0.013440603292364474,879.9158010717688,873.108208264054,0.024816076516685825,0.016722776627568083,0.5333333333328483,0.04278414459275278,9.625375111151483,0.667656143801716
1665,67600.0,K_I_769.8964,769.89645,0.4984931955549362,weak_resonance,detected,769.7817239234513,388.8477073983785,2.3653796660820596,164.3912446590249,0.009887764624970674,776.3739523952238,773.7529365466052,-0.015057256819659415,0.023416632591555974,0.4333333333329392,0.10600420232824169,9.161076054201809,0.7012838788303595
1666,67700.0,K_I_693.8764,693.876396,0.00655092165605007,weak_anchor,detected,693.7620127113007,25.816740135819675,1.5324088833815117,16.847161626243512,0.000539263020060105,63.425933984107814,63.07634242438358,0.0046539554000446515,0.05106855561840061,0.33333333333303017,0.13872496077813526,5.934994084922296,0.7710686398951144
1666,67700.0,K_I_766.4899,766.48991,1.0,strong_resonance,detected,766.3755267113008,561.9929964696196,4.276839462072908,131.4038091570619,0.011738973973261199,892.0436902759757,884.9442633124966,0.024473288667195447,0.012132385547189655,0.5666666666661513,0.041098710342694474,16.564128011026124,0.5831284448093764
1666,67700.0,K_I_769.8964,769.89645,0.4984931955549362,weak_resonance,detected,769.7820667113008,400.8228170629674,2.5117326992292193,159.58020420961543,0.008372432836261807,782.8849120990271,780.6616915000744,-0.015400044669149793,0.01662299259892815,0.4333333333329392,0.09747986514433397,9.727898914248216,0.593809864752698
1667,67800.0,K_I_693.8764,693.876396,0.00655092165605007,weak_anchor,detected,693.7620909197024,17.987094067293445,1.3064739518544606,13.76766375002108,0.0003913542044122729,55.488204301288306,55.406293695462864,0.004575746998398245,0.007131798108688613,0.26666666666642413,0.17229657659118536,5.059951857790718,0.5595802843661936
1667,67800.0,K_I_766.4899,766.48991,1.0,strong_resonance,detected,766.3756049197023,588.2057437789799,3.0302207875953204,194.11316369648426,0.01279788664172979,918.778494199365,915.2826801461156,0.024395080265776414,0.019257494115191925,0.5999999999994543,0.04137894022605411,11.735994645698872,0.6357294727151819
1667,67800.0,K_I_769.8964,769.89645,0.4984931955549362,weak_resonance,detected,769.7821449197022,433.56301193992755,9.61114418209069,45.11044717733238,0.00943324735866413,823.0237201835243,822.8866124303033,0.01785508026273419,0.01686838902415994,0.46666666666624224,0.07966842623540575,37.2238013552694,0.6690475095800376
1668,67900.0,K_I_693.8764,693.876396,0.00655092165605007,weak_anchor,detected,693.7620909197024,18.702958871704396,3.031300222249766,6.169946062888967,0.0004470120499149177,53.272156341472964,53.042024918673626,0.004575746998398245,-0.029079161922428008,0.26666666666642413,0.1524984190322729,11.740175278138862,0.6391630067758136
1668,67900.0,K_I_766.4899,766.48991,1.0,strong_resonance,detected,766.3756049197023,597.1896335596379,1.418708736044559,420.93885685418184,0.014273194103490271,983.2214270336968,966.1841770801491,0.05772841359907943,0.02395280505598608,0.5333333333328483,0.06379683692893356,5.494635307824548,0.7090147315249908
1668,67900.0,K_I_769.8964,769.89645,0.4984931955549362,weak_resonance,detected,769.7821449197022,423.0269424042661,3.5116815662662093,120.46278525591057,0.010110600252640043,811.4054874691765,810.4130915231211,0.01785508026273419,0.024776024334449614,0.49999999999954525,0.07487371119752746,13.600684223344976,0.7170883643982019
1669,68000.0,K_I_693.8764,693.876396,0.00655092165605007,weak_anchor,detected,693.7622553854198,23.049667191636132,1.0954494344059647,21.04128813954375,0.0005458302313884501,56.55460472887904,55.594306943883595,0.03774461461421197,0.03879017363161455,0.33333333333303017,0.09800844773943405,4.242657416070494,0.7804588085484119
1669,68000.0,K_I_766.4899,766.48991,1.0,strong_resonance,detected,766.3757693854199,622.5193743673093,1.903558742676846,327.0292428653409,0.014741639926063609,1009.8912324008852,994.5928550076803,0.024230614548173435,0.020372436580683884,0.5333333333328483,0.05833187837114226,7.37245130892166,0.7322845747512257
1669,68000.0,K_I_769.8964,769.89645,0.4984931955549362,weak_resonance,detected,769.7823093854198,457.17445667134524,3.0802146817099487,148.4229198003659,0.01082617104165209,878.4812606835194,875.4752314247335,-0.015642718788171805,0.02729966079367201,0.4333333333329392,0.09454073884509039,11.929620165017061,0.7678398008986999
1670,68100.0,K_I_693.8764,693.876396,0.00655092165605007,weak_anchor,detected,693.7623124863969,18.930212157422787,1.5989836756234264,11.83890270176905,0.0005064984941859722,45.29818430794296,45.08802413992095,-0.028979153029467852,0.10131144294571649,0.29999999999972715,0.20380141094835563,6.1928371465526855,0.724220075349079
1670,68100.0,K_I_766.4899,766.48991,1.0,strong_resonance,detected,766.3758264863969,459.51602649679444,2.1051754432994736,218.27920706532086,0.012294852986298182,741.5053047764841,737.5520693734776,0.024173513571099647,0.019931489592337925,0.5333333333328483,0.04648518438983907,8.153309432751094,0.6107414938810216
1670,68100.0,K_I_769.8964,769.89645,0.4984931955549362,weak_resonance,detected,769.7823664863969,330.8763862184659,2.789038145952561,118.63458615603095,0.008852958962514085,655.0779153765479,654.9901562571694,0.017633513568057424,0.034435564391732815,0.4333333333329392,0.08905348771064957,10.801898291221303,0.627890897066766
1671,68200.0,K_I_693.8764,693.876396,0.00655092165605007,weak_anchor,detected,693.7628681482738,16.43291587893969,1.414224147429046,11.619739281650299,0.000338892246906869,44.06136442915249,43.84496498493282,0.0037985184269473393,0.05806368913158114,0.3666666666663332,0.1430690089215982,5.477266570802059,0.4845672226223743
1671,68200.0,K_I_766.4899,766.48991,1.0,strong_resonance,detected,766.3763821482738,548.2831588104348,1.6350854586373311,335.32385473440036,0.011307117555965546,962.3586319019241,956.818219527183,0.023617851694211822,0.019156177843985243,0.46666666666624224,0.05860646465344854,6.332658750934058,0.5616761644335811
1671,68200.0,K_I_769.8964,769.89645,0.4984931955549362,weak_resonance,detected,769.7829221482738,374.8328920937578,2.640867615208993,141.93551010851948,0.007730092574687351,823.8310075207423,821.4513435051639,-0.016255481642133418,0.024881337079875825,0.3666666666663332,0.12981794318089973,10.228036293252229,0.548252260253473
1672,68300.0,K_I_693.8764,693.876396,0.00655092165605007,weak_anchor,detected,693.7628736285932,22.057256650245925,1.208631439894757,18.24977898321641,0.0006023857021769034,59.868398885265606,58.05307574781213,0.03712637144087694,7.236516118160805e-05,0.33333333333303017,0.09733141802368192,4.681009438419342,0.8613250061501314
1672,68300.0,K_I_766.4899,766.48991,1.0,strong_resonance,detected,766.3763876285932,601.0933909092824,2.5380571400306233,236.83209547521452,0.01641591563712194,884.1025785007268,872.1654232339514,0.05694570470814142,0.01741732187297583,0.6333333333327573,0.04851727908955226,9.82985303507037,0.81545349511815
1672,68300.0,K_I_769.8964,769.89645,0.4984931955549362,weak_resonance,detected,769.7829276285931,433.2628098166036,7.55483843350385,57.34905036422614,0.01183244707431026,790.4650907961677,788.3731808047569,0.01707237137179618,0.02173493733103419,0.49999999999954525,0.05968903467081106,29.25976343627475,0.8392093354823207
1673,68400.0,K_I_693.8764,693.876396,0.00655092165605007,weak_anchor,detected,693.7635951922705,21.221220717072644,0.6631928079884933,31.99856883466209,0.0005947052797602675,40.523504456733576,40.418598417895204,0.003071474430271337,0.0888231646002541,0.3666666666663332,0.11038639090622358,2.568534700666304,0.8503431055815456
1673,68400.0,K_I_766.4899,766.48991,1.0,strong_resonance,detected,766.3771091922706,501.6280141424849,1.8533943386849447,270.65368857142914,0.014057665789517585,819.5439916779578,815.1306154813508,0.022890807697422133,0.004431556238118115,0.5666666666661513,0.04861270255072004,7.178165407688428,0.6983084559317786
1673,68400.0,K_I_769.8964,769.89645,0.4984931955549362,weak_resonance,detected,769.7836491922706,336.8926049978839,0.8489949097806265,396.8134568497404,0.009441106785306049,698.512425900175,697.1692718868892,-0.016982525638923107,0.028229856280704124,0.4333333333329392,0.11074303464918837,3.2881431465982254,0.6696049347827885
1674,68500.0,K_I_693.8764,693.876396,0.00655092165605007,weak_anchor,detected,693.7635951922705,29.758084461633207,0.7992291471717489,37.233482496151254,0.0006994377632905351,75.98266501193635,75.53480070702433,0.036404807763574354,0.06489787832053079,0.33333333333303017,0.11947549798106526,3.095401176802555,1.000095509555992
1674,68500.0,K_I_766.4899,766.48991,1.0,strong_resonance,detected,766.3771091922706,704.9981146488055,4.253679108811034,165.73843409778576,0.016570364435579063,1083.752398650915,1073.1123647205152,0.022890807697422133,0.017305574334331515,0.5999999999994543,0.043310168841995476,16.47442834855052,0.8231256722481209
1674,68500.0,K_I_769.8964,769.89645,0.4984931955549362,weak_resonance,detected,769.7836491922706,495.1955583585715,2.3858982019546846,207.5510002702021,0.011639138741483286,926.9536789739882,924.0566366706839,0.01635080769437991,0.025998867536610182,0.49999999999954525,0.06094047783524206,9.240544001925118,0.8254990558997368
1675,68600.0,K_I_693.8764,693.876396,0.00655092165605007,weak_anchor,detected,693.7635951922705,22.362794831161395,2.2615641212233646,9.888198446951185,0.0004706965733486454,50.04685300391884,49.906673127417385,0.003071474430271337,0.007141439882808407,0.3666666666663332,0.11890737540556312,8.759000177886268,0.6730284724043911
1675,68600.0,K_I_766.4899,766.48991,1.0,strong_resonance,detected,766.3771091922706,570.779210789479,1.2098863368822943,471.76267174013725,0.01201387486160195,901.6611006672799,891.8291139878156,0.022890807697422133,0.011137519967587339,0.5666666666661513,0.04791895590984243,4.685869633553284,0.596784027304064
1675,68600.0,K_I_769.8964,769.89645,0.4984931955549362,weak_resonance,detected,769.7836491922706,409.1802892119683,2.0271643910609716,201.84859748735653,0.00861250847526014,768.9894383654267,767.3163037611591,0.01635080769437991,0.025233322598837,0.46666666666624224,0.0731790033396607,7.851173926610983,0.6108370879639228
1676,68700.0,K_I_693.8764,693.876396,0.00655092165605007,weak_anchor,detected,693.7632284766936,15.81891634168621,1.9323510116137819,8.186357575104957,0.00030871213509136875,47.23888978285686,47.21096959667242,0.003438190007159392,0.05030633562470742,0.29999999999972715,0.15368795548297354,7.4839632870140385,0.4414139988636479
1676,68700.0,K_I_766.4899,766.48991,1.0,strong_resonance,detected,766.3767424766936,647.990681838398,1.3116330698353156,494.0335042938172,0.012645783224890626,1060.8866977423804,1045.8639865245716,0.023257523274423875,0.015962290665403462,0.5333333333328483,0.058011501122623536,5.079933035811707,0.6281738014006664
1676,68700.0,K_I_769.8964,769.89645,0.4984931955549362,weak_resonance,detected,769.7832824766936,462.6137444282322,5.207515844684947,88.83578240100779,0.009028082182134425,957.4169788062,950.7196854474681,-0.016615810061921366,0.012673364393710071,0.3999999999996362,0.1026096500455787,20.16862214159439,0.6403114082122745
1677,68800.0,K_I_693.8764,693.876396,0.00655092165605007,weak_anchor,detected,693.7633722873853,22.474073851333507,1.164006026722224,19.307523617054837,0.0004938760958767652,55.061885307820376,52.24130727068981,0.06996104598204056,0.057871425145863194,0.3666666666663332,0.10879611606783512,4.508175956384339,0.7061718592941196
1677,68800.0,K_I_766.4899,766.48991,1.0,strong_resonance,detected,766.3768862873853,647.741570917171,3.849324861763792,168.27407251368504,0.01423436090393881,1051.2988103159105,1049.6985097303846,-0.010219620750604008,0.013775202911611056,0.5333333333328483,0.04640818701120973,14.908371083766893,0.7070857091663932
1677,68800.0,K_I_769.8964,769.89645,0.4984931955549362,weak_resonance,detected,769.7834262873853,475.70212424552875,1.509202318062202,315.2010294128919,0.010453730350660278,949.5146504020349,946.7567679734174,-0.01675962075364623,0.023477743665228742,0.4333333333329392,0.1021179134454936,5.845115443917853,0.7414246643820606
1678,68900.0,K_I_693.8764,693.876396,0.00655092165605007,weak_anchor,detected,693.7633722873853,31.95794972433262,1.005535220719929,31.782029177905688,0.0006496243142949692,70.34980057478606,70.17678855364845,0.0032943793154345258,0.048817612421183876,0.3666666666663332,0.10614117212038143,3.8944211638768262,0.9288694344559146
1678,68900.0,K_I_766.4899,766.48991,1.0,strong_resonance,detected,766.3768862873853,797.7089229576424,7.7893732463740735,102.40989842526459,0.01621540544851579,1298.712929858366,1290.821687469237,0.02311371258269901,0.009665029431907847,0.5333333333328483,0.04164456384567333,30.168112860627826,0.8054932383941241
1678,68900.0,K_I_769.8964,769.89645,0.4984931955549362,weak_resonance,detected,769.7834262873853,551.7884590010833,1.8145007690675903,304.0993249535124,0.0112164642102034,1107.6131382464478,1104.0168827214086,-0.01675962075364623,0.01667997454249491,0.4333333333329392,0.0965003624894281,7.027531260285719,0.7955211138651749
1679,69000.0,K_I_693.8764,693.876396,0.00655092165605007,weak_anchor,detected,693.7630846660019,27.17871933825006,2.47124371625009,10.997992290089273,0.0006067689196237996,57.28496118185831,57.19065886189986,0.003582000698884258,-0.008986258776509359,0.4333333333329392,0.07666955585497144,9.571085757465031,0.8675923773389922
1679,69000.0,K_I_766.4899,766.48991,1.0,strong_resonance,detected,766.3765986660019,700.7905184421523,1.763539155199199,397.3773513199911,0.015645251730434382,1071.5842038555304,1059.6544518843675,0.02340133396614874,0.0210426106475655,0.5999999999994543,0.04597001337727881,6.830157778477407,0.7771710995356178
1679,69000.0,K_I_769.8964,769.89645,0.4984931955549362,weak_resonance,detected,769.7831386660018,520.5467934720796,4.270728157796217,121.88712890138443,0.011621283974339883,985.8038722697761,984.8050398438755,0.016861333963106517,0.013910132541481055,0.4333333333329392,0.08243956454765017,16.540459031338873,0.8242327170625119
1680,69100.0,K_I_693.8764,693.876396,0.00655092165605007,weak_anchor,detected,693.7632284766936,15.427697131574076,1.0260365145805512,15.036206716172275,0.00034296298719532786,35.42779394588888,35.426589877023474,0.003438190007159392,-0.13299685730274013,0.29999999999972715,0.15620593890747073,3.973822333574792,0.4903877963699277
1680,69100.0,K_I_766.4899,766.48991,1.0,strong_resonance,detected,766.3767424766936,457.6713725085856,2.644074980347357,173.0931898339965,0.010174191243882373,787.7828925692777,779.5504544526096,0.023257523274423875,0.02222640793462362,0.49999999999954525,0.05030615860041498,10.24045836501833,0.5053985408564713
1680,69100.0,K_I_769.8964,769.89645,0.4984931955549362,weak_resonance,detected,769.7832824766936,317.60457600180786,3.958270690863239,80.23821532340506,0.007060458421209094,688.2743697689803,683.9044033592498,-0.016615810061921366,0.012216755883118593,0.3999999999996362,0.10245059464547368,15.330316465508194,0.5007588525561888
1681,69200.0,K_I_693.8764,693.876396,0.00655092165605007,weak_anchor,detected,693.7632284766936,15.358501975671002,1.2572461607278356,12.215986379930381,0.00033664247677159573,45.04462452327539,44.678329625530395,-0.029895143326143625,-0.09069457890847023,0.26666666666642413,0.22612472521805438,4.869293442586549,0.48135037456539376
1681,69200.0,K_I_766.4899,766.48991,1.0,strong_resonance,detected,766.3767424766936,573.6207119287601,1.5933556515653526,360.0079563939292,0.01257317266339364,958.4212171744639,948.9466041105229,0.023257523274423875,0.011837544310274917,0.5333333333328483,0.04626869774097641,6.171039903103691,0.6245669032255007
1681,69200.0,K_I_769.8964,769.89645,0.4984931955549362,weak_resonance,detected,769.7832824766936,393.06398856200053,3.5907455215999113,109.46584384706408,0.008615556051549941,820.842722505161,817.8050226245003,-0.016615810061921366,0.016772848627299997,0.3999999999996362,0.1072152958554038,13.906897605637969,0.6110532355162367
1682,69300.0,K_I_693.8764,693.876396,0.00655092165605007,weak_anchor,detected,693.7630752315383,14.034360377023557,0.8356889252149924,16.79376135493602,0.000327086151477693,34.71928927237582,34.4944521724279,0.003591435162434209,0.10611726196055991,0.3666666666663332,0.1252306347467268,3.2366092899705845,0.46768620240327596
1682,69300.0,K_I_766.4899,766.48991,1.0,strong_resonance,detected,766.3765892315383,518.1079379077,0.8051632209324928,643.4818735357259,0.012075073384727627,872.1497901172856,869.1044967474304,0.023410768429698692,0.008388221946258573,0.5333333333328483,0.0523429333251017,3.118383745653104,0.5998240374187633
1682,69300.0,K_I_769.8964,769.89645,0.4984931955549362,weak_resonance,detected,769.7831292315383,359.8657928899338,3.1514173550201754,114.19172783213601,0.008387066747804334,781.2061913885091,776.2454761607839,-0.01646256490664655,0.02290672036443529,0.3999999999996362,0.1081466839986681,12.205386932953266,0.5948477663045904
1683,69400.0,K_I_693.8764,693.876396,0.00655092165605007,weak_anchor,detected,693.7627781756913,24.3965698102661,1.7249859444706188,14.143054259930894,0.0005505507854831117,55.84069870981148,55.30550191226222,0.03722182434273691,-0.0059150209062769415,0.3666666666663332,0.12152712764199096,6.680841835382655,0.787208522676624
1683,69400.0,K_I_766.4899,766.48991,1.0,strong_resonance,detected,766.3762921756913,602.1403529686028,3.1600754807281173,190.54619316557046,0.013588338314611882,917.4451039660393,881.3578514854499,0.05704115761000139,0.01517504902310605,0.6333333333327573,0.05272661714675191,12.238919709629526,0.6749948170080147
1683,69400.0,K_I_769.8964,769.89645,0.4984931955549362,weak_resonance,detected,769.7828321756913,432.53604394858496,3.354538844889579,128.9405381629506,0.009760923793698431,809.21474443066,806.8695791985771,0.01716782427365615,0.028268573488205082,0.46666666666624224,0.06452742109179017,12.99207308047502,0.6922877676239876
1684,69500.0,K_I_693.8764,693.876396,0.00655092165605007,weak_anchor,detected,693.7627781756913,15.127219897457946,2.3265458231574736,6.502008147395106,0.00031995604288778483,42.43608691050463,41.93210324332775,0.03722182434273691,0.03788631585178549,0.33333333333303017,0.10645790391117738,9.010673227285515,0.45749117154039165
1684,69500.0,K_I_766.4899,766.48991,1.0,strong_resonance,detected,766.3762921756913,551.5242591852854,5.826529063063278,94.65742867080515,0.011665297438770936,883.2429130322107,875.9633038189246,0.023707824276698375,0.006275054991283576,0.5666666666661513,0.039691661299133055,22.566050027458104,0.5794685948877298
1684,69500.0,K_I_769.8964,769.89645,0.4984931955549362,weak_resonance,detected,769.7828321756913,391.2505009862502,1.3758053702250468,284.3792512034253,0.008275344902896555,834.0239274482155,832.3577478658589,-0.016165509059646865,0.021601437349989493,0.3999999999996362,0.11764107951456258,5.328471286509182,0.5869239602959857
1685,69600.0,K_I_693.8764,693.876396,0.00655092165605007,weak_anchor,detected,693.7627203834379,19.698688279761278,2.5953908726982386,7.589873451038991,0.00047530724968813644,43.48533003598686,42.0726090225167,0.037279616596151754,0.14756212707867436,0.33333333333303017,0.09232187102580529,10.051905626868153,0.6796210771294318
1685,69600.0,K_I_766.4899,766.48991,1.0,strong_resonance,detected,766.3762343834379,439.0430534782637,2.5844780554137965,169.8768741946115,0.010593616350477314,689.1067341059588,687.4790752165718,-0.009567716803189796,0.008367046049280532,0.5666666666661513,0.038493287819178955,10.009640467265267,0.5262333012605587
1685,69600.0,K_I_769.8964,769.89645,0.4984931955549362,weak_resonance,detected,769.7827743834379,316.7304279977181,4.630498972802166,68.40092824943385,0.007642349911126473,632.7019275409812,630.1489650087109,-0.01610771680623202,0.020631602711757825,0.4333333333329392,0.09601882536913567,17.93384540630965,0.5420291635501508
1686,69700.0,K_I_693.8764,693.876396,0.00655092165605007,weak_anchor,detected,693.7621287326194,14.488460395985522,1.0343795997747702,14.006908488083383,0.0002887803891946171,42.660073342340866,42.36959231942613,-0.02879539925197605,0.06557296571067778,0.23333333333312112,0.2282884508889082,4.006134963588022,0.4129144659314058
1686,69700.0,K_I_766.4899,766.48991,1.0,strong_resonance,detected,766.3756427326194,582.1039218261519,3.353905680824972,173.56001546321653,0.011602350595046423,923.239050496828,921.1129590875199,-0.008976065984711568,0.018872677567982495,0.5666666666661513,0.03850025196065145,12.98962084659738,0.576341737704952
1686,69700.0,K_I_769.8964,769.89645,0.4984931955549362,weak_resonance,detected,769.7821827326194,386.9975899828612,0.7939279760347328,487.44672270615496,0.00771353971354992,821.1995178436237,817.0319902857311,-0.015516065987753791,0.02797500924297937,0.3999999999996362,0.1069546124256645,3.0748698292734775,0.5470782583324642
1687,69800.0,K_I_693.8764,693.876396,0.00655092165605007,weak_anchor,detected,693.7621287326194,26.795009113380754,1.5355217974038546,17.45010012797197,0.0005663450312287471,51.533070691668115,50.07094274062014,-0.02879539925197605,0.0037187087923604718,0.3666666666663332,0.10883014125577228,5.947050349089016,0.8097920248494578
1687,69800.0,K_I_766.4899,766.48991,1.0,strong_resonance,detected,766.3756427326194,603.5123469029295,3.0298238620173485,199.1905715935225,0.012755965766139249,947.2866645621716,945.9563562488248,0.02435726734859145,0.013349600354249886,0.5666666666661513,0.04869352122013704,11.734457359545702,0.6336470713874474
1687,69800.0,K_I_769.8964,769.89645,0.4984931955549362,weak_resonance,detected,769.7821827326194,428.2837405405363,3.6803164124840833,116.37144542456879,0.009052296544660181,854.6948439529942,854.3590171413341,-0.015516065987753791,0.021464639950812214,0.4333333333329392,0.09483316745907476,14.253804174337644,0.6420287976040672
1688,69900.0,K_I_693.8764,693.876396,0.00655092165605007,weak_anchor,detected,693.7621287326194,20.470281765030965,1.004969454942973,20.36905864585959,0.0003934077413483195,63.35183195668424,63.227204872688574,0.004537934081326966,0.032599293346850085,0.29999999999972715,0.15408223787125727,3.89222996244482,0.562516547142149
1688,69900.0,K_I_766.4899,766.48991,1.0,strong_resonance,detected,766.3756427326194,649.9938215885595,2.2159620034476366,293.3235410071502,0.012491894551170626,1028.8090042827416,1026.5364143820423,0.02435726734859145,0.01667844793208931,0.5666666666661513,0.049290735571215605,8.582383935188924,0.620529448224271
1688,69900.0,K_I_769.8964,769.89645,0.4984931955549362,weak_resonance,detected,769.7821827326194,476.45164601663004,2.305262113587731,206.68003139786896,0.009156677376141037,919.0178002658222,915.9924807172764,-0.015516065987753791,0.01726089874864686,0.46666666666624224,0.08674688046864358,8.928241774576314,0.6494319465616759
1689,70000.0,K_I_693.8764,693.876396,0.00655092165605007,weak_anchor,detected,693.7626625911845,22.799528739745803,4.467539734641723,5.1033745851113785,0.0004789995956109491,47.14446841304289,46.0891415122617,0.0373374088495666,0.10491280149556252,0.3666666666663332,0.07850520808031251,17.30270699080303,0.6849006013000454
1689,70000.0,K_I_766.4899,766.48991,1.0,strong_resonance,detected,766.3761765911845,500.8832103724662,2.4967572276336125,200.61350171686314,0.01052314975258564,763.4457641596337,741.3609128794672,0.05715674211683108,0.018840876759212977,0.6333333333327573,0.059252472164344934,9.669899162156776,0.5227329035483587
1689,70000.0,K_I_769.8964,769.89645,0.4984931955549362,weak_resonance,detected,769.7827165911845,348.30174174332825,6.103199306184285,57.06871499188942,0.00731753692587523,665.7723518999965,664.9971802771644,-0.016049924552817174,0.02112043560871307,0.46666666666624224,0.08436922119592417,23.637589271457895,0.518991993994536
1690,70100.0,K_I_693.8764,693.876396,0.00655092165605007,weak_anchor,low_snr,693.7621287326194,12.256632868380787,2.7219567287465467,4.502875721328947,0.0002861546865937051,31.82632021255222,30.60774331062456,0.03787126741462998,0.09105771033273947,0.33333333333303017,0.10877152542824896,10.542093079542182,0.4091600884607819
1690,70100.0,K_I_766.4899,766.48991,1.0,strong_resonance,detected,766.3756427326194,457.2740075425123,1.3318012792348601,343.35002877097634,0.010675941893743103,798.5768396329137,796.2616436733543,0.02435726734859145,0.023011046492266003,0.49999999999954525,0.060003545307218534,5.158044174939038,0.5303227869449136
1690,70100.0,K_I_769.8964,769.89645,0.4984931955549362,weak_resonance,detected,769.7821827326194,345.2817109542029,2.716526474838521,127.10412144049785,0.008061266160588778,715.6922553127515,713.0319020279537,-0.015516065987753791,0.022581253540096404,0.4333333333329392,0.10907273288861632,10.521061796590702,0.5717405516616839
1691,70200.0,K_I_693.8764,693.876396,0.00655092165605007,weak_anchor,detected,693.7618974301076,23.307388135803482,3.0528038614469013,7.63474798697246,0.0004920699905503162,52.17554958176106,52.083346635497,0.0047692365931197855,0.006952983021327169,0.29999999999972715,0.15973224331691452,11.823458514632296,0.7035893881700712
1691,70200.0,K_I_766.4899,766.48991,1.0,strong_resonance,detected,766.3754114301076,666.1966312982395,6.3062681685154445,105.6403904014549,0.014064869394954034,1034.402820476038,1025.0497636624432,0.02458856986038427,0.009922473039165464,0.5999999999994543,0.03930436851124041,24.424071593400477,0.6986662919100118
1691,70200.0,K_I_769.8964,769.89645,0.4984931955549362,weak_resonance,detected,769.7819514301076,462.0634619072845,2.5782778333005565,179.21399157971217,0.00975517127914881,860.775483282808,855.9643569970121,0.018048569857342045,0.029392155949209617,0.49999999999954525,0.05377638129005834,9.98562711027788,0.691879773919708
1692,70300.0,K_I_693.8764,693.876396,0.00655092165605007,weak_anchor,low_snr,693.7619430135743,20.617165059069855,4.831863571008886,4.266917878801992,0.00041947913951084325,45.268409988268104,44.57299914401148,-0.028609680206841404,-0.09964005493922388,0.29999999999972715,0.1871386014426456,18.71372714168073,0.5997949006978973
1692,70300.0,K_I_766.4899,766.48991,1.0,strong_resonance,detected,766.3754570135743,584.0009213124364,1.709764249810046,341.5680971088959,0.011882147872600514,914.1487565678142,913.4603806348221,0.024542986393726096,0.014975253441487243,0.5666666666661513,0.0519767565049295,6.621888465461149,0.5902405462118668
1692,70300.0,K_I_769.8964,769.89645,0.4984931955549362,weak_resonance,detected,769.7819970135743,402.01535913148587,8.158273449543165,49.27701450776908,0.0081794493295009,807.4515006000383,806.7269307660255,-0.015330346942619144,0.012730022371611431,0.4333333333329392,0.09661345315456743,31.596857203915544,0.5801226232674189
1693,70400.0,K_I_693.8764,693.876396,0.00655092165605007,weak_anchor,detected,693.7618974301076,13.168415225626143,1.9655621130577983,6.69956707963821,0.00026472306083583704,46.16940483613166,45.67733171772883,-0.02856409674018323,-0.030506758230624466,0.23333333333312112,0.2628703137176087,7.6125893298160365,0.378515942822873
1693,70400.0,K_I_766.4899,766.48991,1.0,strong_resonance,detected,766.3754114301076,590.3235885614743,7.307292339581327,80.78554423830496,0.011867203803194034,934.6325648296679,927.4996401926279,0.02458856986038427,0.007135654973434455,0.5666666666661513,0.03770221762422946,28.30102153709325,0.5894982060404026
1693,70400.0,K_I_769.8964,769.89645,0.4984931955549362,weak_resonance,detected,769.7819514301076,414.5158897694023,2.1486193884085196,192.9219721304078,0.008332962867946698,791.0552568204753,788.1994149711028,-0.015284763475960972,0.028212667372031198,0.46666666666624224,0.08686310763341508,8.321567108652129,0.5910104805109424
1694,70500.0,K_I_693.8764,693.876396,0.00655092165605007,weak_anchor,detected,693.7618445245834,25.10756204087326,2.351626792053927,10.676678002526133,0.0004939275905725517,58.12560592713362,57.14480591671842,-0.02851119121589818,0.12405539912304282,0.29999999999972715,0.17298529743511387,9.107811402128315,0.7062454893105771
1694,70500.0,K_I_766.4899,766.48991,1.0,strong_resonance,detected,766.3753585245834,510.42884273090976,3.839727089031961,132.93362546232282,0.010041392630570413,842.2469620952388,841.3817212843215,-0.008691857948633697,0.005532984317318518,0.5333333333328483,0.05029735916236396,14.871199069815791,0.4988018272910581
1694,70500.0,K_I_769.8964,769.89645,0.4984931955549362,weak_resonance,detected,769.7818985245833,372.9160673542502,2.406482366229534,154.96314146632767,0.00733617761590005,728.8239847282794,727.5520120745491,-0.01523185795167592,0.03150904167890118,0.4333333333329392,0.10442367098217968,9.320266127357279,0.5203140739489542
1695,70600.0,K_I_693.8764,693.876396,0.00655092165605007,weak_anchor,low_snr,693.7618445245834,9.823359141851144,2.267578928491563,4.332091385408062,0.00022941862072156172,26.893572225612843,26.843503253390264,0.004822142117404837,0.030982922943040704,0.29999999999972715,0.14343923806124537,8.78229542626667,0.3280356658364431
1695,70600.0,K_I_766.4899,766.48991,1.0,strong_resonance,detected,766.3753585245834,393.83152914920475,1.739771225933147,226.36972222481063,0.00919769754005429,631.6822974855304,629.8197854539586,0.02464147538466932,0.020762417918487895,0.5666666666661513,0.04954852829659388,6.738104984256068,0.456891639301324
1695,70600.0,K_I_769.8964,769.89645,0.4984931955549362,weak_resonance,detected,769.7818985245833,277.7405344829732,2.88119891115455,96.3975563810266,0.006486462463546425,555.1771429674582,552.8242787465406,-0.01523185795167592,0.026228621996916845,0.4333333333329392,0.09890538965081278,11.158835400022664,0.46004852753428654
1696,70700.0,K_I_693.8764,693.876396,0.00655092165605007,weak_anchor,detected,693.7618974301076,18.39617598884823,2.3716037011637465,7.756850767192353,0.00035621233373832117,39.06569755217856,38.85163827569363,0.0047692365931197855,0.09827601023642318,0.3666666666663332,0.13247814509365582,9.185181638419415,0.5093324583222089
1696,70700.0,K_I_766.4899,766.48991,1.0,strong_resonance,detected,766.3754114301076,566.4866199806114,3.18772700101855,177.70863684362126,0.010969101462018625,974.3995249944855,970.2039645774712,-0.008744763472918748,0.007957980216320704,0.5333333333328483,0.05196224210669336,12.346013587211786,0.5448853614526072
1696,70700.0,K_I_769.8964,769.89645,0.4984931955549362,weak_resonance,detected,769.7819514301076,404.7165418621216,4.248211711421741,95.26750768423354,0.007836684317795295,881.2517836180868,875.1378852894154,-0.015284763475960972,0.012847078041593556,0.3999999999996362,0.11429233834980268,16.453253209514674,0.5558122168152676
1697,70800.0,K_I_693.8764,693.876396,0.00655092165605007,weak_anchor,low_snr,693.761988597041,12.319119551413326,3.4323917197482414,3.5890774006169983,0.000225416361106316,41.24646057155405,41.04848785260471,0.004678069659803441,-0.001962791299266376,0.26666666666642413,0.14868133028771172,13.293595968257264,0.32231300961260134
1697,70800.0,K_I_766.4899,766.48991,1.0,strong_resonance,detected,766.375502597041,521.3993931713716,2.170196858886069,240.25442255915823,0.009540613142133841,837.0251892888205,828.5846653620903,0.024497402927067924,0.015867440107990075,0.5333333333328483,0.04478503731934154,8.405136292465038,0.47392582322548915
1697,70800.0,K_I_769.8964,769.89645,0.4984931955549362,weak_resonance,detected,769.7820425970409,378.3107328798499,4.113740414168118,91.96271392742996,0.006922363925225139,745.5371607942361,743.4245636565794,-0.015375930409277316,0.016078984799496723,0.4333333333329392,0.09890465018926571,15.932448114708015,0.49096458181230573
1698,70900.0,K_I_693.8764,693.876396,0.00655092165605007,weak_anchor,detected,693.7618386385369,15.729153746907226,0.8492207803099686,18.521866293905372,0.0003346930405843712,42.47538890847113,42.38956756259133,0.004828028163842646,0.031790814764453154,0.29999999999972715,0.15050695020542632,3.2890179393967673,0.47856296090354467
1698,70900.0,K_I_766.4899,766.48991,1.0,strong_resonance,detected,766.3753526385369,479.7371970172329,1.5755767927800657,304.4835384829125,0.010208095345415042,774.246555547089,765.2634485714458,0.02464736143110713,0.017598558304794124,0.5333333333328483,0.04817248266966034,6.102182679113639,0.5070827124071058
1698,70900.0,K_I_769.8964,769.89645,0.4984931955549362,weak_resonance,detected,769.7818926385369,339.4369379554755,0.726230900144232,467.39533926202006,0.007222714119207136,694.0895409425293,689.7067391227897,-0.015225971905238112,0.023866091077726866,0.3999999999996362,0.09717940690322885,2.81268018176239,0.5122667423139036
1699,71000.0,K_I_693.8764,693.876396,0.00655092165605007,weak_anchor,detected,693.7618386385369,18.818480347367185,2.908116821121546,6.471019393268266,0.0004462680560819277,47.13990978990478,46.64882374178721,-0.02850530516946037,0.1356620615419961,0.26666666666642413,0.22749975533488456,11.263088017039644,0.6380992024881953
1699,71000.0,K_I_766.4899,766.48991,1.0,strong_resonance,detected,766.3753526385369,455.7231815333921,2.5115695006655456,181.44956028994187,0.010807179675527395,718.7924557982278,709.4182162815199,0.02464736143110713,0.018459151145379143,0.5999999999994543,0.05075911036874567,9.727266848928982,0.5368419668806066
1699,71000.0,K_I_769.8964,769.89645,0.4984931955549362,weak_resonance,detected,769.7818926385369,321.53993918870793,1.0035559009522506,320.4006262965583,0.007625111112360433,626.2956085996643,625.1820528253023,0.018107361428064905,0.020111695571014516,0.46666666666624224,0.0717286942669939,3.886755291379781,0.5408065119070794
1700,71100.0,K_I_693.8764,693.876396,0.00655092165605007,weak_anchor,detected,693.7617204163124,20.67476630160008,1.3636190743308994,15.161687520207778,0.0004471874742979727,46.84111428264259,45.058773013837666,0.038279583721646304,0.028565952753905492,0.3666666666663332,0.09599277743073162,5.28127396545915,0.6394138384394266
1700,71100.0,K_I_766.4899,766.48991,1.0,strong_resonance,detected,766.3752344163124,558.7936980001122,4.07687312573095,137.06428450601464,0.01208649901125871,949.157694429241,939.9698941249037,0.02476558365560777,0.007971819989489039,0.5333333333328483,0.044911179348785094,15.789661720570907,0.6003916004651777
1700,71100.0,K_I_769.8964,769.89645,0.4984931955549362,weak_resonance,detected,769.7817744163124,389.05552614043955,6.066259109344367,64.1343403121612,0.008415125741128555,807.6162654756808,805.3427084530396,-0.01510774968073747,0.015181616788744802,0.3999999999996362,0.109864498471988,23.49452050429114,0.5968378338699926
1701,71200.0,K_I_693.8764,693.876396,0.00655092165605007,weak_anchor,detected,693.7612261664281,15.155580947752453,0.6266713436873209,24.184257187471403,0.0003449513958138916,42.70499097376762,41.76141274310574,-0.02789283306060497,0.04319803414735353,0.26666666666642413,0.2251619306250797,2.4270876776486254,0.49323093500921505
1701,71200.0,K_I_766.4899,766.48991,1.0,strong_resonance,detected,766.3747401664281,538.6324551577381,3.2096801815117475,167.8149923660133,0.012259643353683469,898.5466883333693,896.6817967422122,0.02525983353996253,0.0008940610503780679,0.5333333333328483,0.058837534491699824,12.431037889658302,0.6089924706396639
1701,71200.0,K_I_769.8964,769.89645,0.4984931955549362,weak_resonance,detected,769.781280166428,374.9443661245764,1.5961594340083736,234.90408172007798,0.008533990408754868,774.17979583071,771.0317371876889,-0.014613499796382712,0.020490989292383386,0.4333333333329392,0.09843413800654632,6.181898905811909,0.6052682403704011
1702,71300.0,K_I_693.8764,693.876396,0.00655092165605007,weak_anchor,detected,693.7611946411628,17.891006364879615,1.051511883665324,17.01455460732955,0.000339384051935684,45.97802884152344,45.88302117323196,0.005472025537983427,-0.02657653423683956,0.33333333333303017,0.1296212640513426,4.072488013778695,0.48527043315333135
1702,71300.0,K_I_766.4899,766.48991,1.0,strong_resonance,detected,766.3747086411629,519.8321986511542,5.753496832689925,90.35065348391227,0.009860974520202806,840.3533164060918,833.0327344564286,0.025291358805134223,0.007536042365519609,0.5333333333328483,0.04085460916741259,22.283197415485464,0.4898396358462395
1702,71300.0,K_I_769.8964,769.89645,0.4984931955549362,weak_resonance,detected,769.7812486411628,366.8817199566525,3.766405288671809,97.40898597931563,0.006959575227944952,726.5498523789784,725.6787086683472,-0.014581974531211017,0.025011532915633426,0.4333333333329392,0.09821162861572742,14.58722495810672,0.49360377152782337
1703,71400.0,K_I_693.8764,693.876396,0.00655092165605007,weak_anchor,detected,693.7611502680463,19.94298537994042,3.8906596004968295,5.1258623029868104,0.0004072979518727205,39.61532153489043,39.081360374180086,0.03884973198773878,0.08931790028842082,0.4333333333329392,0.08200675414307122,15.068459838499924,0.5823775525115009
1703,71400.0,K_I_766.4899,766.48991,1.0,strong_resonance,detected,766.3746642680462,566.8951049163758,1.7533558537579628,323.3200514894629,0.011577765854020832,901.9940982659572,890.0125676460283,0.02533573192181393,0.022300689180010474,0.5666666666661513,0.04986985483832477,6.790718021586053,0.5751205013487808
1703,71400.0,K_I_769.8964,769.89645,0.4984931955549362,weak_resonance,detected,769.7812042680462,395.8707629988225,4.250666924435366,93.13144737902692,0.008084915467966573,820.1065104496074,818.9731350845424,-0.01453760141453131,0.012803886789472394,0.4333333333329392,0.1041464175100775,16.462762208627847,0.5734178648501137
1704,71500.0,K_I_693.8764,693.876396,0.00655092165605007,weak_anchor,detected,693.7611374201949,20.642865124527667,1.623788858592955,12.712776673695814,0.0005503543978797981,45.568500866116665,45.39508319128866,0.005529246505830088,0.058590330865298086,0.33333333333303017,0.11582357188041444,6.288907207093384,0.7869277166199387
1704,71500.0,K_I_766.4899,766.48991,1.0,strong_resonance,detected,766.3746514201949,460.3736325895536,3.4258039295474156,134.3841159789824,0.012273909257998726,749.1194165121306,741.7145041454872,0.02534857977309457,0.0203108384151727,0.5333333333328483,0.044424686528280785,13.268081566521134,0.6097011232541175
1704,71500.0,K_I_769.8964,769.89645,0.4984931955549362,weak_resonance,detected,769.7811914201949,331.4863432356478,3.863495724544098,85.799588473665,0.008837676637244673,671.8206833986692,670.0431835486745,-0.01452475356325067,0.026360563090140066,0.4333333333329392,0.09931493075373385,14.963254599316459,0.6268070071534265
1705,71600.0,K_I_693.8764,693.876396,0.00655092165605007,weak_anchor,detected,693.7610144692943,18.033041369882646,2.7713012355124436,6.507066477942136,0.00037151650153200946,31.710843115073203,31.602362790473606,0.005652197406448067,0.13309517176140268,0.33333333333303017,0.10543786218840498,10.733203532473492,0.5312152194358684
1705,71600.0,K_I_766.4899,766.48991,1.0,strong_resonance,detected,766.3745284692943,471.0981627460002,4.08576852025202,115.30221558340797,0.009705558685949502,816.9026819196042,812.2107121249468,0.02547153067371255,0.01624047718443578,0.5333333333328483,0.054450412940395286,15.824113435408986,0.48211942163217697
1705,71600.0,K_I_769.8964,769.89645,0.4984931955549362,weak_resonance,detected,769.7810684692943,317.4359940495947,1.3006414310739536,244.06111205260038,0.006539812533597524,678.2998408328568,675.2517883866567,-0.01440180266263269,0.023396675045995723,0.3999999999996362,0.10559071160940244,5.0373626019413855,0.46383234981165156
1706,71700.0,K_I_693.8764,693.876396,0.00655092165605007,weak_anchor,detected,693.7609950382906,18.246759523174838,3.5382416113533566,5.157013434194382,0.00037256808315256544,53.210098428131005,53.09912479202543,0.005671628410141238,0.012289455823421728,0.33333333333303017,0.11171747877686809,13.703550835642108,0.53271883006693
1706,71700.0,K_I_766.4899,766.48991,1.0,strong_resonance,detected,766.3745090382906,636.6037052143038,5.3630349532943065,118.70213615207982,0.01299837496506044,1039.1518364929088,1032.7489047552924,0.02549096167740572,0.011671215805340852,0.5333333333328483,0.042802690932497334,20.77094505925601,0.645688643291123
1706,71700.0,K_I_769.8964,769.89645,0.4984931955549362,weak_resonance,detected,769.7810490382906,449.6158456247208,5.645410798807775,79.64271541048402,0.00918039795212228,920.2610592276933,913.8977848310577,-0.014382371658939519,0.020675356781390423,0.3999999999996362,0.08922985576236277,21.86458200630191,0.6511143144338041
1707,71800.0,K_I_693.8764,693.876396,0.00655092165605007,weak_anchor,detected,693.7609950382906,26.19433799424462,1.3096855155813998,20.000479262089378,0.0005059240112946489,61.42106596480005,61.15227852506898,0.005671628410141238,0.09353080519298125,0.3666666666663332,0.11352452062537494,5.072390190620449,0.7233986473535039
1707,71800.0,K_I_766.4899,766.48991,1.0,strong_resonance,detected,766.3745090382906,683.7500056578433,3.060273700917457,223.42772983111215,0.013206119034623482,1106.0546119396322,1088.8373582091035,0.02549096167740572,0.01510897392340909,0.5333333333328483,0.05705297441761914,11.852389078500629,0.6560082399167396
1707,71800.0,K_I_769.8964,769.89645,0.4984931955549362,weak_resonance,detected,769.7810490382906,478.60911473124867,3.7738014120261396,126.82413897192467,0.009243976435679221,935.2294195649429,934.0177281662793,-0.014382371658939519,0.018365322981803933,0.46666666666624224,0.09360897774346219,14.615870020684564,0.6556235809111194
1708,71900.0,K_I_693.8764,693.876396,0.00655092165605007,weak_anchor,detected,693.7609939918441,17.725357132941333,1.2122599481534646,14.621746070173238,0.000386614473724053,37.86297137722272,37.74877398106451,0.005672674856668891,0.0769550735508469,0.4333333333329392,0.08093063465573937,4.695062590476905,0.5528031504643963
1708,71900.0,K_I_766.4899,766.48991,1.0,strong_resonance,detected,766.374507991844,543.3912110641577,4.336475112382378,125.30712087164008,0.011852111385751476,934.5431475476989,929.5763814151936,0.02549200812404706,0.009333911989375809,0.49999999999954525,0.055930890837760885,16.79509589151516,0.5887484967445358
1708,71900.0,K_I_769.8964,769.89645,0.4984931955549362,weak_resonance,detected,769.7810479918439,371.62971666787746,0.974564053369948,381.32918547818167,0.008105756417328028,812.8853236783714,809.0415534834326,-0.01438132521229818,0.021287776693597084,0.3999999999996362,0.11417641982786765,3.774470348517638,0.5748959969012952
1709,72000.0,K_I_693.8764,693.876396,0.00655092165605007,weak_anchor,detected,693.7609260952613,20.458338719852893,1.3980214795484585,14.633779966285392,0.00043445874104985953,53.69455115024557,52.51191258769477,0.0390739047727493,0.06827662790953057,0.3666666666663332,0.0992875864793362,5.414513907936357,0.6212135786995386
1709,72000.0,K_I_766.4899,766.48991,1.0,strong_resonance,detected,766.3744400952613,576.667853672774,2.401944493508211,240.08375515393757,0.012246272443787141,901.3577645418468,871.8012231069956,0.058893238040013784,0.019300647041160926,0.5999999999994543,0.059521443378465995,9.30269102188037,0.6083282764851073
1709,72000.0,K_I_769.8964,769.89645,0.4984931955549362,weak_resonance,detected,769.7809800952613,406.3752970373907,1.9585956118478751,207.48300189133377,0.008629894262787775,772.3037013339065,769.7224632076283,-0.014313428629634473,0.02304664221010599,0.46666666666624224,0.0791947002652147,7.585608186648646,0.6120701646982849
1710,72100.0,K_I_693.8764,693.876396,0.00655092165605007,weak_anchor,low_snr,693.7608027344828,11.188348935142264,2.7365759045468443,4.088448238016247,0.00017869273232050243,35.14644461685111,34.94081958238487,0.005863932217948786,0.029129379733517285,0.29999999999972715,0.13904387182227115,10.598712903952066,0.25550493348154013
1710,72100.0,K_I_766.4899,766.48991,1.0,strong_resonance,detected,766.3743167344828,635.5406883525802,5.997273884381839,105.97159652949345,0.010150425479300751,1067.896528239493,1067.6265994216496,-0.007650067848089748,0.009792567399073358,0.5333333333328483,0.06251942523725766,23.22734187687665,0.5042179868002349
1710,72100.0,K_I_769.8964,769.89645,0.4984931955549362,weak_resonance,detected,769.7808567344828,431.26265444716364,3.882753252178914,111.07135232071437,0.006887835061069845,848.0067280420044,845.9591590356954,-0.014190067851131971,0.02781048401442227,0.4333333333329392,0.09801004978733274,15.037838683135298,0.4885156424711245
1711,72200.0,K_I_693.8764,693.876396,0.00655092165605007,weak_anchor,detected,693.7608027344828,21.04367897318599,1.3444858455285646,15.651841217348762,0.00037014102372030804,43.444074636978485,41.716743602668906,0.0391972655512518,-0.0061261027698336305,0.3999999999996362,0.09009943619700918,5.207171288948464,0.5292484837873599
1711,72200.0,K_I_766.4899,766.48991,1.0,strong_resonance,detected,766.3743167344828,556.824046293386,2.675115576863506,208.1495286070016,0.009794077489479695,905.9992984020114,899.9309012074366,0.02568326548521327,0.016798646602705584,0.5333333333328483,0.04614659772994972,10.360678078381829,0.48651655483619655
1711,72200.0,K_I_769.8964,769.89645,0.4984931955549362,weak_resonance,detected,769.7808567344828,412.33299622498237,2.128208817236469,193.7464937112735,0.007252598632152113,833.3562760891837,830.0692647685188,-0.014190067851131971,0.020166040438386077,0.4333333333329392,0.09995836874380089,8.242517306416124,0.514386283782567
1712,72300.0,K_I_693.8764,693.876396,0.00655092165605007,weak_anchor,detected,693.760786650562,13.288011724741283,1.782900491235944,7.45303049163992,0.0002442512295168492,37.27478290010049,37.1567287976138,0.005880016138803512,0.0023734239410541243,0.29999999999972715,0.1436598250580534,6.905143910508113,0.3492441653337828
1712,72300.0,K_I_766.4899,766.48991,1.0,strong_resonance,detected,766.374300650562,433.533654894694,1.2894419471273904,336.21804832743123,0.00796892194547067,763.5379013476445,756.5358137266102,0.025699349406067995,0.016609808791757608,0.46666666666624224,0.048434024561160006,4.993987187130189,0.39585274415415267
1712,72300.0,K_I_769.8964,769.89645,0.4984931955549362,weak_resonance,detected,769.7808406505619,317.22857960223484,2.0037788933895393,158.31516174203202,0.005831080842701327,677.7871052882151,674.4724488013237,-0.014173983930277245,0.0228298191799226,0.3999999999996362,0.11891023853111755,7.76060228358667,0.41356597231450737
1713,72400.0,K_I_693.8764,693.876396,0.00655092165605007,weak_anchor,low_snr,693.7607021026538,13.814186834853258,3.550355708559642,3.8909303655259913,0.0002645287337074589,34.94501224645592,33.6578073815638,-0.027368769286340466,0.08733398254790783,0.29999999999972715,0.14518477256815002,13.750468532376434,0.378238082949306
1713,72400.0,K_I_766.4899,766.48991,1.0,strong_resonance,detected,766.3742161026538,523.7478977516472,2.073453145076388,252.59692942439355,0.010029281479285756,929.5218289656264,926.2600792587174,0.025783897314227033,0.01299456506082224,0.46666666666624224,0.060957658526131955,8.030449500029546,0.4982002110995954
1713,72400.0,K_I_769.8964,769.89645,0.4984931955549362,weak_resonance,detected,769.7807561026538,365.10490443761404,3.1059970933225176,117.54837286311093,0.006991416809101726,769.9368525759003,769.1673830285068,-0.014089436022118207,0.023261498312789692,0.4333333333329392,0.1089462498527399,12.029475015817695,0.49586211690604176
1714,72500.0,K_I_693.8764,693.876396,0.00655092165605007,weak_anchor,detected,693.7606453041833,22.535532616068984,1.8166129135554414,12.40524739635526,0.00039380317420840765,49.010013716009325,48.633819355477556,0.0060213625174583285,0.12451478907152297,0.33333333333303017,0.1541618301155283,7.035711560711957,0.5630819593181295
1714,72500.0,K_I_766.4899,766.48991,1.0,strong_resonance,detected,766.3741593041832,589.5570521031359,6.778734115177834,86.97155576335352,0.010302371923067743,988.248511525002,986.9700732734321,0.025840695784836498,0.011571278006290719,0.5333333333328483,0.05874974645757987,26.253924336475702,0.5117658605454176
1714,72500.0,K_I_769.8964,769.89645,0.4984931955549362,weak_resonance,detected,769.7806993041831,411.3051862107757,4.596732425968725,89.47773072175205,0.007187462158435448,870.2441928234393,866.1775528052692,-0.014032637551508742,0.016315530795989356,0.3999999999996362,0.11113189523630715,17.803068132764682,0.50976651777135
1715,72600.0,K_I_693.8764,693.876396,0.00655092165605007,weak_anchor,detected,693.7605782084006,9.416084504018539,0.7223607016493093,13.035156096558872,0.0001533880623750655,31.14288324818483,30.615895819764514,-0.027244875033147764,0.0031756530030326796,0.26666666666642413,0.21455723632724305,2.797690967445024,0.21932289111629855
1715,72600.0,K_I_766.4899,766.48991,1.0,strong_resonance,detected,766.3740922084006,488.35200024003746,1.5882601172797781,307.47608337382457,0.00795525645950165,886.0088205033485,885.2579478312831,0.025907791567419736,0.017136801318114268,0.46666666666624224,0.07055389754849688,6.1513049836756135,0.3951739170608453
1715,72600.0,K_I_769.8964,769.89645,0.4984931955549362,weak_resonance,detected,769.7806322084006,359.3321626395036,1.5844563839999193,226.78577098624757,0.005853522677371126,806.9414828406275,800.8641017816067,-0.013965541768925505,0.02315229975484068,0.3999999999996362,0.11659797722569817,6.136573188029292,0.41515764621272716
1716,72700.0,K_I_693.8764,693.876396,0.00655092165605007,weak_anchor,detected,693.7605122254406,21.69034395464563,2.4666598699528275,8.793406913884903,0.0003348605608486107,56.32725092763803,55.86286311761925,-0.027178892073152383,-0.04359956567906883,0.26666666666642413,0.22888997053058593,9.553332597094142,0.47880249081287835
1716,72700.0,K_I_766.4899,766.48991,1.0,strong_resonance,detected,766.3740262254406,651.9555966053405,6.365984697582352,102.41237256711244,0.01006504171552782,1231.4785408024127,1208.698795146668,0.025973774527415117,0.01967927930650595,0.46666666666624224,0.06998241044942194,24.655352715970132,0.4999765853375269
1716,72700.0,K_I_769.8964,769.89645,0.4984931955549362,weak_resonance,detected,769.7805662254406,473.08104040844637,4.1922574963033945,112.84636996310338,0.007303534828643743,1039.5234820424475,1035.8656427011156,-0.013899558808930124,0.016403932141454906,0.3999999999996362,0.11957668600514995,16.236543466211018,0.5179989035003044
1717,72800.0,K_I_693.8764,693.876396,0.00655092165605007,weak_anchor,detected,693.7603424602373,16.34392626307595,1.6841420965026865,9.704600518576182,0.00024633989821230167,43.612629205320445,43.18610540280403,0.006324206463432347,0.09769395634749856,0.33333333333303017,0.16045094292320233,6.522654292407681,0.3522306614781217
1717,72800.0,K_I_766.4899,766.48991,1.0,strong_resonance,detected,766.3738564602373,612.0873690917496,2.3550663193017494,259.90239173953563,0.009225539675845296,1213.1247617615948,1210.9539262628175,-0.007189793602606187,0.02148538959885072,0.46666666666624224,0.06881927938547373,9.12113263387797,0.45827468533081184
1717,72800.0,K_I_769.8964,769.89645,0.4984931955549362,weak_resonance,detected,769.7803964602373,433.49531489095114,1.620694413609728,267.4750472702864,0.0065337538867266684,1025.7879217355282,1018.6659011262177,-0.01372979360564841,0.021348808693305573,0.3666666666663332,0.12241687292771591,6.276922473207581,0.46340264385290264
1718,72900.0,K_I_693.8764,693.876396,0.00655092165605007,weak_anchor,detected,693.7603038129705,30.9529205215284,1.5477042369106662,19.999247778317617,0.0004956269734728378,81.72291542661605,81.54571637761664,0.006362853730252027,0.02204884443884758,0.29999999999972715,0.15826118728330016,5.99423273441512,0.708675362698592
1718,72900.0,K_I_766.4899,766.48991,1.0,strong_resonance,detected,766.3738178129705,661.1692107312956,2.65747765565847,248.795774189669,0.010586829589804279,1229.5800616673214,1226.7971399837454,-0.007151146335786507,0.009222841607707824,0.46666666666624224,0.05602281872522073,10.292366703292942,0.5258961718653002
1718,72900.0,K_I_769.8964,769.89645,0.4984931955549362,weak_resonance,detected,769.7803578129705,454.0691854304079,1.594296749954199,284.8084495207385,0.007270685038125034,1068.1874029587702,1062.5077377891462,-0.01369114633882873,0.022315888886347328,0.3666666666663332,0.13059955877746204,6.1746847614908384,0.5156690514672628
1719,73000.0,K_I_693.8764,693.876396,0.00655092165605007,weak_anchor,detected,693.7603231366039,19.28093431655567,1.1355921208924336,16.97874964243611,0.00030844226487002215,52.986331089099394,52.5730291898511,0.006343530096842187,0.11424910384038191,0.29999999999972715,0.16269268924900956,4.398129372304755,0.44102812322081464
1719,73000.0,K_I_766.4899,766.48991,1.0,strong_resonance,detected,766.3738371366039,586.5827455197369,2.035104228073492,288.2322867930055,0.009383721120113443,1047.1656124759293,1031.9376035546786,0.02616286336410667,0.017312497882289873,0.49999999999954525,0.056839878636295665,7.881924783132104,0.4661322800238309
1719,73000.0,K_I_769.8964,769.89645,0.4984931955549362,weak_resonance,detected,769.7803771366039,413.76942280372265,1.9841343723065594,208.53901256834487,0.0066191801604737095,945.1143443678636,937.8769096390841,-0.01371046997223857,0.020140280567046507,0.3999999999996362,0.11075805099682176,7.684519380588001,0.46946145197380557
1720,73100.0,K_I_693.8764,693.876396,0.00655092165605007,weak_anchor,detected,693.7603614749529,25.079324490340994,1.4829595175244734,16.911671690273977,0.00041859363664906917,59.760588696369496,59.59382315156374,0.006305191747856043,0.0174986986239053,0.33333333333303017,0.1234694482330014,5.743477514477295,0.5985287588304737
1720,73100.0,K_I_766.4899,766.48991,1.0,strong_resonance,detected,766.3738754749529,560.6305487945559,2.5965367096026033,215.91474009252877,0.009357364482718001,1026.4783649332385,1026.058066944156,-0.007208808318182491,0.0060417661403894245,0.46666666666624224,0.06584741932972833,10.056343434116233,0.464823025483373
1720,73100.0,K_I_769.8964,769.89645,0.4984931955549362,weak_resonance,detected,769.7804154749529,407.0423647455813,1.7528637505938292,232.2156326227209,0.0067938569794697475,921.3941138818141,916.7115165547319,-0.013748808321224715,0.02956100098172015,0.3666666666663332,0.12574803546241806,6.7888121142267455,0.4818503024181145
1721,73200.0,K_I_693.8764,693.876396,0.00655092165605007,weak_anchor,detected,693.7603519675952,11.113728391124575,1.8715986280720112,5.9380938970729815,0.0001919914667368838,28.39375234141926,28.09159522829161,0.006314699105587351,0.13304749580802153,0.29999999999972715,0.13039107477342282,7.248670317314141,0.2745202129969473
1721,73200.0,K_I_766.4899,766.48991,1.0,strong_resonance,detected,766.3738659675951,403.0958252283888,4.549696364939237,88.59840149657377,0.00696354598542442,723.6212578009122,723.0840357327395,-0.007199300960337496,0.013654960179925022,0.46666666666624224,0.06212434801555933,17.620898251726114,0.34591112903805454
1721,73200.0,K_I_769.8964,769.89645,0.4984931955549362,weak_resonance,detected,769.780405967595,295.2742131741001,0.807688782579727,365.57919280617665,0.005100910089016348,666.301239023062,662.3648298995179,-0.01373930096337972,0.01916767861582435,0.3999999999996362,0.12216908061957117,3.128165203852671,0.3617790419238371
1722,73300.0,K_I_693.8764,693.876396,0.00655092165605007,weak_anchor,detected,693.7603614749529,17.627823586634726,1.3498470137126168,13.059127002956574,0.0002897023541374903,36.04613289933425,35.71329809827258,0.006305191747856043,0.023658437973662103,0.33333333333303017,0.15063421293647317,5.227935004041535,0.41423274333609966
1722,73300.0,K_I_766.4899,766.48991,1.0,strong_resonance,detected,766.3738754749529,467.7764067009788,2.888718728020733,161.93214042042985,0.0076876152955147985,896.3037248616001,892.2515850983023,0.026124525015120525,0.021630429209623176,0.46666666666624224,0.07220184468333284,11.187959525511946,0.38187895822729523
1722,73300.0,K_I_769.8964,769.89645,0.4984931955549362,weak_resonance,detected,769.7804154749529,328.10741140993696,1.6410305141748749,199.93986009145743,0.005392241930959962,772.4062478912456,766.3694905612124,-0.013748808321224715,0.019704830643376563,0.33333333333303017,0.12806351271923644,6.355683852023265,0.38244158112193377
1723,73400.0,K_I_693.8764,693.876396,0.00655092165605007,weak_anchor,detected,693.7603519675952,16.244317291599526,1.2191370847109326,13.324438650351766,0.0002546511252279759,38.7745787907312,38.55263813793005,0.006314699105587351,0.06855176581930433,0.26666666666642413,0.1589035283067047,4.721697625833597,0.3641145219922752
1723,73400.0,K_I_766.4899,766.48991,1.0,strong_resonance,detected,766.3738659675951,553.557617579414,7.709169303248666,71.80509284523602,0.008677746664552812,1074.5102315576805,1074.1585913883232,-0.007199300960337496,0.010905596048218188,0.46666666666624224,0.07654001006572783,29.857484324602677,0.4310633048915988
1723,73400.0,K_I_769.8964,769.89645,0.4984931955549362,weak_resonance,detected,769.780405967595,364.91407882538044,2.2137432086393067,164.84029285839233,0.005720510078467159,851.0274389958572,845.8295170585387,-0.01373930096337972,0.01479307399741657,0.3666666666663332,0.12790054287031305,8.573790579847604,0.40572380602430763
1724,73500.0,K_I_693.8764,693.876396,0.00655092165605007,weak_anchor,low_snr,693.7603233275358,12.557493201277543,2.758620480092578,4.552091631269307,0.00021071895821531006,31.07811700489856,30.855702958615826,0.006343339164914141,0.09811668121337955,0.3666666666663332,0.12994478017862202,10.684091177914981,0.3012978351326317
1724,73500.0,K_I_766.4899,766.48991,1.0,strong_resonance,detected,766.3738373275357,481.45286909097143,3.2318489392027705,148.9713406003858,0.008078941025769408,889.8679183710174,889.7411272455705,0.02616267243229231,0.008695053428356731,0.46666666666624224,0.07258463081312959,12.51689711900182,0.40131789428908715
1724,73500.0,K_I_769.8964,769.89645,0.4984931955549362,weak_resonance,detected,769.7803773275357,308.90188926827614,0.7888326141669968,391.59370913495377,0.005183477566265383,740.0534546486842,734.2657479121087,-0.01371066090405293,0.022212080657687944,0.33333333333303017,0.12135357525825531,3.055135577616818,0.36763509158790486
1725,73600.0,K_I_693.8764,693.876396,0.00655092165605007,weak_anchor,detected,693.7603424602373,11.984635483030864,1.939035590066984,6.1807197064479125,0.00018448571751185873,25.461420837102196,25.457440664199705,0.006324206463432347,0.06117446299263279,0.3666666666663332,0.10245879153318035,7.509852548039731,0.263788069996137
1725,73600.0,K_I_766.4899,766.48991,1.0,strong_resonance,detected,766.3738564602373,633.0365791632933,1.6125421497814612,392.57056272859916,0.009744660793692992,1220.3804281348316,1217.9657976013916,-0.007189793602606187,0.02349644619830457,0.46666666666624224,0.0652297239662418,6.245348891166785,0.48406180188867703
1725,73600.0,K_I_769.8964,769.89645,0.4984931955549362,weak_resonance,detected,769.7803964602373,435.743813204139,1.040542575745198,418.7659624519212,0.006707630794790682,1018.9920031213358,1010.0371696699767,-0.01372979360564841,0.016579357882499514,0.3666666666663332,0.11590318719403411,4.030004066884587,0.47573476108577245
1726,73700.0,K_I_693.8764,693.876396,0.00655092165605007,weak_anchor,low_snr,693.7603040039023,12.984717127495255,2.616248060183025,4.963106260874545,0.00018674130469006735,25.216217345702717,24.16624090696315,0.039695996131740685,0.11132482892595023,0.49999999999954525,0.09640856729572411,10.132685166645532,0.26701323558874956
1726,73700.0,K_I_766.4899,766.48991,1.0,strong_resonance,detected,766.3738180039024,591.4442205861507,1.7630069804332915,335.47469020275366,0.008505927724046073,1212.556193167699,1209.5258777105082,-0.007151337267714553,0.013630988905190714,0.3999999999996362,0.0682528034683535,6.828096674471773,0.42252827348300154
1726,73700.0,K_I_769.8964,769.89645,0.4984931955549362,weak_resonance,detected,769.7803580039024,387.67667910502075,1.5879760928105062,244.13256651671918,0.005575419791062414,980.5490715261557,971.3794116921466,-0.013691337270756776,0.01237110171409023,0.33333333333303017,0.1359367870967375,6.150204961636208,0.39543336289676273
1727,73800.0,K_I_693.8764,693.876396,0.00655092165605007,weak_anchor,detected,693.7601798335015,11.950996689783128,1.4874278358860882,8.034673280578819,0.00017240106394528326,26.06180104837938,25.116624003311596,0.03982016653253595,0.12013022222309767,0.33333333333303017,0.09001459015065089,5.760783237077398,0.24650875166248895
1727,73800.0,K_I_766.4899,766.48991,1.0,strong_resonance,detected,766.3736938335014,505.2678687528043,1.199850966011931,421.10885690429996,0.007288824556768408,1030.8899825871422,1027.077249878715,-0.007027166866691914,0.016831148679612953,0.3999999999996362,0.06227277907478206,4.647002809299317,0.3620692011037805
1727,73800.0,K_I_769.8964,769.89645,0.4984931955549362,weak_resonance,detected,769.7802338335014,342.582040952626,3.6913810067589536,92.80592827599077,0.0049419734505717705,924.5399204836676,910.9090017906248,-0.013567166869734137,0.008959850457440436,0.29999999999972715,0.1342803785983911,14.296657163696798,0.3505065545089172
1728,73900.0,K_I_693.8764,693.876396,0.00655092165605007,weak_anchor,low_snr,693.7600334639694,12.077635086259736,3.18288960826406,3.794550415729576,0.00021278897898377796,36.38323708109692,34.71203351067815,0.03996653606463951,0.05454905501730135,0.29999999999972715,0.11791185359565276,12.327278445634565,0.30425766742062965
1728,73900.0,K_I_766.4899,766.48991,1.0,strong_resonance,detected,766.3735474639694,697.1351845734862,3.422099151114379,203.7156592457205,0.012282428064731276,1368.5112941749794,1367.6334003691404,-0.006880797334702038,0.007356148726003834,0.4333333333329392,0.07518719926679998,13.253733021348582,0.6101242912867666
1728,73900.0,K_I_769.8964,769.89645,0.4984931955549362,weak_resonance,detected,769.7800874639694,478.2129831866047,2.823021030718101,169.39759852407477,0.00842536239108854,1208.858828385508,1196.8507609745989,-0.013420797337744261,0.012200146683500427,0.33333333333303017,0.12972338351072488,10.933513437974447,0.5975638622355988
1729,74000.0,K_I_693.8764,693.876396,0.00655092165605007,weak_anchor,detected,693.7603041948342,17.57524605979261,0.7232602093989323,24.300031760904663,0.0003225833943416884,30.102759117775236,29.598171108835967,-0.026970861466793394,0.0005655587337176157,0.5333333333328483,0.13934330185815813,2.8011747459791017,0.46124790663389403
1729,74000.0,K_I_766.4899,766.48991,1.0,strong_resonance,detected,766.3738181948343,588.3551598861411,1.3484818474323859,436.309291820587,0.010798915924637574,1097.3570879743256,1092.437650575927,0.026181805133774105,0.019477430305718198,0.46666666666624224,0.06707378879672186,5.22264773777339,0.5364314686364117
1729,74000.0,K_I_769.8964,769.89645,0.4984931955549362,weak_resonance,detected,769.7803581948342,405.31681527765886,1.6761753377581876,241.81051119613338,0.00743935382817469,934.0024871238629,926.8968436850632,-0.013691528202571135,0.012677440060823022,0.3999999999996362,0.12032926928551217,6.491799168466956,0.5276317859992853
1730,74100.0,K_I_693.8764,693.876396,0.00655092165605007,weak_anchor,detected,693.7600110739064,27.061442829695267,1.0767080426273579,25.133501151956256,0.0006265768848638042,57.728681715467474,57.69390230839034,0.006655592794345466,-0.043445595179362625,0.29999999999972715,0.16866429637514,4.1700723178271355,0.8959149217163125
1730,74100.0,K_I_766.4899,766.48991,1.0,strong_resonance,detected,766.3735250739064,652.661612478294,3.238647224278627,201.52290980801936,0.015111636234269548,1282.9929989870434,1281.4593821322985,-0.006858407271693068,0.012203942271353423,0.4333333333329392,0.06772622115238754,12.543226763883407,0.7506639810162692
1730,74100.0,K_I_769.8964,769.89645,0.4984931955549362,weak_resonance,detected,769.7800650739064,452.9159246043212,1.4054853809443455,322.248762416872,0.010486752348340359,1117.7099039721174,1106.8513982535167,-0.013398407274735291,0.014011516712331881,0.33333333333303017,0.1211165792750846,5.443421473740388,0.7437667301065349
1731,74200.0,K_I_693.8764,693.876396,0.00655092165605007,weak_anchor,detected,693.7600110739064,18.000311305677805,0.39672561110068966,45.37219378334839,0.00031087004482235013,31.14780337251824,30.96268838383145,0.006655592794345466,0.11921564520167587,0.3666666666663332,0.11522872933339864,1.5365116848083287,0.4444994997405647
1731,74200.0,K_I_766.4899,766.48991,1.0,strong_resonance,detected,766.3735250739064,473.9376883393229,2.292564606658058,206.7281711332866,0.0081850267984295,923.3845327243512,923.1204171582925,-0.006858407271693068,0.017990510856201267,0.46666666666624224,0.07653351695245657,8.879064541699291,0.4065876590716471
1731,74200.0,K_I_769.8964,769.89645,0.4984931955549362,weak_resonance,detected,769.7800650739064,313.13999830272087,3.5709581305636937,87.69075045225752,0.005408008986896347,791.6017382228679,784.0969566287228,-0.013398407274735291,0.017635020393090346,0.33333333333303017,0.1349747755624059,13.830261369689733,0.38355985027216005
1732,74300.0,K_I_693.8764,693.876396,0.00655092165605007,weak_anchor,detected,693.7599968851375,32.0352271163844,2.897800360772164,11.05501522811879,0.0006805712366616987,55.02962355190539,54.590951435118946,0.006669781563232391,0.08927706034168693,0.3666666666663332,0.10930236932239563,11.223132537914642,0.973119087131142
1732,74300.0,K_I_766.4899,766.48991,1.0,strong_resonance,detected,766.3735108851375,623.3941428496738,2.75310381471658,226.43321313106733,0.01324367457066888,1157.511847586482,1157.3699041187667,0.026489114830496874,0.02717323537949403,0.46666666666624224,0.07179237657149695,10.66272522478712,0.6578737948943738
1732,74300.0,K_I_769.8964,769.89645,0.4984931955549362,weak_resonance,detected,769.7800508851375,424.1261906747765,6.636026817699513,63.91266978360507,0.00901033368795813,986.7248212058939,978.9711621044828,-0.013384218505848366,0.014054850593109102,0.33333333333303017,0.12360907976945208,25.70122134995939,0.6390526067226115
1733,74400.0,K_I_693.8764,693.876396,0.00655092165605007,weak_anchor,detected,693.7597129085043,16.103972913439783,1.2084314991077374,13.326343218734683,0.00034624314886073866,32.30583619920776,28.016117936553833,0.10695375819636865,0.005835620531002299,0.3999999999996362,0.09062912622155928,4.680235071080986,0.4950779562731647
1733,74400.0,K_I_766.4899,766.48991,1.0,strong_resonance,detected,766.3732269085044,472.784655777178,5.185843207153676,91.16832825276887,0.010165097074443899,851.9522530951726,851.4095472647351,-0.006560241869692618,0.009496155657195412,0.46666666666624224,0.06113848851424037,20.08468437736731,0.5049467919307501
1733,74400.0,K_I_769.8964,769.89645,0.4984931955549362,weak_resonance,detected,769.7797669085044,324.21310969869575,2.4688220126093863,131.32299859722303,0.00697073750728451,749.79145987273,743.5014746771919,-0.013100241872734841,0.021092097605044807,0.3666666666663332,0.11100149905766186,9.561706539595127,0.494395449611671
1734,74500.0,K_I_693.8764,693.876396,0.00655092165605007,weak_anchor,detected,693.7595060036266,29.129233002610004,4.689668121317055,6.211363416144956,0.0006500926943340718,42.10081389678817,41.384842323559795,-0.02617267025914316,-0.013841250251983175,0.49999999999954525,0.10127069651970326,18.163006533117297,0.929539150617176
1734,74500.0,K_I_766.4899,766.48991,1.0,strong_resonance,detected,766.3730200036266,519.1231387133603,3.2799924166526337,158.26961552647327,0.011585549125412611,921.2353764892332,920.0328336437739,0.02697999634142434,0.012293254754761864,0.46666666666624224,0.0666026778125741,12.703356005393822,0.5755071319821355
1734,74500.0,K_I_769.8964,769.89645,0.4984931955549362,weak_resonance,detected,769.7795600036266,353.0545629033623,2.5189388117978635,140.1600393188486,0.007879307773885423,782.8930587535101,778.5505934684077,-0.012893336994920901,0.01731449281034349,0.3999999999996362,0.1157713231563496,9.755808068217497,0.5588352603190089
1735,74600.0,K_I_693.8764,693.876396,0.00655092165605007,weak_anchor,detected,693.7595060036266,11.77994465994989,2.042574672309602,5.767203921426258,0.0003320862727027707,32.61203481647476,32.27249926588333,-0.02617267025914316,0.07754816365748432,0.29999999999972715,0.20504362649460364,7.910857689247354,0.47483565736108413
1735,74600.0,K_I_766.4899,766.48991,1.0,strong_resonance,detected,766.3730200036266,544.3669858927535,1.0126955511452163,537.5425864931973,0.015346150474049447,985.543436396501,981.9173735857255,0.02697999634142434,0.008870677624679447,0.46666666666624224,0.06574601389031609,3.922153004367331,0.762313374246035
1735,74600.0,K_I_769.8964,769.89645,0.4984931955549362,weak_resonance,detected,769.7795600036266,366.7109141659243,2.296679493193416,159.6700433180737,0.010337880538507172,851.5589611478454,846.1801071514295,-0.012893336994920901,0.017597147656060203,0.3666666666663332,0.122897170951176,8.89500142872228,0.7332080847293324
1736,74700.0,K_I_693.8764,693.876396,0.00655092165605007,weak_anchor,detected,693.7594877598211,14.427703104110302,0.9120246075594087,15.819423055611457,0.0004107109508489422,42.6686688182599,42.28218915970303,-0.026154426453672386,0.000814302686702543,0.33333333333303017,0.15674416547851755,3.5322561164121575,0.5872576506837534
1736,74700.0,K_I_766.4899,766.48991,1.0,strong_resonance,detected,766.3730017598211,658.9032685715206,5.826291350956979,113.09136960054263,0.018756886387230182,1179.3177548604344,1178.942918783154,-0.006335093186407903,0.009765930320904649,0.46666666666624224,0.06426344403704912,22.565129372429215,0.9317402026246344
1736,74700.0,K_I_769.8964,769.89645,0.4984931955549362,weak_resonance,detected,769.7795417598211,446.01190138192385,4.043189407313675,110.31189896153231,0.01269654433451212,1002.2040113501184,998.2404759775011,-0.012875093189450126,0.016594120585332238,0.3999999999996362,0.12280081606988918,15.65920524010234,0.9004949244202596
1737,74800.0,K_I_693.8764,693.876396,0.00655092165605007,weak_anchor,detected,693.7596160565647,19.771864404312915,0.9937155526571111,19.896905458956162,0.0005216191541630937,39.36573535343041,38.67127281261891,-0.02628272319725511,0.013063550137468204,0.33333333333303017,0.1618228985697121,3.8486437863117913,0.7458404466505936
1737,74800.0,K_I_766.4899,766.48991,1.0,strong_resonance,detected,766.3731300565648,590.9211311998178,1.161603282685413,508.7116574203517,0.015589616352330983,1068.173599136754,1066.5069456127085,-0.006463389930104313,0.01968292394840775,0.46666666666624224,0.05691446007831284,4.4988701687445625,0.7744074362390032
1737,74800.0,K_I_769.8964,769.89645,0.4984931955549362,weak_resonance,detected,769.7796700565648,408.67033289470123,1.1535875815544303,354.26034349644107,0.010781495817338518,869.44073426181,865.9269434404401,-0.013003389933146536,0.018120808128555124,0.3999999999996362,0.10808391932041106,4.467825491756062,0.7646712369428875
1738,74900.0,K_I_693.8764,693.876396,0.00655092165605007,weak_anchor,detected,693.7599878826403,19.36236876985747,0.9786290209639682,19.78519781764204,0.0005974019186856312,41.986652688856225,41.71603884259228,0.0066787840604547455,-0.04070944602670711,0.3666666666663332,0.11010398293690475,3.7902139003121644,0.8541989118043357
1738,74900.0,K_I_766.4899,766.48991,1.0,strong_resonance,detected,766.3735018826403,511.069819466116,6.62210851440513,77.17629790487145,0.015768426599057295,954.489645450938,952.5909799638594,-0.0068352160055837885,0.009081399399250577,0.46666666666624224,0.059249153316474006,25.647315993092732,0.7832897577542394
1738,74900.0,K_I_769.8964,769.89645,0.4984931955549362,weak_resonance,detected,769.7800418826403,358.69605918541157,3.9787898744041734,90.1520488661459,0.011067122857195587,837.4231254206807,831.1415192391746,-0.013375216008626012,0.026356274040771736,0.33333333333303017,0.12436886602610826,15.409786921640077,0.7849291664150299
1739,75000.0,K_I_693.8764,693.876396,0.00655092165605007,weak_anchor,detected,693.7599876176237,17.83656543279886,2.627624431809559,6.788095443501185,0.000477226166508222,36.744023826714965,36.46001357831036,0.0066790490770927136,0.07834070832762027,0.3666666666663332,0.14478824973963939,10.176745664495405,0.6823648524811522
1739,75000.0,K_I_766.4899,766.48991,1.0,strong_resonance,detected,766.3735016176237,557.9885098134365,2.649898961322012,210.56973037759175,0.014929259699529318,1042.7693782397255,1041.473874208919,-0.00683495098894582,0.010389997207865515,0.46666666666624224,0.06223770424115845,10.263014546341818,0.7416045056894619
1739,75000.0,K_I_769.8964,769.89645,0.4984931955549362,weak_resonance,detected,769.7800416176236,381.24981121452294,3.5681136313146142,106.84912270410446,0.010200528042989961,884.2861254211521,878.4558590061187,-0.013374950991988044,0.016517812363039844,0.3666666666663332,0.12448790847650616,13.81924467146974,0.7234664399312671
1740,75100.0,K_I_693.8764,693.876396,0.00655092165605007,weak_anchor,detected,693.7599876176237,7.835693254610834,1.005061061161959,7.796236027243884,0.0002656505876896163,31.19129295911972,29.47415827507385,-0.026654284256210303,0.03993964010070034,0.23333333333312112,0.24154616111493393,3.8925847518053622,0.37984217296105316
1740,75100.0,K_I_766.4899,766.48991,1.0,strong_resonance,detected,766.3735016176237,594.9357542323803,4.365808375511126,136.27161411149393,0.0201698851159592,1180.5012083615293,1178.8764979577027,-0.00683495098894582,0.010793438252127486,0.4333333333329392,0.06939467390442677,16.908703131102826,1.001930302123805
1740,75100.0,K_I_769.8964,769.89645,0.4984931955549362,weak_resonance,detected,769.7800416176236,409.50550114394525,3.1148061355592436,131.47062235076186,0.013883312363843013,990.4852157275564,982.0391461394687,-0.013374950991988044,0.02599453913971433,0.33333333333303017,0.13252658133915152,12.063592289696604,0.9846657474978264
1741,75200.0,K_I_693.8764,693.876396,0.00655092165605007,weak_anchor,low_snr,693.7599994782734,8.580941518720515,2.5778344821901826,3.3287402965569632,0.00027351376547353457,18.949985705784,17.868599064621357,0.04000052176070312,-0.046258870235414605,0.3666666666663332,0.1286542162818077,9.983910018810878,0.3910853874474156
1741,75200.0,K_I_766.4899,766.48991,1.0,strong_resonance,detected,766.3735134782734,505.857449721828,3.3784933542544997,149.7287094215554,0.01612398541167156,1022.7831371746324,1018.2474571436242,-0.006846811638638428,0.008773522946795266,0.4333333333329392,0.0695487972805289,13.084848496312013,0.8009519876825355
1741,75200.0,K_I_769.8964,769.89645,0.4984931955549362,weak_resonance,detected,769.7800534782733,352.69223228966734,7.658156336363876,46.05445707799784,0.01124191096004548,896.4792339077649,888.4139075893086,-0.013386811641680652,0.0011620739255910975,0.33333333333303017,0.13217940123478858,29.659911953417073,0.7973259096010901
1742,75300.0,K_I_693.8764,693.876396,0.00655092165605007,weak_anchor,detected,693.7602733640277,14.18103034840577,1.4009631170378176,10.122343819007883,0.00036855542850203617,32.72761563161339,32.667462947675986,0.006393302673018297,-0.11878719768132232,0.26666666666642413,0.17324381650382298,5.425906820943235,0.5269813104361428
1742,75300.0,K_I_766.4899,766.48991,1.0,strong_resonance,detected,766.3737873640277,490.87414715258564,2.611217440387546,187.9866990623853,0.012757488503981033,978.4685181792156,973.2035893549476,-0.007120697393020237,0.0024165940856207954,0.4333333333329392,0.0753478363770743,10.113201659956522,0.63372271272983
1742,75300.0,K_I_769.8964,769.89645,0.4984931955549362,weak_resonance,detected,769.7803273640277,349.1157761532721,3.710526561201933,94.08793344958154,0.009073283909265102,878.3366597401991,868.0993892613242,-0.01366069739606246,0.014561466851417503,0.33333333333303017,0.13162668136847597,14.370807577208433,0.643517314070104
1743,75400.0,K_I_693.8764,693.876396,0.00655092165605007,weak_anchor,detected,693.7602733640277,14.187846624978956,1.418181326573416,10.004254293249915,0.0003940110968330814,37.59656781194167,33.35282593563489,0.07305996933962433,0.12097432057933424,0.33333333333303017,0.09209581134358177,5.492592659726178,0.5633792587980618
1743,75400.0,K_I_766.4899,766.48991,1.0,strong_resonance,detected,766.3737873640277,636.3887292538263,1.5906925258483167,400.0702328782491,0.01767316971019786,1239.9520474681503,1236.6850752476198,-0.007120697393020237,0.018709785342495393,0.46666666666624224,0.057495894865957305,6.160725661552744,0.8779070463427245
1743,75400.0,K_I_769.8964,769.89645,0.4984931955549362,weak_resonance,detected,769.7803273640277,431.0888977708488,1.1499558159921044,374.8743141047853,0.011971782183225298,1014.6209781685561,1006.6317943191408,-0.01366069739606246,0.017329820860159707,0.3666666666663332,0.11637206358340284,4.453759724215831,0.8490915959672054
1744,75500.0,K_I_693.8764,693.876396,0.00655092165605007,weak_anchor,detected,693.7603083327324,11.347589537586776,0.9717068280364634,11.677997118242908,0.00033712753007618287,37.956119855079805,37.10323155342978,-0.026974999364938412,0.006609874233753428,0.26666666666642413,0.2024236524401848,3.763404362384679,0.4820439311007611
1744,75500.0,K_I_766.4899,766.48991,1.0,strong_resonance,detected,766.3738223327323,605.7266827641117,2.000568126009161,302.77733354297084,0.01799564037676076,1117.2305204859172,1115.7084817836705,-0.007155666097560243,0.017752366223074585,0.46666666666624224,0.061269522531857586,7.748167034993907,0.89392563695531
1744,75500.0,K_I_769.8964,769.89645,0.4984931955549362,weak_resonance,detected,769.7803623327322,433.74752395136403,0.45408274244520985,955.2169316447882,0.01288628135006378,994.4907778120432,988.4381777618934,-0.013695666100602466,0.019213451488090946,0.3999999999996362,0.12021844194098022,1.758654899292089,0.9139519104297904
1745,75600.0,K_I_693.8764,693.876396,0.00655092165605007,weak_anchor,detected,693.7603433014369,10.115779447196457,0.78383287716214,12.905530938968198,0.00025178687729884906,26.915356058724456,26.188134076481745,-0.02700996806947842,-0.0026389571872353214,0.33333333333303017,0.1112456919409887,3.035771679461573,0.3600190589753821
1745,75600.0,K_I_766.4899,766.48991,1.0,strong_resonance,detected,766.3738573014369,551.5283508295776,4.482695524774567,123.0349792399326,0.013727820176590539,948.7851819529151,938.6568424796378,0.02614269853108908,0.014048036577960844,0.5333333333328483,0.04698497702054216,17.3614051135862,0.6819235180546305
1745,75600.0,K_I_769.8964,769.89645,0.4984931955549362,weak_resonance,detected,769.7803973014369,418.4776034343465,0.9933583003878333,421.2755893527661,0.010416119641422417,901.3736479898308,897.1519901918296,-0.013730634805256159,0.020065747408860673,0.3999999999996362,0.11779051283991454,3.8472601542224827,0.7387571469946342
1746,75700.0,K_I_693.8764,693.876396,0.00655092165605007,weak_anchor,detected,693.7602733640277,22.47049783793881,2.0001628656385613,11.2343340754729,0.0005107541806763906,50.967463092493745,50.64298523557789,0.006393302673018297,-0.025065252725599965,0.3666666666663332,0.12936120207869414,7.746597468327696,0.7303050955932284
1746,75700.0,K_I_766.4899,766.48991,1.0,strong_resonance,detected,766.3737873640277,697.263409613924,4.209337913309594,165.64681286556544,0.015848790002849958,1107.4144153770849,1106.6866920967502,-0.007120697393020237,0.010536027665286246,0.5333333333328483,0.05090776059388211,16.302695636822364,0.7872817750105979
1746,75700.0,K_I_769.8964,769.89645,0.4984931955549362,weak_resonance,detected,769.7803273640277,479.0500004775053,2.763213834162347,173.36696659334967,0.010888801497036908,967.8046655920932,963.3936236504574,-0.01366069739606246,0.022638073818861088,0.4333333333329392,0.09047436824261021,10.701881161730446,0.7722818290366125
1747,75800.0,K_I_693.8764,693.876396,0.00655092165605007,weak_anchor,detected,693.7603433014369,34.38860836002056,1.8739874714101084,18.350500675516454,0.0006675737158378647,62.61183674080189,62.17155438384084,0.0063233652638245985,0.08888317775713168,0.3666666666663332,0.09998567237797085,7.257922267779298,0.954534499776116
1747,75800.0,K_I_766.4899,766.48991,1.0,strong_resonance,detected,766.3738573014369,835.6878279360444,3.4556220291038957,241.8342691699859,0.01622290796810266,1376.1709528455422,1365.7543239132817,0.02614269853108908,0.013751106201473545,0.5333333333328483,0.0459636711916987,13.383566569519042,0.8058659228032393
1747,75800.0,K_I_769.8964,769.89645,0.4984931955549362,weak_resonance,detected,769.7803973014369,576.3098135666842,2.0584984497179217,279.9661149347266,0.011187695637134771,1194.6095550848668,1189.7263742968412,-0.013730634805256159,0.022083979530099326,0.3999999999996362,0.11231793483654609,7.972530213958546,0.7934807197745801
1748,75900.0,K_I_693.8764,693.876396,0.00655092165605007,weak_anchor,detected,693.7604715886581,24.62137682828604,1.8121868040307143,13.58655563186009,0.0005162800424529796,57.5934813326694,56.62567214334944,-0.027138255290651614,0.05954328071121083,0.33333333333303017,0.1575860460856018,7.018569312234184,0.7382062840037522
1748,75900.0,K_I_766.4899,766.48991,1.0,strong_resonance,detected,766.3739855886581,797.5502618146638,3.502730377297664,227.69387760583766,0.01672364977392385,1285.657726578262,1271.5053629958636,0.026014411309915886,0.02008059707001332,0.5666666666661513,0.044988954350361196,13.566016417541011,0.8307400550012196
1748,75900.0,K_I_769.8964,769.89645,0.4984931955549362,weak_resonance,detected,769.7805255886581,562.4094809844942,2.2089553543690474,254.6042770272002,0.01179303630108348,1101.5166166024605,1100.1813339345483,-0.013858922026429354,0.020321808376505185,0.4333333333329392,0.09779656838204698,8.555247299994805,0.8364141496173192
1749,76000.0,K_I_693.8764,693.876396,0.00655092165605007,weak_anchor,detected,693.7605951771218,32.668327353254725,3.9699434751156866,8.228914985320477,0.0006318647230532834,70.4657241169889,70.25012217229718,0.006071489578971523,-0.03498901017207021,0.33333333333303017,0.12467049241060234,15.375524964521837,0.9034757705953859
1749,76000.0,K_I_766.4899,766.48991,1.0,strong_resonance,detected,766.3741091771219,997.9884037008718,5.820796334553995,171.45221140559633,0.019302906435826873,1838.824641407713,1838.2002926759753,-0.007442510487180698,0.01621578089412284,0.46666666666624224,0.07224670142125121,22.5438472654133,0.9588635119102817
1749,76000.0,K_I_769.8964,769.89645,0.4984931955549362,weak_resonance,detected,769.7806491771219,679.2868961963853,5.755205807095409,118.02999214361965,0.013138641042057845,1527.8640284340845,1517.894825679479,-0.013982510490222921,0.01904838147504063,0.3999999999996362,0.11896928170738515,22.289816244897008,0.9318503728603277
1750,76100.0,K_I_693.8764,693.876396,0.00655092165605007,weak_anchor,low_snr,693.7604127086939,25.86615583475368,6.023352481178491,4.294312165123843,0.000628962776734014,52.21554101550737,51.816422016942326,0.006253958006823268,0.01786484648511301,0.3999999999996362,0.11815854289420545,23.328343847962635,0.8993264042969175
1750,76100.0,K_I_766.4899,766.48991,1.0,strong_resonance,detected,766.373926708694,662.4009067529379,3.130828673458132,211.57366813728845,0.016106974545582835,1030.5536940136446,1024.5482252464678,0.02607329127408775,0.009483514246050697,0.5666666666661513,0.04014938068512953,12.125647312143032,0.8001069802815675
1750,76100.0,K_I_769.8964,769.89645,0.4984931955549362,weak_resonance,detected,769.7804667086939,472.3078903829728,5.211407298388948,90.62962523174534,0.01148466297452382,922.3079048084928,918.8231936765943,-0.01380004206225749,0.02018797681529082,0.46666666666624224,0.08462947191476258,20.18369367698254,0.8145429531659554
1751,76200.0,K_I_693.8764,693.876396,0.00655092165605007,weak_anchor,detected,693.7606568721026,28.963728437076522,2.6134437134781354,11.08259125218724,0.0006837077373114052,67.59688081601234,67.0909250198847,0.006009794598185181,0.060980870301303634,0.3999999999996362,0.09737989451944636,10.121823978560492,0.9776038324224652
1751,76200.0,K_I_766.4899,766.48991,1.0,strong_resonance,detected,766.3741708721026,730.1823229465164,3.2052934401148,227.80514064895237,0.017236430901191625,1099.6451639686957,1081.5609038396683,0.05916246119875268,0.010291479029520535,0.5999999999994543,0.05283759810154573,12.41404811328379,0.8562122352745853
1751,76200.0,K_I_769.8964,769.89645,0.4984931955549362,weak_resonance,detected,769.7807108721025,524.9905270387728,1.7708802549822822,296.45738358747775,0.012392744467667414,959.2282349937822,958.2094550047336,0.01928912786240744,0.021398651195800016,0.46666666666624224,0.062129474608269813,6.85858973568016,0.8789480979038836
1752,76300.0,K_I_693.8764,693.876396,0.00655092165605007,weak_anchor,low_snr,693.7607243706259,19.987978598720392,4.2744199826429945,4.6761849981716725,0.00048686668012671566,55.59628239952417,55.39294661179712,-0.02739103725843961,0.02109992395730218,0.29999999999972715,0.17097731900196983,16.554757407487568,0.69614940185165
1752,76300.0,K_I_766.4899,766.48991,1.0,strong_resonance,detected,766.374238370626,720.0188817335446,3.337010151583969,215.76766297572553,0.0175382018169963,1139.3609453352,1138.9012684279721,-0.007571703991288814,0.014577685148136234,0.5333333333328483,0.05049906459706246,12.924184743221556,0.871202574738895
1752,76300.0,K_I_769.8964,769.89645,0.4984931955549362,weak_resonance,detected,769.780778370626,521.7118836080265,5.299131385941878,98.45233975365878,0.012707844942917658,1026.0888338968143,1024.003112301261,-0.014111703994331037,0.01951451358171796,0.4333333333329392,0.10117962130302939,20.523447607136585,0.9012964134115898
1753,76400.0,K_I_693.8764,693.876396,0.00655092165605007,weak_anchor,detected,693.760808920907,20.22508458086007,0.5174714677679262,39.08444395610725,0.0005243007206091452,48.341591243066205,44.21963019364893,0.07252441246032504,0.10541071689616738,0.3666666666663332,0.07125070002020975,2.004158376804509,0.7496747013935107
1753,76400.0,K_I_766.4899,766.48991,1.0,strong_resonance,detected,766.374322920907,659.0267926527985,3.1635535304886506,208.31852102436324,0.01708414226438317,953.1873066597491,945.4564924922724,0.025677079060983488,0.006338785226144426,0.6333333333327573,0.032829943565546346,12.252390138429364,0.848647363238364
1753,76400.0,K_I_769.8964,769.89645,0.4984931955549362,weak_resonance,detected,769.780862920907,459.3495792831337,2.4373488037072053,188.46279965529078,0.011907852076800217,860.838451890621,858.8753602398457,-0.014196254275361753,0.01862040686351629,0.46666666666624224,0.07665488708533025,9.439811325665161,0.8445573908451907
1754,76500.0,K_I_693.8764,693.876396,0.00655092165605007,weak_anchor,detected,693.760860961551,27.698132361008305,1.8451404338988997,15.011395258668946,0.0006531180479650739,66.51300306127263,66.13690398728122,0.005805705149782625,0.1256670187891854,0.33333333333303017,0.12768966796967335,7.146198171910865,0.9338649716408363
1754,76500.0,K_I_766.4899,766.48991,1.0,strong_resonance,detected,766.374374961551,841.6755176536482,5.218340847496944,161.29178646070437,0.019846589796927824,1328.6052630230224,1292.8043449993386,0.058958371750350125,0.018164041007285383,0.5666666666661513,0.07424772402049083,20.210547197207944,0.9858707472572272
1754,76500.0,K_I_769.8964,769.89645,0.4984931955549362,weak_resonance,detected,769.7809149615509,604.0133440458218,4.293944190856958,140.66632382692347,0.014242549319440932,1108.0826773600968,1107.369188467955,-0.014248294919298132,0.021326489920870367,0.49999999999954525,0.07369894220022236,16.630374340748208,1.0101444168630638
1755,76600.0,K_I_693.8764,693.876396,0.00655092165605007,weak_anchor,detected,693.760808920907,23.798060870095146,1.791081732760693,13.286976487339794,0.0006104122651398705,48.54908030981096,48.40054857672101,0.005857745793719005,0.10115207676353653,0.33333333333303017,0.11171583095778524,6.936829722684796,0.8728018379681147
1755,76600.0,K_I_766.4899,766.48991,1.0,strong_resonance,detected,766.374322920907,494.3980283011689,5.237784809512746,94.39067206488788,0.012681143307572175,802.7060256069635,776.5148967745719,0.059010412394286504,0.010438813003708377,0.5666666666661513,0.07237661010617333,20.285853338279505,0.6299302981838937
1755,76600.0,K_I_769.8964,769.89645,0.4984931955549362,weak_resonance,detected,769.780862920907,360.8811818079985,1.631338737460221,221.21780934954245,0.009256481056848943,688.0697684175642,686.5024888281057,-0.014196254275361753,0.02896668727530641,0.46666666666624224,0.09180768094478595,6.318147762212216,0.6565104637981837
1756,76700.0,K_I_693.8764,693.876396,0.00655092165605007,weak_anchor,detected,693.7608959504372,22.321456796534633,0.5847000981383693,38.17590738842711,0.00047432644031400836,57.690867657572426,57.21786713070074,0.005770716263555187,0.055894334116936235,0.33333333333303017,0.13615848188490032,2.264533742617806,0.6782186606425363
1756,76700.0,K_I_766.4899,766.48991,1.0,strong_resonance,detected,766.3744099504372,670.1789186745124,1.7866621240950935,375.1010947377327,0.014241166415165324,1022.9315202615942,1014.1808089499755,0.02559004953081967,0.017527076233905734,0.5999999999994543,0.03636702907429714,6.91971265192616,0.7074237699872699
1756,76700.0,K_I_769.8964,769.89645,0.4984931955549362,weak_resonance,detected,769.7809499504372,493.976300977168,8.043204462990085,61.415360413892905,0.010496896442635273,928.4884889371697,923.8289995836167,-0.01428328380552557,0.016438416633430854,0.46666666666624224,0.07235020519231618,31.151196935330095,0.7444861940161422
1757,76800.0,K_I_693.8764,693.876396,0.00655092165605007,weak_anchor,low_snr,693.760860961551,33.694308975383535,6.906220157574665,4.878835051099261,0.000658597157847478,74.72344825758228,74.303866070287,-0.027527628183520392,-0.029705048689963362,0.29999999999972715,0.17980386365558215,26.747675655552964,0.941699311559769
1757,76800.0,K_I_766.4899,766.48991,1.0,strong_resonance,detected,766.374374961551,835.4477057722585,5.247225145812211,159.21704949882434,0.01632986404184128,1353.771009965436,1309.4290188077812,0.058958371750350125,0.013249550449555421,0.5333333333328483,0.06815045036153401,20.32241560354996,0.8111789194147133
1757,76800.0,K_I_769.8964,769.89645,0.4984931955549362,weak_resonance,detected,769.7809149615509,635.8547335388173,10.39833681450253,61.149657380975825,0.012428571264615577,1205.7995752824627,1200.9971442518952,-0.014248294919298132,0.01818507006174248,0.46666666666624224,0.0844623096268325,40.27258531086041,0.8814890923634833
1758,76900.0,K_I_693.8764,693.876396,0.00655092165605007,weak_anchor,detected,693.7608259726647,27.893647081397592,2.800681133226584,9.959594025351299,0.0005263080467278235,73.55384438238298,73.53977200972245,0.005840694036010063,-0.024108792890432346,0.33333333333303017,0.13738235778459346,10.846991387033741,0.7525448893399839
1758,76900.0,K_I_766.4899,766.48991,1.0,strong_resonance,detected,766.3743399726648,947.4472831717418,6.56821686960486,144.24725948927744,0.017876799241367546,1469.6788505702716,1461.4019494623112,0.025660027303274546,0.012522868210245813,0.5666666666661513,0.041767566413834216,25.43859455028137,0.8880222550567662
1758,76900.0,K_I_769.8964,769.89645,0.4984931955549362,weak_resonance,detected,769.7808799726647,650.950524183902,3.5958112271426215,181.03022741301518,0.01228238451214091,1279.9847762091813,1273.165407413781,-0.014213306033070694,0.02470432805549106,0.46666666666624224,0.08599631239359852,13.926516998841693,0.8711208830970383
1759,77000.0,K_I_693.8764,693.876396,0.00655092165605007,weak_anchor,detected,693.7608259726647,38.52956694242258,3.8845434753263524,9.918685989010742,0.0008546517254031653,91.81245264853374,91.75740810273004,-0.027492639297292953,-0.044727656171744935,0.29999999999972715,0.17298707213560416,15.04477218757133,1.222029174960266
1759,77000.0,K_I_766.4899,766.48991,1.0,strong_resonance,detected,766.3743399726648,906.7998477944407,6.473943335552816,140.0691666259399,0.02011437231233302,1325.2998463622225,1316.2326522341186,0.025660027303274546,0.010151283709518238,0.6666666666660603,0.03080007317485902,25.073474722909356,0.9991727276612262
1759,77000.0,K_I_769.8964,769.89645,0.4984931955549362,weak_resonance,detected,769.7808799726647,621.112591043543,2.5147041085597013,246.99231568810129,0.013777340098274613,1137.2165176512922,1134.3239842067758,0.019120027300232323,0.01900110216100758,0.49999999999954525,0.06294691564698864,9.739407133099949,0.9771497270154448
1760,77100.0,K_I_693.8764,693.876396,0.00655092165605007,weak_anchor,detected,693.7606866747885,39.05068735923863,2.581251138697223,15.128588913261577,0.0007318250044929551,94.35941750064183,93.67760665680218,-0.02735334142107604,0.07945320282533641,0.33333333333303017,0.17416882988862972,9.997142672562367,1.046404611227977
1760,77100.0,K_I_766.4899,766.48991,1.0,strong_resonance,detected,766.3742006747885,946.6680016826894,2.7800278254923523,340.5246497901622,0.017740924973011243,1680.6212793838313,1678.4969827560444,-0.0075340081538115555,0.005958652479564792,0.49999999999954525,0.0577801379085895,10.767001470134892,0.8812727596599201
1760,77100.0,K_I_769.8964,769.89645,0.4984931955549362,weak_resonance,detected,769.7807406747885,678.181937248886,4.926907026353664,137.64861679372893,0.012709392147403256,1462.3513076870477,1454.9088077572362,-0.014074008156853779,0.014652622750549266,0.3999999999996362,0.11083995442770929,19.0818288613974,0.9014061479779107
1761,77200.0,K_I_693.8764,693.876396,0.00655092165605007,weak_anchor,detected,693.7604127086939,17.25800856569068,2.3222082952196508,7.431722899800552,0.00033521109389050087,55.875872728270224,55.58202813887967,-0.02707937532647975,0.026433960558830086,0.23333333333312112,0.230560971351246,8.993874053818605,0.47930370269983186
1761,77200.0,K_I_766.4899,766.48991,1.0,strong_resonance,detected,766.373926708694,772.8978883736156,3.998546219944194,193.29472409710013,0.01501238950260129,1384.6939335614206,1368.0023717239874,0.02607329127408775,0.01198135249912147,0.46666666666624224,0.05218780817133327,15.486302918898566,0.7457339426311473
1761,77200.0,K_I_769.8964,769.89645,0.4984931955549362,weak_resonance,detected,769.7804667086939,561.2909508440924,6.9181429539636214,81.13318192167614,0.010902240134318626,1189.6680784736309,1181.9552546329198,-0.01380004206225749,0.01778587956103916,0.3999999999996362,0.10195149138829315,26.79385244740766,0.7732349564659727
1762,77300.0,K_I_693.8764,693.876396,0.00655092165605007,weak_anchor,detected,693.7602992812282,40.96537325732258,4.538732900905633,9.025729019909628,0.0005675750468071257,85.88211866299389,85.34130345681378,-0.02696594786073092,0.06034213756306425,0.29999999999972715,0.17903070380551553,17.57843693810718,0.8115507704036485
1762,77300.0,K_I_766.4899,766.48991,1.0,strong_resonance,detected,766.3738132812282,1050.0065733582073,12.507454319673936,83.95046238198698,0.014547835955944733,1901.3122632733375,1899.751151022361,-0.007146614593466438,0.010722022277478193,0.46666666666624224,0.06524849463397461,48.441162283591225,0.7226574465242852
1762,77300.0,K_I_769.8964,769.89645,0.4984931955549362,weak_resonance,detected,769.7803532812281,719.2382408135552,3.319717079440276,216.656487165112,0.00996504232076681,1623.1514646092278,1608.3271469210806,-0.013686614596508662,0.010772845501405205,0.3666666666663332,0.11100421896183929,12.857208962804206,0.7067647538623282
1763,77400.0,K_I_693.8764,693.876396,0.00655092165605007,weak_anchor,detected,693.7600502613116,44.798736608797064,2.5841425271237384,17.336016159549832,0.0006322120522601577,121.08032231636548,120.30091596997597,0.006616405389195279,0.08495462545438659,0.33333333333303017,0.12495802876757951,10.008340971785689,0.9039724014585787
1763,77400.0,K_I_766.4899,766.48991,1.0,strong_resonance,detected,766.3735642613115,1397.9835913327483,5.672148294524767,246.4645701668624,0.019728727687578308,2587.499257697609,2574.7081258573617,0.02643573865657345,0.010830005093932787,0.46666666666624224,0.06613034341973296,21.968135881933208,0.9800159980531243
1763,77400.0,K_I_769.8964,769.89645,0.4984931955549362,weak_resonance,detected,769.7801042613114,984.9116762051898,6.242197806848451,157.78283653949924,0.013899343580738428,2197.4119183943603,2182.109223816615,-0.013437594679771792,0.0195723048607321,0.3666666666663332,0.123297730551547,24.1759281496785,0.9858027521083929
1764,77500.0,K_I_693.8764,693.876396,0.00655092165605007,weak_anchor,detected,693.7599484638904,29.029177973443307,1.3692789014355957,21.200339786882125,0.0004633098380352676,57.7694616204858,56.69561450919388,0.040051536143664634,0.07398700584830872,0.46666666666624224,0.049584480821106086,5.303194381578072,0.6624665021978737
1764,77500.0,K_I_766.4899,766.48991,1.0,strong_resonance,detected,766.3734624638904,993.0432549785464,1.601363878772753,620.1234261257291,0.015849112573805064,1812.3510610812145,1806.5593370536549,-0.006795797255676916,0.011087917506948645,0.46666666666624224,0.054613701195609585,6.202055633710626,0.7872977985830005
1764,77500.0,K_I_769.8964,769.89645,0.4984931955549362,weak_resonance,detected,769.7800024638904,677.806980037071,5.030093409245702,134.75037636303315,0.010817896477379992,1621.1256435608293,1602.1847361034722,-0.01333579725871914,0.011451703980566087,0.33333333333303017,0.11765331563634887,19.481468003894012,0.7672529323041832
1765,77600.0,K_I_693.8764,693.876396,0.00655092165605007,weak_anchor,detected,693.7598192006293,26.7158094272443,1.4198659345007367,18.815726737354467,0.0005138176839155734,51.897126145878474,51.61163550576298,0.006847466071462804,0.026872598400945275,0.3999999999996362,0.09063465803030352,5.499117118173586,0.7346854650754298
1765,77600.0,K_I_766.4899,766.48991,1.0,strong_resonance,detected,766.3733332006293,667.4274825990395,2.2121785317719134,301.70597581219755,0.012836445933804282,1185.3661302680675,1183.4418369959496,-0.00666653399457573,0.014389537265367118,0.46666666666624224,0.05533234003177066,8.567730612397987,0.6376448888385642
1765,77600.0,K_I_769.8964,769.89645,0.4984931955549362,weak_resonance,detected,769.7798732006293,470.2765428071759,2.3951476272533307,196.3455352213392,0.009044697099036412,1046.9322934884522,1040.268355590928,-0.013206533997617953,0.014312412359594325,0.3999999999996362,0.11106760308334289,9.276366872068795,0.6414898114018128
1766,77700.0,K_I_693.8764,693.876396,0.00655092165605007,weak_anchor,detected,693.759684125009,19.113281444625972,1.6078059777176112,11.887803447377749,0.0003393497111476616,53.92880609867552,52.79833010125863,-0.026350791641561955,0.03374338693416096,0.26666666666642413,0.2395913679300167,6.2270057756387045,0.48522133076038326
1766,77700.0,K_I_766.4899,766.48991,1.0,strong_resonance,detected,766.3731981250089,683.5333248422045,3.196739769176327,213.82201060999216,0.012135898119693178,1183.8666595047234,1169.569234728933,0.026801874959119232,0.005579203372488128,0.49999999999954525,0.0491939071090261,12.380919888190117,0.6028454797685968
1766,77700.0,K_I_769.8964,769.89645,0.4984931955549362,weak_resonance,detected,769.7797381250089,486.70405968887434,2.2370995377657885,217.5603058659384,0.008641262493220501,1033.001224914273,1027.5907573322988,-0.013071458377226008,0.03088010014704563,0.3999999999996362,0.11214170763723769,8.66424925358309,0.6128764497420415
1767,77800.0,K_I_693.8764,693.876396,0.00655092165605007,weak_anchor,detected,693.759684125009,20.087767004383174,1.9628025814692056,10.234226913104521,0.00034766101963499695,60.69276861210301,59.40575047719639,0.04031587502504408,0.03561536662778586,0.33333333333303017,0.1300903703730522,7.601901709930074,0.4971053077673067
1767,77800.0,K_I_766.4899,766.48991,1.0,strong_resonance,detected,766.3731981250089,744.3877640399531,1.6537710828130787,450.1153586346081,0.012883194483163626,1236.4439863547138,1221.9902456441782,0.026801874959119232,0.009888586721365234,0.5333333333328483,0.04767141179151151,6.405027862180286,0.6399671027685977
1767,77800.0,K_I_769.8964,769.89645,0.4984931955549362,weak_resonance,detected,769.7797381250089,493.97492461017885,3.3175217810417705,148.89877360656257,0.008549274089380993,1024.702563007279,1018.892489857863,-0.013071458377226008,0.01598622222877254,0.3999999999996362,0.0944818133745999,12.84870660866683,0.6063522264116166
1768,77900.0,K_I_693.8764,693.876396,0.00655092165605007,weak_anchor,detected,693.7595599677628,33.22335394021701,0.8839163559882374,37.58653600551671,0.0005531875587926293,60.313698237284115,59.90153347209059,0.007106698937946021,-0.004636216020584543,0.3666666666663332,0.1242262123905808,3.4233933261859035,0.7909787296699661
1768,77900.0,K_I_766.4899,766.48991,1.0,strong_resonance,detected,766.3730739677628,731.1466863625554,2.2637698493871707,322.9774822561956,0.01217400420427211,1283.628356931784,1282.0934055828818,-0.006407301128092513,0.01702209156233328,0.49999999999954525,0.05748824955538044,8.76754292633096,0.6047383830060433
1768,77900.0,K_I_769.8964,769.89645,0.4984931955549362,weak_resonance,detected,769.7796139677628,507.68398748248256,7.945360455759729,63.89691069515338,0.008453224384837886,1133.4012640906712,1125.8251616093492,-0.012947301131134736,0.018427351940321746,0.3999999999996362,0.11297969998635478,30.772248724800384,0.5995399577222514
1769,78000.0,K_I_693.8764,693.876396,0.00655092165605007,weak_anchor,detected,693.7595599677628,21.23250068121873,1.406072058809885,15.100577917173148,0.0003848556699496771,68.54477543113379,68.53419883430982,0.007106698937946021,-0.0006214796352207404,0.29999999999972715,0.18644031909307598,5.445693667343213,0.5502883137637465
1769,78000.0,K_I_766.4899,766.48991,1.0,strong_resonance,detected,766.3730739677628,862.1808823259771,1.4413918787535087,598.1585542660172,0.015627702363804737,1497.585531404563,1488.4798163065855,0.026926032205210504,0.02131454892338681,0.5333333333328483,0.05406271156587327,5.582486741776036,0.7762993423536491
1769,78000.0,K_I_769.8964,769.89645,0.4984931955549362,weak_resonance,detected,769.7796139677628,587.8791431470516,1.271155395457131,462.4762206477827,0.010655768949788827,1282.9251488063398,1279.1800142551679,-0.012947301131134736,0.025835230250146897,0.3999999999996362,0.10879530949770357,4.923163677051649,0.7557541329570411
1770,78100.0,K_I_693.8764,693.876396,0.00655092165605007,weak_anchor,detected,693.7593005941933,26.062174063582056,2.1022629499186745,12.397199914782432,0.00042437412017325073,62.723721706361175,62.40594635491941,0.007366072507466015,0.07885203513030305,0.3666666666663332,0.1238934451884502,8.142029394391308,0.6067940197571918
1770,78100.0,K_I_766.4899,766.48991,1.0,strong_resonance,detected,766.3728145941933,746.9392710996841,2.0051509154014053,372.51025115491444,0.012162519336355428,1370.724392791144,1370.5476162236366,-0.006147927558572519,0.018789974043477785,0.46666666666624224,0.06995283362293868,7.765916101989263,0.6041678771694727
1770,78100.0,K_I_769.8964,769.89645,0.4984931955549362,weak_resonance,detected,769.7793545941933,521.2196229077463,5.807554304431282,89.74855775520604,0.008487093914302064,1164.6866081875733,1158.9754821098222,-0.012687927561614742,0.014974352414884705,0.3999999999996362,0.11569697837969899,22.492561103278007,0.6019421341390336
1771,78200.0,K_I_693.8764,693.876396,0.00655092165605007,weak_anchor,detected,693.7594731555213,38.09048483296797,6.169610330929573,6.173888266818447,0.0006645843915786033,79.86455326107898,78.76575241620168,-0.026139822153822934,0.15181026599497469,0.33333333333303017,0.1792635530635735,23.894798064301195,0.9502601955775132
1771,78200.0,K_I_766.4899,766.48991,1.0,strong_resonance,detected,766.3729871555213,827.9651968005157,2.350167896577656,352.300445430392,0.01444593706215249,1372.8958022285428,1360.400941106506,0.027012844446744566,0.012050513648351777,0.5333333333328483,0.044511708761979,9.102161124244855,0.7175956631350203
1771,78200.0,K_I_769.8964,769.89645,0.4984931955549362,weak_resonance,detected,769.7795271555212,564.6020938919804,1.4705209960560672,383.946978932121,0.00985090477841445,1203.8192908416704,1195.690970712801,-0.012860488889600674,0.025513590881216533,0.3999999999996362,0.10533175608981563,5.695303327978671,0.6986696159361193
1772,78300.0,K_I_693.8764,693.876396,0.00655092165605007,weak_anchor,detected,693.7594731555213,22.36455097805643,1.0458560469323406,21.383966793188375,0.00039856514405915537,56.05848813774935,55.6997539118477,-0.026139822153822934,0.04636231665028748,0.33333333333303017,0.16789500974840488,4.050583052302962,0.5698908920271225
1772,78300.0,K_I_766.4899,766.48991,1.0,strong_resonance,detected,766.3729871555213,755.3604162209266,2.335264840258144,323.4581376806186,0.013461496875258995,1304.268580938533,1300.0967998299923,0.027012844446744566,0.01204529240589739,0.49999999999954525,0.06161613875940307,9.04444183531174,0.6686940234773614
1772,78300.0,K_I_769.8964,769.89645,0.4984931955549362,weak_resonance,detected,769.7795271555212,528.6125312482487,2.3104394108445296,228.7930723338147,0.009420557107323714,1129.719973244918,1123.9454544648881,-0.012860488889600674,0.012696944574021707,0.3999999999996362,0.10801052869833626,8.948293360630277,0.6681474609825149
1773,78400.0,K_I_693.8764,693.876396,0.00655092165605007,weak_anchor,low_snr,693.7595339090464,20.397760407228265,4.623744086173867,4.411524519322467,0.00036101930912476167,61.203327304889626,61.028708924746546,0.0071327576544035765,0.03372955596485755,0.33333333333303017,0.13558456141650121,17.907683842892702,0.5162057424810574
1773,78400.0,K_I_766.4899,766.48991,1.0,strong_resonance,detected,766.3730479090464,745.1222422116133,4.860908002152332,153.2886945981461,0.013187894735806602,1295.730501655471,1293.661593957033,-0.0063812424116349575,0.008095133875035484,0.49999999999954525,0.0531203213758107,18.82621573979947,0.655102955770865
1773,78400.0,K_I_769.8964,769.89645,0.4984931955549362,weak_resonance,detected,769.7795879090463,512.1869423007778,4.963887603130729,103.18262282525112,0.009065180311982949,1145.7189982435711,1136.840743345158,-0.012921242414677181,0.009981396210686283,0.3999999999996362,0.10916219161186705,19.22505401938825,0.6429425712085926
1774,78500.0,K_I_693.8764,693.876396,0.00655092165605007,weak_anchor,detected,693.7595860264793,27.047857586889926,1.890003722546366,14.311007573280788,0.0005171114994403594,59.34506046813567,58.79219827127007,0.007080640221488466,0.022848947266769372,0.33333333333303017,0.15410231449161357,7.319952941698756,0.7393951480358505
1774,78500.0,K_I_766.4899,766.48991,1.0,strong_resonance,detected,766.3731000264793,657.4331352863671,1.52228948969689,431.87129631780596,0.01256906330852952,1143.6114950622696,1134.801973269897,0.02689997348875295,0.00654879542977214,0.49999999999954525,0.053233456137181744,5.895801841708004,0.6243627728034943
1774,78500.0,K_I_769.8964,769.89645,0.4984931955549362,weak_resonance,detected,769.7796400264792,462.29751937734704,2.607437287151616,177.29957366773885,0.00883838443266022,940.6965784940589,934.3469062570884,-0.012973359847592292,0.019542874110161753,0.4333333333329392,0.0839918539893887,10.098561189427638,0.6268572071261463
1775,78600.0,K_I_693.8764,693.876396,0.00655092165605007,weak_anchor,detected,693.759590194086,13.130572350602746,0.8197412879177071,16.017946813386455,0.0002613341515324304,31.386487287580962,31.141497643307122,-0.026256860718490316,0.0439709996340117,0.33333333333303017,0.16557805414383658,3.174844356306786,0.37367028942165437
1775,78600.0,K_I_766.4899,766.48991,1.0,strong_resonance,detected,766.373104194086,516.7886585707681,3.4232256335952735,150.96540920325086,0.010285501804723311,964.2378134098944,963.7749175114132,-0.006437527451225833,0.005027436794910161,0.46666666666624224,0.06931906697930179,13.258095869236886,0.5109278447276514
1775,78600.0,K_I_769.8964,769.89645,0.4984931955549362,weak_resonance,detected,769.7796441940859,358.20825481218554,3.3042448628045227,108.40850774846977,0.007129319868448687,869.5161779756872,860.3339093791977,-0.012977527454268056,0.005053387784347301,0.33333333333303017,0.1169277846409473,12.797285325444966,0.5056428101192662
1776,78700.0,K_I_693.8764,693.876396,0.00655092165605007,weak_anchor,detected,693.7595943616926,26.307661880978984,2.9033831343505097,9.061036957102818,0.00035568509246093475,44.074702030728986,43.915051859835565,0.0070723050081369365,0.14106765719809314,0.4333333333329392,0.06927642132439672,11.244754527009242,0.5085785790471092
1776,78700.0,K_I_766.4899,766.48991,1.0,strong_resonance,detected,766.3731083616926,636.6141513818659,2.3952398221295637,265.78305249445293,0.008607156512830026,1260.8905726821552,1256.6462841629912,-0.0064416950579015975,0.009600018353086626,0.4333333333329392,0.060059257213346706,9.276723941289053,0.4275567696963827
1776,78700.0,K_I_769.8964,769.89645,0.4984931955549362,weak_resonance,detected,769.7796483616926,417.38264653247427,1.70119420058012,245.34685480948835,0.005643100701808482,1026.2803602873469,1015.2254859973372,-0.01298169506094382,0.011969585261896669,0.33333333333303017,0.119398247713554,6.588696807517437,0.40023359160476707
1777,78800.0,K_I_693.8764,693.876396,0.00655092165605007,weak_anchor,detected,693.7595382689813,20.899325622979585,1.693821650733367,12.33856328021955,0.0003338131988585359,35.41094140153018,35.21107729307189,0.007128397719498025,0.014552716931594599,0.4333333333329392,0.091920652346642,6.560143044741852,0.477304913647148
1777,78800.0,K_I_766.4899,766.48991,1.0,strong_resonance,detected,766.3730522689813,514.7591072395704,1.600285122095934,321.66712052248374,0.008221958321959821,989.465204738548,989.0803093719347,-0.006385602346540509,0.01719189041241398,0.46666666666624224,0.07400300012187434,6.197877627066692,0.40842221649802285
1777,78800.0,K_I_769.8964,769.89645,0.4984931955549362,weak_resonance,detected,769.7795922689812,358.1179998026101,0.8134314231086338,440.25592032579175,0.005720017824474018,867.3866164475105,857.464768363667,-0.012925602349582732,0.021921025699241276,0.33333333333303017,0.11394124679125414,3.150406354984403,0.4056888931999461
1778,78900.0,K_I_693.8764,693.876396,0.00655092165605007,weak_anchor,detected,693.7593564980948,22.482568574105255,1.3089815155210103,17.17561960006485,0.0003287817737615867,44.412997747819645,44.14823391327823,-0.026023164727348558,0.044672250478063474,0.5333333333328483,0.1415505443765944,5.069663610110829,0.47011069865015753
1778,78900.0,K_I_766.4899,766.48991,1.0,strong_resonance,detected,766.3728704980947,624.0750674559943,1.0565143018067176,590.6924935978432,0.009126381932840584,1279.7611902073986,1274.7484827975911,-0.006203831459970388,0.010154060161870357,0.4333333333329392,0.06787839376055171,4.091862295931095,0.4533490674189866
1778,78900.0,K_I_769.8964,769.89645,0.4984931955549362,weak_resonance,detected,769.7794104980946,438.0771705018345,1.0633175629179028,411.99091012818883,0.00640637606362921,1097.8281076644294,1084.7394386313572,-0.012743831463012611,0.013093601215566294,0.33333333333303017,0.11817964511613466,4.11821121291464,0.4543684468177949
1779,79000.0,K_I_693.8764,693.876396,0.00655092165605007,weak_anchor,detected,693.7593564980948,16.638189637444288,2.765454947753561,6.016438507146844,0.00025903031229591633,42.17281045743357,41.90090508178785,0.007310168605954459,-0.05922019864769686,0.29999999999972715,0.14351844006099604,10.710560957346184,0.3703761303182953
1779,79000.0,K_I_766.4899,766.48991,1.0,strong_resonance,detected,766.3728704980947,625.4042580900218,2.577257926216428,242.662657752751,0.009736555707940473,1210.4151208634976,1210.2972584640465,-0.006203831459970388,0.012050534051353257,0.46666666666624224,0.078853913705083,9.981677027126366,0.48365918526641694
1779,79000.0,K_I_769.8964,769.89645,0.4984931955549362,weak_resonance,detected,769.7794104980946,416.5817999677209,1.5145926178939275,275.0454445941949,0.0064855201253138746,960.7061234792545,952.6175667123485,-0.012743831463012611,0.016436402415063348,0.3666666666663332,0.10947626615263743,5.865991985397209,0.45998169275049483
1780,79100.0,K_I_693.8764,693.876396,0.00655092165605007,weak_anchor,detected,693.7592478898198,14.868041396195384,0.5181328645489509,28.695422378077538,0.00024008205516748112,38.47138209565344,37.75203743099453,-0.02591455645233509,-0.005577377611718907,0.33333333333303017,0.15733153341943856,2.006719955522655,0.3432828450216751
1780,79100.0,K_I_766.4899,766.48991,1.0,strong_resonance,detected,766.3727618898198,479.51954848259965,2.466658733962108,194.40044213670532,0.007743053414025635,886.7855970795722,885.9263076276807,-0.0060952231850706085,0.012510584502783834,0.46666666666624224,0.06238880946530604,9.553328197421004,0.38463282273913557
1780,79100.0,K_I_769.8964,769.89645,0.4984931955549362,weak_resonance,detected,769.7793018898197,349.6132960203394,5.677970571607695,61.57363649761711,0.005645389085607373,751.234294371804,747.4768768172183,-0.012635223188112832,0.004527736930505503,0.3999999999996362,0.10914375486238911,21.99068546411241,0.40039589387708113
1781,79200.0,K_I_693.8764,693.876396,0.00655092165605007,weak_anchor,detected,693.7590437986847,18.342507812486193,2.3794532034940477,7.708707103611705,0.00028566198490036096,62.367000017720784,60.332300411518304,-0.02571046531727461,0.01929746376745417,0.26666666666642413,0.18393012088634375,9.215582630220714,0.4084555958283767
1781,79200.0,K_I_766.4899,766.48991,1.0,strong_resonance,detected,766.3725577986847,649.5264043306241,2.6389425190573585,246.13131951151317,0.010115574369823927,1157.7300402162703,1152.8952083083725,0.02744220128329289,0.019571329155789147,0.49999999999954525,0.06156940882377071,10.220580427917094,0.5024867730403789
1781,79200.0,K_I_769.8964,769.89645,0.4984931955549362,weak_resonance,detected,769.7790977986847,482.6062057252328,4.209002839669885,114.66046094734496,0.0075159977066416046,1033.1921055641415,1028.30017248936,-0.012431132053052352,0.01966137455672987,0.3999999999996362,0.10996716024289749,16.301397902196015,0.5330677079107091
1782,79300.0,K_I_693.8764,693.876396,0.00655092165605007,weak_anchor,detected,693.7590437986847,18.731101662308998,1.4240426640660588,13.153469439480286,0.0003278441078517834,40.901726457377436,39.53779891862334,0.04095620134933142,0.03798867899183982,0.3666666666663332,0.08125371167929415,5.515293522221705,0.46876997111859525
1782,79300.0,K_I_766.4899,766.48991,1.0,strong_resonance,detected,766.3725577986847,524.6186724975853,2.279650687390932,230.1311667613485,0.009182222367275117,890.8670464356082,881.492913391686,0.02744220128329289,0.015734747717248084,0.5333333333328483,0.044478756313851266,8.8290491474434,0.45612291679998523
1782,79300.0,K_I_769.8964,769.89645,0.4984931955549362,weak_resonance,detected,769.7790977986847,349.7585628188446,1.014529446809595,344.7495426759029,0.006121705282375316,743.4720768689647,740.1872928367233,-0.012431132053052352,0.0170262687999988,0.3999999999996362,0.10034228695546589,3.9292556517341586,0.4341783394235271
1783,79400.0,K_I_693.8764,693.876396,0.00655092165605007,weak_anchor,detected,693.7591442487965,20.937869576913204,1.6295830015184354,12.848605782831207,0.0003515772457267075,54.20833632101994,52.70273420407135,-0.025810915429019587,0.058620530758914866,0.29999999999972715,0.14898053692503135,6.311347826149336,0.5027049484133878
1783,79400.0,K_I_766.4899,766.48991,1.0,strong_resonance,detected,766.3726582487965,596.9600382799434,1.1250293885289488,530.6172837498126,0.01002382622054301,1060.7571422373924,1052.070732933986,0.027341751171547912,0.017000205620627137,0.49999999999954525,0.0538807469065443,4.357220085770495,0.4979292234856918
1783,79400.0,K_I_769.8964,769.89645,0.4984931955549362,weak_resonance,detected,769.7791982487964,408.3259598647867,3.2889233162576588,124.15186387787396,0.006856386023450436,918.7793890996936,912.3640867338571,-0.012531582164797328,0.013452294862695162,0.3999999999996362,0.10611181989915561,12.737945230830768,0.48628513801195444
1784,79500.0,K_I_693.8764,693.876396,0.00655092165605007,weak_anchor,detected,693.7592478898198,16.489669361501416,0.8486229398862217,19.431090754761183,0.00028892010440584103,40.396911352207326,39.85791361774058,0.04075211021427094,0.060798344950107025,0.3666666666663332,0.09208851264964645,3.2867025133919037,0.4131142386098273
1784,79500.0,K_I_766.4899,766.48991,1.0,strong_resonance,detected,766.3727618898198,592.0707773623178,3.5146541594411933,168.4577629841262,0.010373837525847935,1035.6457658325617,1027.5949491728993,0.02723811014823241,0.01091805576241898,0.49999999999954525,0.05544487725275484,13.612197027206749,0.5153158833925167
1784,79500.0,K_I_769.8964,769.89645,0.4984931955549362,weak_resonance,detected,769.7793018898197,384.1816664646737,1.5046818443828989,255.32418557375132,0.0067313543256926145,853.6871519587497,847.3160408131135,-0.012635223188112832,0.02201662292151243,0.3999999999996362,0.10351722833560872,5.827607724640927,0.4774173385339091
1785,79600.0,K_I_693.8764,693.876396,0.00655092165605007,weak_anchor,detected,693.7592069846835,15.360520581275022,0.8020133273877891,19.15245053508682,0.00020732949041395393,23.725284069789495,23.370715605108444,-0.02587365131603292,0.11247157208045502,0.3999999999996362,0.10531436718192837,3.1061842604121286,0.29645138315958774
1785,79600.0,K_I_766.4899,766.48991,1.0,strong_resonance,detected,766.3727209846835,480.8832219137301,2.5226667354330283,190.6249506362893,0.006490748332418701,900.7985177140163,898.9920437260383,-0.006054318048768437,0.012895495436694604,0.46666666666624224,0.05492413516087493,9.770246254372436,0.3224251105210414
1785,79600.0,K_I_769.8964,769.89645,0.4984931955549362,weak_resonance,detected,769.7792609846834,331.5093992406147,2.9091607772471355,113.95361914452647,0.004474566760177309,733.1895432627598,727.3936888619587,-0.01259431805181066,0.01641024616671703,0.3999999999996362,0.11085433458438979,11.267131241728228,0.31735601045133544
1786,79700.0,K_I_693.8764,693.876396,0.00655092165605007,weak_anchor,detected,693.7593950434343,12.211070476426514,1.5540508591290951,7.857574547637208,0.0001934495409542593,35.48882238355907,35.46631307747675,0.00727162326643338,-0.02093878048128579,0.29999999999972715,0.1699245215424919,6.018813096571788,0.2766050496385041
1786,79700.0,K_I_766.4899,766.48991,1.0,strong_resonance,detected,766.3729090434343,626.057953929331,2.8872653972099678,216.83422470767857,0.009918100467292865,1184.7199468557656,1184.4032389979213,-0.006242376799605154,0.014938040786170687,0.46666666666624224,0.07280962476943055,11.182330799485317,0.49267734251129947
1786,79700.0,K_I_769.8964,769.89645,0.4984931955549362,weak_resonance,detected,769.7794490434343,434.3824637253905,3.2913560155114054,131.97674808748906,0.006881549686285007,1013.6078633042398,1004.6689193796664,-0.012782376802647377,0.004307114091705189,0.3666666666663332,0.11313150895156261,12.747367034526867,0.4880698559686948
1787,79800.0,K_I_693.8764,693.876396,0.00655092165605007,weak_anchor,detected,693.7594132477232,27.457170355700242,2.0837686786135086,13.176688294388612,0.00040861855035178934,42.18661444041845,41.30707211605808,-0.026079914355705114,-0.05061408212225652,0.3999999999996362,0.10089339158788686,8.070401389626094,0.5842658185991508
1787,79800.0,K_I_766.4899,766.48991,1.0,strong_resonance,detected,766.3729272477232,640.2536912736152,2.715060217989331,235.8156504343622,0.009528277378782889,1227.976279667284,1224.0150965690611,-0.006260581088440631,0.016399817718010253,0.46666666666624224,0.05855735105659501,10.51538300823252,0.47331304952697323
1787,79800.0,K_I_769.8964,769.89645,0.4984931955549362,weak_resonance,detected,769.7794672477231,427.89877257676227,1.6780558661707632,254.99673831074836,0.006368004200087844,1033.1290523567081,1022.832331362352,-0.012800581091482854,0.01808446861394656,0.33333333333303017,0.11845599723428481,6.499082423690939,0.4516469450099666
1788,79900.0,K_I_693.8764,693.876396,0.00655092165605007,weak_anchor,detected,693.7593776848724,18.176409599636873,1.6304641491841765,11.14799709563174,0.000269841386691538,45.23449201371258,44.72694166647035,0.00728898182831017,0.032981901366163684,0.29999999999972715,0.17845087224089604,6.314760496384303,0.38583441341938346
1788,79900.0,K_I_766.4899,766.48991,1.0,strong_resonance,detected,766.3728916848725,726.3161016775514,2.0082778964571233,361.6611540458979,0.010782665464194758,1415.8582891614578,1413.5309780092996,-0.006225018237728364,0.013750119379002735,0.46666666666624224,0.06240558274175713,7.778026847541976,0.5356242340563674
1788,79900.0,K_I_769.8964,769.89645,0.4984931955549362,weak_resonance,detected,769.7794316848724,480.35850185250604,2.5244827605650313,190.27996917079042,0.007131254582397808,1181.5706550160633,1171.4859547282335,-0.012765018240770587,0.011635320798961159,0.33333333333303017,0.1234917439417354,9.777279689464985,0.5057800285659149
1789,80000.0,K_I_693.8764,693.876396,0.00655092165605007,weak_anchor,low_snr,693.7593776848724,9.345771122141443,2.315870036101553,4.0355335042348734,0.00013585558654111295,31.9859461710912,31.395817005349198,-0.026044351504992846,0.009248084081851403,0.26666666666642413,0.20539588341078313,8.969326081810243,0.1942539696579479
1789,80000.0,K_I_766.4899,766.48991,1.0,strong_resonance,detected,766.3728916848725,556.2985969383287,1.5301682387297584,363.5538778403413,0.008086681258436134,1017.010872225077,1004.6169553704618,0.027108315095574653,0.01962352266914435,0.46666666666624224,0.052273149360363945,5.926316105501279,0.4017023869924266
1789,80000.0,K_I_769.8964,769.89645,0.4984931955549362,weak_resonance,detected,769.7794316848724,393.4733553011944,0.9668149600092751,406.97896865127075,0.005719758463386696,882.6168377717823,874.8702862402722,-0.012765018240770587,0.023855343151803227,0.3666666666663332,0.10803275181793597,3.7444582389835177,0.40567049816767814
1790,80100.0,K_I_693.8764,693.876396,0.00655092165605007,weak_anchor,detected,693.7591660795472,14.914413488623033,2.0316446533662513,7.341054186769916,0.00030708380689333615,37.689504936536196,37.62163061558867,0.007500587153572269,-0.0373230518542968,0.29999999999972715,0.16355967211454928,7.868525907905988,0.4390857234910479
1790,80100.0,K_I_766.4899,766.48991,1.0,strong_resonance,detected,766.3726800795472,684.1268494281866,1.6944669179401564,403.74163826097663,0.014085989870175421,1268.965681442367,1267.6478343600859,-0.006013412912466265,0.010156697673205123,0.46666666666624224,0.060369412087271035,6.562642153887603,0.6997154423636661
1790,80100.0,K_I_769.8964,769.89645,0.4984931955549362,weak_resonance,detected,769.7792200795471,469.3249177706719,3.244638940009343,144.64626926080118,0.009663275228949409,1143.1814005072965,1128.1901956268532,-0.012553412915508488,0.007507988042394307,0.3666666666663332,0.1139352391839789,12.566432579123699,0.6853621007167805
1791,80200.0,K_I_693.8764,693.876396,0.00655092165605007,weak_anchor,detected,693.7591493745015,16.300329620845723,0.7237530160509219,22.521950526419445,0.0002780970491034371,32.69939059120702,32.59789070728767,-0.02581604113402136,0.03156038401061382,0.46666666666624224,0.10200977520265728,2.803083377935159,0.39763882453340116
1791,80200.0,K_I_766.4899,766.48991,1.0,strong_resonance,detected,766.3726633745016,547.6120401695315,2.548622094067978,214.86592360794523,0.009342712446127714,975.5627448050345,969.5885581947414,0.02733662546643245,0.010173124922052707,0.49999999999954525,0.05995409203637362,9.870770926110527,0.46409519191549514
1791,80200.0,K_I_769.8964,769.89645,0.4984931955549362,weak_resonance,detected,769.7792033745015,391.72978866720297,2.7810967246499936,140.85442810929308,0.006683232843030693,867.0238946722866,861.0115607451639,-0.012536707869912789,0.010753171765865975,0.3999999999996362,0.11414995159754818,10.771141298771216,0.4740043507357372
1792,80300.0,K_I_693.8764,693.876396,0.00655092165605007,weak_anchor,detected,693.7590489243898,18.090084589296815,1.4325916290337428,12.627523589187975,0.00030707156009927985,42.37513693343388,42.350531174428454,0.007617742310912945,0.016210202932372,0.29999999999972715,0.1580836607091627,5.548403521168885,0.4390682123351095
1792,80300.0,K_I_766.4899,766.48991,1.0,strong_resonance,detected,766.3725629243897,642.0460426848886,6.081073484269871,105.58103669453952,0.010898460922591032,1177.3955124492313,1177.1601932320698,-0.005896257755011902,0.010593005202152133,0.46666666666624224,0.06668729061627791,23.551896331662142,0.5413763232699914
1792,80300.0,K_I_769.8964,769.89645,0.4984931955549362,weak_resonance,detected,769.7791029243897,441.7919339692549,4.450245385804559,99.27361205260448,0.007499231843475337,998.7872412423267,989.4384526835806,-0.012436257758054126,0.008786708743317441,0.3666666666663332,0.1008798690165013,17.235726265773135,0.5318785989463345
1793,80400.0,K_I_693.8764,693.876396,0.00655092165605007,weak_anchor,detected,693.7589651793237,24.049611561226538,3.1206205311452457,7.706676066891254,0.00038998575452350853,52.07582695421979,46.772333337042625,0.07436815404366826,-0.031563893134065865,0.3666666666663332,0.08213673263743627,12.086111346969473,0.5576235976377459
1793,80400.0,K_I_766.4899,766.48991,1.0,strong_resonance,detected,766.3724791793237,669.074298365199,1.4210922625345708,470.81693145797595,0.010849632411565308,1247.0980866479345,1245.6150256323676,-0.005812512688976312,0.00781649861612202,0.46666666666624224,0.05814242376185994,5.503866666225616,0.5389507881455722
1793,80400.0,K_I_769.8964,769.89645,0.4984931955549362,weak_resonance,detected,769.7790191793237,462.70153647779813,2.003987966902725,230.89037664878254,0.007503115273321195,1085.9038261683545,1077.6022101049143,-0.012352512692018536,0.012676887764527993,0.33333333333303017,0.11836745575398852,7.761412021821371,0.5321540289195148
1794,80500.0,K_I_693.8764,693.876396,0.00655092165605007,weak_anchor,detected,693.75888784299,15.948285059144991,0.627208666884554,25.427399047852255,0.0002716056590480177,47.69241329683804,47.38036737893428,0.007778823710737015,0.030903173796369376,0.26666666666642413,0.15924768506410095,2.4291687214430424,0.3883570694067415
1794,80500.0,K_I_766.4899,766.48991,1.0,strong_resonance,detected,766.37240184299,595.6659180534583,8.844911709640686,67.34560362023744,0.01014442829717176,1101.0124164770968,1098.2820604413141,0.027598156978001498,0.002987109067203234,0.46666666666624224,0.06996530589897047,34.2561957501445,0.5039200793769726
1794,80500.0,K_I_769.8964,769.89645,0.4984931955549362,weak_resonance,detected,769.77894184299,415.0207023631737,2.816194705960602,147.36932126346372,0.007067968183781898,961.2784821450855,952.6638176586729,-0.012275176358343742,0.013218815546079812,0.3666666666663332,0.10280905266040241,10.907075195872824,0.5012914780409066
1795,80600.0,K_I_693.8764,693.876396,0.00655092165605007,weak_anchor,detected,693.758488485237,14.845110212178456,2.7797560062204334,5.34043641922479,0.00026018217232161767,37.05304428799536,37.03344451544308,0.008178181463790679,-0.009937206972976004,0.33333333333303017,0.13761406404439633,10.765948718621571,0.3720231246611822
1795,80600.0,K_I_766.4899,766.48991,1.0,strong_resonance,detected,766.372002485237,547.3334713930877,1.516230666288671,360.98298468848037,0.009592816054309913,1036.880401688385,1034.4212080964007,-0.005335818602247855,0.01067652839291436,0.46666666666624224,0.055326170585712556,5.872336119550339,0.4765189802646896
1795,80600.0,K_I_769.8964,769.89645,0.4984931955549362,weak_resonance,detected,769.7785424852369,375.6990981680687,7.646393660432461,49.13415589785631,0.006584673748023079,842.1435752166417,836.5485000525952,-0.011875818605290078,0.008779709863588224,0.3999999999996362,0.1135552831477016,29.61435530542783,0.46701410500654605
1796,80700.0,K_I_693.8764,693.876396,0.00655092165605007,weak_anchor,detected,693.758488485237,22.168834401673276,0.5775484733934835,38.38437018353897,0.00035189513833542045,41.98946067597569,40.76125338281612,0.041511514797093696,0.0964979938146469,0.3666666666663332,0.08484275467883624,2.2368356190825134,0.5031594891705228
1796,80700.0,K_I_766.4899,766.48991,1.0,strong_resonance,detected,766.372002485237,652.8143170032914,2.0872921666635,312.7565596371703,0.010362393449602254,1299.0457582821575,1297.7986816508194,-0.005335818602247855,0.015181701548822878,0.4333333333329392,0.07155867045918769,8.084047800164283,0.5147474038645251
1796,80700.0,K_I_769.8964,769.89645,0.4984931955549362,weak_resonance,detected,769.7785424852369,446.11321364468176,1.1654109586764847,382.79476464792856,0.0070813407770732965,1073.9040900613286,1062.4548623181768,-0.011875818605290078,0.00918387814465382,0.33333333333303017,0.11420030413359837,4.513617234445751,0.5022399213391754
1797,80800.0,K_I_693.8764,693.876396,0.00655092165605007,weak_anchor,detected,693.7583738815645,11.96935280758066,1.52661994001278,7.8404274003393795,0.00023245223181046537,36.34195209364225,34.40432799035219,-0.025040548197011958,0.02810826197253786,0.26666666666642413,0.20799249970625372,5.9125736036630405,0.3323732938385096
1797,80800.0,K_I_766.4899,766.48991,1.0,strong_resonance,detected,766.3718878815645,574.5714888731625,4.515380233553487,127.24764231449664,0.011158533554014678,1088.109445924787,1086.0014226107262,-0.005221214929747475,0.011199104303527926,0.46666666666624224,0.05420589247449094,17.487992446362718,0.5542953185284348
1797,80800.0,K_I_769.8964,769.89645,0.4984931955549362,weak_resonance,detected,769.7784278815644,418.68562944071334,6.178204166213283,67.76817634651466,0.00813113378434496,949.5024882013622,939.3715917055723,-0.011761214932789699,0.010016254128165149,0.3666666666663332,0.10589725310785686,23.928081845235088,0.5766958717012263
1798,80900.0,K_I_693.8764,693.876396,0.00655092165605007,weak_anchor,detected,693.7583919805811,21.366530145300825,3.466541834906642,6.163644104954599,0.0003469330369064631,65.38209510198112,65.29372674030769,-0.025058647213654694,-0.017109440934426276,0.29999999999972715,0.19893866900588286,13.425858795536936,0.49606439705865996
1798,80900.0,K_I_766.4899,766.48991,1.0,strong_resonance,detected,766.371905980581,778.9261999102181,4.287848838921702,181.65896914082927,0.012647595572287904,1383.729439164923,1381.311082880164,0.028094019387026492,0.015205394283966212,0.49999999999954525,0.06267245986914853,16.606767144213666,0.6282638289722102
1798,80900.0,K_I_769.8964,769.89645,0.4984931955549362,weak_resonance,detected,769.778445980581,550.4527894340682,3.2723213054801925,168.2147741764291,0.008937822688724941,1250.0879412433478,1238.9067157135485,-0.011779313949318748,0.008857762686385795,0.3666666666663332,0.10732880623252876,12.673645919576025,0.6339098068351935
1799,81000.0,K_I_693.8764,693.876396,0.00655092165605007,weak_anchor,detected,693.7583919805811,12.2283674486691,0.949735944901314,12.875544528263314,0.0002629756835010931,39.974220946136654,37.65710496717038,-0.025058647213654694,0.027560040508532904,0.26666666666642413,0.22449900254852506,3.6783114979006992,0.3760174442891994
1799,81000.0,K_I_766.4899,766.48991,1.0,strong_resonance,detected,766.371905980581,653.4951057745998,3.981112123052063,164.14888241670698,0.014053660296607992,1146.7260728782694,1136.53453969201,0.028094019387026492,0.011229628063206914,0.49999999999954525,0.050513927059797015,15.418780951979118,0.6981094848073528
1799,81000.0,K_I_769.8964,769.89645,0.4984931955549362,weak_resonance,detected,769.778445980581,443.66054769747717,1.9697423291654645,225.23786036798333,0.009541088478324357,984.4134195038273,978.3735776139116,-0.011779313949318748,0.02560873446162396,0.3999999999996362,0.09981439490427478,7.62877923718459,0.6766960774375028
1800,81100.0,K_I_693.8764,693.876396,0.00655092165605007,weak_anchor,detected,693.7577673012662,17.388170242710405,1.0679993815034123,16.281067708328862,0.0003848083299196988,36.22060948580156,34.777587401772905,-0.024433967898744413,0.09381375870409993,0.23333333333312112,0.17805294188095505,4.136343818326299,0.5502206243224719
1800,81100.0,K_I_766.4899,766.48991,1.0,strong_resonance,detected,766.3712813012662,446.8747646423256,2.2953343221514335,194.6883119943358,0.009889547287896067,895.870778684186,894.7652763425374,-0.00461463463147993,0.02127044474434957,0.3999999999996362,0.07000200802352222,8.889791603678876,0.4912589756988384
1800,81100.0,K_I_769.8964,769.89645,0.4984931955549362,weak_resonance,detected,769.7778213012662,295.2845107912619,1.2302654698384308,240.0169053188506,0.006534784158579118,710.1370781163096,703.4035750660378,-0.011154634634522154,0.02071637498788601,0.33333333333303017,0.11942261153882251,4.764797676102618,0.4634757152768634
1801,81200.0,K_I_693.8764,693.876396,0.00655092165605007,weak_anchor,detected,693.7575888986646,17.078041870869303,2.202136410384836,7.755215249306384,0.0004031411384847454,34.15762583286778,33.48187754976867,-0.024255565297153225,0.1224319430045079,0.26666666666642413,0.18063759773349347,8.52883764350521,0.57643390659822
1801,81200.0,K_I_766.4899,766.48991,1.0,strong_resonance,detected,766.3711028986647,515.2969561152795,1.4264657357579549,361.24033210056433,0.012164005868868588,926.2662535795941,926.010793548013,-0.004436232030002429,0.015022604978303315,0.46666666666624224,0.06629213758358234,5.524678038531094,0.6042417200278463
1801,81200.0,K_I_769.8964,769.89645,0.4984931955549362,weak_resonance,detected,769.7776428986647,357.8518576381092,3.8533585324205584,92.86752183252409,0.008447385618791966,794.468745513806,789.7756516314635,-0.010976232033044653,0.010916829827118137,0.3999999999996362,0.11024165706703205,14.92399342304465,0.5991258466814278
1802,81300.0,K_I_693.8764,693.876396,0.00655092165605007,weak_anchor,detected,693.7578522065477,18.245428287140232,2.906592426533451,6.277257217277158,0.00037139942896837445,48.766469264727675,48.1404243400329,0.008814460153075743,0.09193399044704242,0.33333333333303017,0.13627164245130302,11.2571840621869,0.5310478224903091
1802,81300.0,K_I_766.4899,766.48991,1.0,strong_resonance,detected,766.3713662065477,694.520695940019,2.291751316359153,303.05238224686013,0.014137491640064483,1227.7733986688877,1226.6733187176858,0.028633793420340226,0.015349416102198766,0.49999999999954525,0.06638826075537015,8.875914681915997,0.702273770463613
1802,81300.0,K_I_769.8964,769.89645,0.4984931955549362,weak_resonance,detected,769.7779062065476,484.0453776482081,2.3502775128214553,205.9524354071373,0.00985310807858834,1079.740266951688,1072.3595484041678,-0.011239539916005015,0.016140097613175832,0.3999999999996362,0.10624912635437256,9.102585666131564,0.6988258837024728
1803,81400.0,K_I_693.8764,693.876396,0.00655092165605007,weak_anchor,detected,693.7578522065477,24.608539893359655,3.847028823207233,6.396765146366577,0.0004510394633453684,53.911291687520134,53.730571096845715,0.008814460153075743,0.15484885881348695,0.33333333333303017,0.1337869973745676,14.899478564675082,0.6449216293414158
1803,81400.0,K_I_766.4899,766.48991,1.0,strong_resonance,detected,766.3713662065477,669.1780902560907,6.191773565864772,108.0753491932049,0.012265080659784695,1264.8074375775677,1263.5692679875506,-0.004699539912962791,0.01564538989166026,0.46666666666624224,0.06412430896488308,23.980635904103387,0.6092625664638801
1803,81400.0,K_I_769.8964,769.89645,0.4984931955549362,weak_resonance,detected,769.7779062065476,485.1711040802948,8.695872239216973,55.79326498062516,0.00889249485598718,1114.303492656778,1107.0981016236149,-0.011239539916005015,0.012730287882715815,0.33333333333303017,0.12325912614330045,33.67896836326536,0.6306949570114998
1804,81500.0,K_I_693.8764,693.876396,0.00655092165605007,weak_anchor,low_snr,693.7574954013446,15.413403262365792,5.0935958922425835,3.026035749290597,0.00029829212148976,30.813601612335333,30.576610748607422,0.009171265356144431,0.1831360367315619,0.3666666666663332,0.11877034822486716,19.727412062983976,0.4265148765122107
1804,81500.0,K_I_766.4899,766.48991,1.0,strong_resonance,detected,766.3710094013446,460.9929551597197,2.309420549061037,199.61412196975124,0.00892149282320926,897.1906766540023,896.4763719187565,-0.004342734709894103,0.013060203915508684,0.46666666666624224,0.06870907705093121,8.94434732591072,0.4431712896907258
1804,81500.0,K_I_769.8964,769.89645,0.4984931955549362,weak_resonance,detected,769.7775494013446,311.1442527862438,2.6980567234002955,115.3216128066115,0.006021504639378988,772.2676260237167,766.8399363078054,-0.010882734712936326,0.016674075249528904,0.33333333333303017,0.1242394866186175,10.449528756861799,0.42707166787065637
1805,81600.0,K_I_693.8764,693.876396,0.00655092165605007,weak_anchor,detected,693.757455085624,21.090241194121198,2.996151083171737,7.039111382792816,0.0003425913597489623,48.800786757481774,48.74866249729725,-0.024121752256519358,0.0874343518677503,0.33333333333303017,0.14713700708253472,11.604043247856003,0.48985642251531986
1805,81600.0,K_I_766.4899,766.48991,1.0,strong_resonance,detected,766.370969085624,770.4795990936846,3.4043139885751352,226.3244817250733,0.012515724741257023,1586.3441633190942,1583.025273833852,-0.004302418989254875,0.012456105303159281,0.4333333333329392,0.05969164399477336,13.184851383024437,0.6217132025895371
1805,81600.0,K_I_769.8964,769.89645,0.4984931955549362,weak_resonance,detected,769.7775090856239,535.7548870413485,3.534420495876425,151.58210169571183,0.00870284002701731,1401.0814810958852,1386.4616832836587,-0.010842418992297098,0.016691975327530785,0.33333333333303017,0.13242881586475355,13.688751719036004,0.6172438000368471
1806,81700.0,K_I_693.8764,693.876396,0.00655092165605007,weak_anchor,detected,693.7574954013446,11.690492170379462,1.2092338538027372,9.667685149250326,0.00020249921460346903,33.082184475735744,32.89064621982833,0.009171265356144431,0.013827365016944182,0.33333333333303017,0.10342392740655758,4.683342577452475,0.2895447827420517
1806,81700.0,K_I_766.4899,766.48991,1.0,strong_resonance,detected,766.3710094013446,571.3506598753044,1.7727641927853535,322.2936599241677,0.009896765525498612,1217.6663781836426,1209.024275693079,-0.03767606804319712,0.012422690217334331,0.4333333333329392,0.09538609122853718,6.865886195416753,0.49161753852358137
1806,81700.0,K_I_769.8964,769.89645,0.4984931955549362,weak_resonance,detected,769.7775494013446,399.73576894238636,0.9280947125252397,430.70579278999554,0.006924103628831186,1038.6283028429339,1026.4680345585073,-0.010882734712936326,0.010531226890345646,0.29999999999972715,0.12301462056285836,3.5944953653166825,0.4910879692652982
1807,81800.0,K_I_693.8764,693.876396,0.00655092165605007,weak_anchor,detected,693.7574752434844,9.709078153260704,1.4534705131933323,6.679927845202359,0.00012688337715908405,30.779809189094664,23.689958692494013,-0.09080857678350185,-0.0099111731021388,0.23333333333312112,0.18549926691171198,5.629267091806444,0.18142499932676492
1807,81800.0,K_I_766.4899,766.48991,1.0,strong_resonance,detected,766.3709892434842,711.4436898225033,2.38514784992268,298.2807501201933,0.009297523060197288,1537.3737036167788,1519.3387168374677,-0.03765591018282066,0.012583150332205514,0.4333333333329392,0.10611349469814561,9.237637901001369,0.46185042875309934
1807,81800.0,K_I_769.8964,769.89645,0.4984931955549362,weak_resonance,detected,769.7775292434842,481.66767900930574,1.1130794412544778,432.7343234966681,0.0062946884159700844,1318.6561696859478,1303.5529172706688,-0.010862576852559869,0.013540985083273237,0.29999999999972715,0.13897685700655524,4.310938138988369,0.4464470662288974
1808,81900.0,K_I_693.8764,693.876396,0.00655092165605007,weak_anchor,detected,693.7574954013446,18.05445933773925,1.9168807047159557,9.418666113817745,0.0002450104616244649,50.83793985796598,50.73438636000533,-0.024162067977158586,0.09129944726183149,0.29999999999972715,0.18057578409573355,7.424047046037986,0.35032975816475176
1808,81900.0,K_I_766.4899,766.48991,1.0,strong_resonance,detected,766.3710094013446,860.1492224458325,0.9763431581601949,880.990679615847,0.011672770372960235,1571.9392752788733,1570.5931566073778,-0.004342734709894103,0.016058606583669092,0.49999999999954525,0.05731212127837766,3.7813607917414283,0.5798398096550421
1808,81900.0,K_I_769.8964,769.89645,0.4984931955549362,weak_resonance,detected,769.7775494013446,604.7283770984404,2.437979250743401,248.04492364487663,0.008206547538125024,1346.5491686414566,1336.7435126594844,-0.010882734712936326,0.013963194457201839,0.3999999999996362,0.0998858781882655,9.442253036537016,0.5820445477441897
1809,82000.0,K_I_693.8764,693.876396,0.00655092165605007,weak_anchor,detected,693.7575888986646,23.843177654370294,2.029624965350204,11.747578031124704,0.00035861611192785525,62.341186108762315,62.13025656200931,0.009077768036149791,0.057503125772374354,0.33333333333303017,0.12003097184904762,7.860703689855295,0.5127695157696247
1809,82000.0,K_I_766.4899,766.48991,1.0,strong_resonance,detected,766.3711028986647,1003.0642798096745,2.3501915723699063,426.80107085831986,0.0150867060277566,1736.3417273290538,1731.5203507276099,0.028897101303300587,0.017551249260899224,0.49999999999954525,0.06305445773849559,9.102252820193948,0.7494255838117276
1809,82000.0,K_I_769.8964,769.89645,0.4984931955549362,weak_resonance,detected,769.7776428986647,709.9265726559895,11.606356451676014,61.167048902196406,0.010677733938433083,1506.5729460116345,1499.2011336660416,-0.010976232033044653,0.016449668278203343,0.3999999999996362,0.09593647427608398,44.95122524752909,0.7573119868319207
1810,82100.0,K_I_693.8764,693.876396,0.00655092165605007,weak_anchor,detected,693.7578522065477,17.46519211830157,1.6359421082414025,10.675923084513192,0.0002742942450627198,40.45646450719664,40.21643477254623,0.008814460153075743,0.013280489903797548,0.33333333333303017,0.11993495448649368,6.3359765405841655,0.39220136112429016
1810,82100.0,K_I_766.4899,766.48991,1.0,strong_resonance,detected,766.3713662065477,618.365845933981,4.741044721805927,130.4281824404384,0.009711556090201533,1082.9576430654597,1081.2667050982977,-0.004699539912962791,0.007320845501264406,0.46666666666624224,0.05079565455204903,18.36198725119563,0.48241734008930504
1810,82100.0,K_I_769.8964,769.89645,0.4984931955549362,weak_resonance,detected,769.7779062065476,428.8212972698587,9.073063332445686,47.263121787806135,0.006734722023366469,954.4636501661307,947.0869836517973,-0.011239539916005015,0.005288576179701457,0.3666666666663332,0.10513705612296279,35.13982318567927,0.47765619050672853
1811,82200.0,K_I_693.8764,693.876396,0.00655092165605007,weak_anchor,detected,693.7579313835681,17.172333485571095,2.8927510903550675,5.936332905664308,0.0002840155447883855,50.25851908133973,49.43768784928759,-0.024598050200665966,0.0538146119494566,0.26666666666642413,0.21502380648177405,11.203576797678712,0.40610142302107355
1811,82200.0,K_I_766.4899,766.48991,1.0,strong_resonance,detected,766.3714453835681,609.3225250456248,2.3431447084956445,260.0447692523543,0.010077667606914198,1081.8958199822168,1081.7765199967528,-0.004778716933401483,0.010541348002671088,0.46666666666624224,0.07144563675596555,9.074960433765918,0.50060377102047
1811,82200.0,K_I_769.8964,769.89645,0.4984931955549362,weak_resonance,detected,769.7779853835681,430.1956893688504,4.118508667358012,104.45423917119429,0.007115064658182402,948.3211967322395,942.278192272153,-0.011318716936443707,0.014459074271588273,0.3999999999996362,0.1138031125435782,15.95091547990299,0.5046317677322096
1812,82300.0,K_I_693.8764,693.876396,0.00655092165605007,weak_anchor,detected,693.7578522065477,21.12134565440442,1.5284533260908602,13.818770448440139,0.00032103585619815876,44.408707621548956,44.32418249729298,0.008814460153075743,0.003287603379852845,0.33333333333303017,0.14162942639612583,5.9196742774106195,0.4590351494316957
1812,82300.0,K_I_766.4899,766.48991,1.0,strong_resonance,detected,766.3713662065477,608.2499537058749,2.390253630254719,254.47088376184425,0.009245151699401143,1069.467085825179,1068.5391710454724,-0.004699539912962791,0.010437173322792679,0.49999999999954525,0.0538487682176546,9.257412503196766,0.4592489041016972
1812,82300.0,K_I_769.8964,769.89645,0.4984931955549362,weak_resonance,detected,769.7779062065476,421.04896786833706,4.137605798134755,101.76149889826313,0.006399772917535457,953.5128273504542,945.1315240184747,-0.011239539916005015,0.027451874469896366,0.3666666666663332,0.10402694927844286,16.024878349361728,0.45390012257255385
1813,82400.0,K_I_693.8764,693.876396,0.00655092165605007,weak_anchor,detected,693.7578522065477,17.349064718184234,2.108005474929205,8.230085227253445,0.00026629157557192794,44.49209711280355,44.30044037987715,-0.024518873180227274,0.08277568590965663,0.29999999999972715,0.1869983085645908,8.164270098122293,0.3807586935386151
1813,82400.0,K_I_766.4899,766.48991,1.0,strong_resonance,detected,766.3713662065477,563.9797167305614,3.181658361418323,177.2596717389701,0.008656550067588259,1016.4680706875297,1016.0213458832593,-0.004699539912962791,0.011244570694308596,0.46666666666624224,0.06491139701367044,12.32250984710595,0.43001037312334156
1813,82400.0,K_I_769.8964,769.89645,0.4984931955549362,weak_resonance,detected,769.7779062065476,389.6616432186399,2.2010437671483745,177.03493634907463,0.005980934107870342,884.5805601517009,878.4649180562493,-0.011239539916005015,0.009915853885791808,0.3999999999996362,0.10888345732375868,8.524605854447042,0.4241942268329985
1814,82500.0,K_I_693.8764,693.876396,0.00655092165605007,weak_anchor,detected,693.7578126124688,19.41377253551535,1.0956368926201183,17.719166510621083,0.0002975886455550014,46.71215512063455,46.36102196940307,0.008854054231960617,0.04246929960350196,0.29999999999972715,0.13531562562069605,4.243383438612021,0.42550900699764094
1814,82500.0,K_I_766.4899,766.48991,1.0,strong_resonance,detected,766.3713266124689,562.688747469071,2.543601694073203,221.21731904023383,0.008625308755525501,974.4537249649125,972.8105083008325,-0.004659945834191603,0.009372477454745148,0.49999999999954525,0.04498678747688492,9.851327000539447,0.4284584744856535
1814,82500.0,K_I_769.8964,769.89645,0.4984931955549362,weak_resonance,detected,769.7778666124689,405.61205577765315,1.6048914928630458,252.73487807830648,0.006217521199387396,844.3013993279568,841.1580507707182,-0.011199945837233827,0.019345176931211263,0.3999999999996362,0.1046719886837075,6.215718024334189,0.4409740268700331
1815,82600.0,K_I_693.8764,693.876396,0.00655092165605007,weak_anchor,detected,693.7578638235702,22.58995857509176,1.6517516893587587,13.676364746968481,0.00041839292283500206,48.81268408259484,48.657298808418695,-0.02453049020277831,0.02306036633491328,0.33333333333303017,0.16040133206184645,6.397206784962257,0.5982417669139807
1815,82600.0,K_I_766.4899,766.48991,1.0,strong_resonance,detected,766.3713778235704,602.6398372008882,1.6510498895317356,365.00401412570676,0.011161607139081053,990.7510096331991,979.6699956694897,0.028622176397675503,0.013423005226612075,0.5333333333328483,0.04489236284957288,6.394488725919823,0.5544479975346093
1815,82600.0,K_I_769.8964,769.89645,0.4984931955549362,weak_resonance,detected,769.7779178235703,434.94725046141974,2.5259749385497527,172.18985185622532,0.008055740819297271,864.3468138318235,861.943495290911,-0.011251156938669737,0.017402775307726194,0.4333333333329392,0.09716188032430348,9.783058869949393,0.5713486700868552
1816,82700.0,K_I_693.8764,693.876396,0.00655092165605007,weak_anchor,detected,693.7578522065477,21.778391593063546,1.0496715369477434,20.747815698986372,0.0003200110988836933,48.93770977977783,48.3150273939516,0.008814460153075743,0.060697352473271016,0.33333333333303017,0.13866494894589915,4.06536038159025,0.4575698937043526
1816,82700.0,K_I_766.4899,766.48991,1.0,strong_resonance,detected,766.3713662065477,797.8016559593541,2.5710823291058165,310.29798109841835,0.011722876022492787,1357.5859251733527,1353.5391761844994,0.028633793420340226,0.014306885149473035,0.5333333333328483,0.06001461895970244,9.95775904236406,0.5823287860813152
1816,82700.0,K_I_769.8964,769.89645,0.4984931955549362,weak_resonance,detected,769.7779062065476,589.1044265105919,1.5006200362625395,392.57401092539175,0.008656284559827017,1189.0187031352366,1183.4838484243312,-0.011239539916005015,0.015454269032387122,0.4333333333329392,0.08203492822909986,5.811876409435271,0.6139418809630943
1817,82800.0,K_I_693.8764,693.876396,0.00655092165605007,weak_anchor,detected,693.7578754405929,33.781326999623175,4.020740360537671,8.401767826437267,0.0005174209184970601,58.49860977347498,57.37665537179056,-0.024542107225443033,0.08840228121822674,0.3666666666663332,0.1356492902729274,15.572260455800565,0.7398375728310483
1817,82800.0,K_I_766.4899,766.48991,1.0,strong_resonance,detected,766.3713894405929,749.2077975203111,1.717762659156056,436.15326804717023,0.011475445791174606,1313.051499579109,1306.373954230926,0.028610559375124467,0.014309935455869694,0.49999999999954525,0.061786586162596684,6.652866171654423,0.570037796569281
1817,82800.0,K_I_769.8964,769.89645,0.4984931955549362,weak_resonance,detected,769.7779294405929,528.5417457974834,1.3069314191001564,404.4142929560856,0.008095553960258108,1162.4300796393854,1154.0192575563765,-0.011262773961220773,0.021835127534121,0.3999999999996362,0.10485133477800587,5.0617236208147345,0.5741723936462657
1818,82900.0,K_I_693.8764,693.876396,0.00655092165605007,weak_anchor,detected,693.7579539938957,18.04492518190185,1.6627898782882482,10.852198114459368,0.00029225699485865115,49.4292644160148,48.308080382731696,-0.024620660528285043,0.0019151556324095045,0.29999999999972715,0.15875819419535983,6.4399575068585,0.41788551252851824
1818,82900.0,K_I_766.4899,766.48991,1.0,strong_resonance,detected,766.3714679938957,708.1839068088411,2.135449587886573,331.6322290285118,0.011469800973117535,1200.0438140442902,1198.5949976311163,0.028532006072282456,0.0035558068538529726,0.5333333333328483,0.059344844571678323,8.27056069055771,0.5697573926785876
1818,82900.0,K_I_769.8964,769.89645,0.4984931955549362,weak_resonance,detected,769.7780079938957,501.16921376464813,4.850421036608034,103.3248887018523,0.008116975097099945,1060.7541640347663,1056.6289382917462,-0.011341327264062784,0.009132227245391089,0.3999999999996362,0.0947858321262694,18.785599896894116,0.5756916751525691
1819,83000.0,K_I_693.8764,693.876396,0.00655092165605007,weak_anchor,detected,693.7578754405929,26.083237641970108,4.073329875648917,6.403418931989843,0.00044541078820988113,58.541321025581055,58.365797396104085,-0.024542107225443033,0.1015972145619581,0.33333333333303017,0.1546751699318347,15.775938772011733,0.6368734325994106
1819,83000.0,K_I_766.4899,766.48991,1.0,strong_resonance,detected,766.3713894405929,833.863986750721,3.8480682903415824,216.69677454624932,0.014239490537817267,1423.7418163633538,1413.3437870609225,0.028610559375124467,0.005174227042921527,0.5333333333328483,0.050444928026852034,14.903504403575349,0.7073405215062791
1819,83000.0,K_I_769.8964,769.89645,0.4984931955549362,weak_resonance,detected,769.7779294405929,601.7629461301799,1.7734657095693724,339.3146779682017,0.010276013730751671,1265.9138516850599,1258.4857121468203,-0.011262773961220773,0.015387822837656905,0.3999999999996362,0.09340215660194066,6.868603158238345,0.7288202178494857
1820,83100.0,K_I_693.8764,693.876396,0.00655092165605007,weak_anchor,detected,693.7577117619089,19.125476385773247,0.6883979070148782,27.7825893874484,0.00035294512203528955,49.0138828881843,47.1993704364729,0.04228823812513838,-0.05216241882319542,0.33333333333303017,0.09815046075405919,2.6661536294350903,0.5046608150045839
1820,83100.0,K_I_766.4899,766.48991,1.0,strong_resonance,detected,766.3712257619089,655.183971913055,5.036389414495715,130.09001449079915,0.012090887686041272,1067.8523055023043,1053.8781788035683,0.028774238059099844,0.009260897357726117,0.5666666666661513,0.0467501477103649,19.505852327374967,0.600609605983084
1820,83100.0,K_I_769.8964,769.89645,0.4984931955549362,weak_resonance,detected,769.7777657619089,450.78286313969716,2.145397112349029,210.1162812912188,0.008318831355260127,926.7745615818994,920.6771985916823,-0.011099095277245397,0.010896936101142557,0.3999999999996362,0.08652339188834929,8.30908728713683,0.590008211301828
1821,83200.0,K_I_693.8764,693.876396,0.00655092165605007,weak_anchor,detected,693.7577117619089,30.42085550435837,2.4252767654638765,12.543251119853059,0.000602562103165441,73.63738472308364,71.2898241933136,-0.024378428541467656,-0.007328649190837285,0.26666666666642413,0.17973371071919952,9.393056522593929,0.8615772342192705
1821,83200.0,K_I_766.4899,766.48991,1.0,strong_resonance,detected,766.3712257619089,761.2530567162249,1.9800648901596833,384.4586409765759,0.015078545139216462,1292.2930684840858,1287.0845203603872,0.028774238059099844,0.009641572934961517,0.49999999999954525,0.0572690766677815,7.668758344005446,0.7490201952101759
1821,83200.0,K_I_769.8964,769.89645,0.4984931955549362,weak_resonance,detected,769.7777657619089,539.782926259755,1.5933792602331465,338.7661304068768,0.01069176819347751,1203.6792192613111,1192.660867823648,-0.011099095277245397,0.014586012615608024,0.3666666666663332,0.09558090124024754,6.171131339080882,0.7583073581000833
1822,83300.0,K_I_693.8764,693.876396,0.00655092165605007,weak_anchor,detected,693.7574690496972,17.157492829052103,2.912100165709722,5.891793500472044,0.0004268337165503936,53.336044682362854,50.75137667218229,0.042530950336868045,0.02539749103166154,0.33333333333303017,0.10263802591120452,11.27851544429187,0.610310889193192
1822,83300.0,K_I_766.4899,766.48991,1.0,strong_resonance,detected,766.3709830496971,748.3495796196738,6.639651963519741,112.70915760815974,0.018616987664254035,1232.9082467674407,1218.806942897108,0.029016950270943198,0.0035794890214439295,0.5333333333328483,0.043003751923531196,25.71526147934872,0.9247907941886231
1822,83300.0,K_I_769.8964,769.89645,0.4984931955549362,weak_resonance,detected,769.777523049697,508.663879126229,3.041208471437904,167.25715579955929,0.012654231953677781,1064.0069319298927,1056.769739625898,-0.010856383065402042,0.014842995246137622,0.4333333333329392,0.07672540139574809,11.77854976223463,0.8974939437457079
1823,83400.0,K_I_693.8764,693.876396,0.00655092165605007,weak_anchor,detected,693.7568605522539,24.73463034508544,3.4510254178054445,7.167327779583419,0.0005402078313134806,49.96571982394471,49.37065663973384,0.009806114446860192,-0.04937882255968527,0.33333333333303017,0.15169061207355056,13.365763970511136,0.7724195842413757
1823,83400.0,K_I_766.4899,766.48991,1.0,strong_resonance,detected,766.3703745522539,716.4109034849629,1.3922166284941135,514.5829239662697,0.01564651563825933,1173.858897326254,1153.7005702865636,0.029625447714124675,0.011988388496327954,0.5666666666661513,0.05495703817119202,5.392031816475644,0.7772338836090832
1823,83400.0,K_I_769.8964,769.89645,0.4984931955549362,weak_resonance,detected,769.7769145522539,494.1340355733119,3.5510638190806096,139.15098706991023,0.0107919573493151,1007.1773320348661,1001.576871993462,-0.010247885622220565,0.01455819429362984,0.4333333333329392,0.07896723921076569,13.753211032631418,0.7654132149329904
1824,83500.0,K_I_693.8764,693.876396,0.00655092165605007,weak_anchor,detected,693.7567983540587,30.866676344202276,2.1856588070200997,14.122367244632075,0.0005958000156832187,56.052633047384006,55.77625936658988,0.009868312642083765,0.1464332006686962,0.3666666666663332,0.1019843314495015,8.465020160088116,0.8519084206648239
1824,83500.0,K_I_766.4899,766.48991,1.0,strong_resonance,detected,766.3703123540588,793.8761887225273,6.580858741477671,120.63413300743024,0.015323692140253973,1336.413051316109,1335.9311728840055,-0.0036456874240684556,0.015167624682162493,0.49999999999954525,0.053405639695878825,25.487556309509703,0.7611977662475
1824,83500.0,K_I_769.8964,769.89645,0.4984931955549362,weak_resonance,detected,769.7768523540587,560.2257216431153,7.169076957101666,78.14474931645941,0.010813684311813032,1224.585921793846,1217.3789029472202,-0.010185687427110679,0.014674830843509838,0.3999999999996362,0.10314801648329344,27.765715662559348,0.7669541869437189
1825,83600.0,K_I_693.8764,693.876396,0.00655092165605007,weak_anchor,detected,693.7567941681797,16.284644198038052,2.1374228143773015,7.61882211067457,0.0003496978718375866,32.73179636081113,32.28885144119052,0.009872498521076523,0.010479054588721358,0.33333333333303017,0.15408150640799262,8.278202963894605,0.5000177137716033
1825,83600.0,K_I_766.4899,766.48991,1.0,strong_resonance,detected,766.3703081681797,547.3339983360253,1.910412009480036,286.5005012635966,0.011753498085363447,894.2401286714444,869.6459800266289,0.06302516512164402,0.017706745214943313,0.5666666666661513,0.07001865321411418,7.398993897117554,0.5838499237837494
1825,83600.0,K_I_769.8964,769.89645,0.4984931955549362,weak_resonance,detected,769.7768481681796,392.5072848381392,2.7048830377583566,145.11063116556252,0.008428735716877587,786.1178501910866,783.2377749628306,-0.010181501548004235,0.010840272394854527,0.46666666666624224,0.08121823003346773,10.47596695868657,0.5978031133791714
1826,83700.0,K_I_693.8764,693.876396,0.00655092165605007,weak_anchor,detected,693.7567729509926,25.4934918090115,2.8010259349754563,9.101483670923198,0.0005364314742567391,63.01512829912872,62.31962624043202,-0.023439617625172104,-0.014620909632754376,0.29999999999972715,0.17391430213507922,10.848326798464868,0.7670199362195709
1826,83700.0,K_I_766.4899,766.48991,1.0,strong_resonance,detected,766.3702869509927,582.7886061345177,3.422228670636274,170.2950510394045,0.012262978861854524,890.2206194673945,879.4617769939363,0.02971304897528171,0.004839913883724674,0.5999999999994543,0.04073947298910928,13.25423464829989,0.6091581605625538
1826,83700.0,K_I_769.8964,769.89645,0.4984931955549362,weak_resonance,detected,769.7768269509927,421.5293378258693,3.967980304299509,106.23271929276483,0.00886977766037009,806.1969245973405,802.3232738954314,-0.010160284361063532,0.01061120774348208,0.46666666666624224,0.059983644327597806,15.367921636645011,0.629083753300373
1827,83800.0,K_I_693.8764,693.876396,0.00655092165605007,weak_anchor,low_snr,693.7567437490287,21.048213397742273,4.640048476967439,4.536205494882802,0.00047627197565926004,54.15185389826638,53.913033812213015,0.009922917672042786,0.08595567415311121,0.33333333333303017,0.12818278825910281,17.970830476906325,0.681000496660819
1827,83800.0,K_I_766.4899,766.48991,1.0,strong_resonance,detected,766.3702577490287,623.1586010436413,2.7334013050886705,227.97918471888133,0.014100625666402215,951.1336057584685,922.9789698695553,0.06307558427261029,0.013489023568037247,0.5999999999994543,0.06527050750002321,10.586417733119667,0.7004424691985256
1827,83800.0,K_I_769.8964,769.89645,0.4984931955549362,weak_resonance,detected,769.7767977490287,430.4294969117901,3.5888033465070355,119.93677428180204,0.009739615567475624,821.7649351101395,820.9457141401347,-0.010131082397037972,0.015730986108614085,0.46666666666624224,0.08536752368851672,13.899375593847834,0.6907764942367968
1828,83900.0,K_I_693.8764,693.876396,0.00655092165605007,weak_anchor,detected,693.7565637455974,20.8165489496761,2.3120752657709005,9.003404542168038,0.0005095198181227627,72.25200225858453,70.58772256359048,-0.023230412229963804,-0.08303227348391432,0.23333333333312112,0.2556835139614557,8.95462899951693,0.7285401344889844
1828,83900.0,K_I_766.4899,766.48991,1.0,strong_resonance,detected,766.3700777455974,643.810227902145,2.107042425793282,305.5516206133137,0.015758331076841603,967.28357414814,949.4839238691732,0.06325558770390671,0.010217692045991024,0.6333333333327573,0.04929177104172843,8.160540224857279,0.7827882670632654
1828,83900.0,K_I_769.8964,769.89645,0.4984931955549362,weak_resonance,detected,769.7766177455974,456.4282556855697,4.735458780668161,96.38522407773316,0.011171844208433016,915.6030541447535,913.1290969786392,-0.009951078965741544,0.010738751213005096,0.46666666666624224,0.07821889507509426,18.340352994196145,0.7923564665356937
1829,84000.0,K_I_693.8764,693.876396,0.00655092165605007,weak_anchor,low_snr,693.7563092880993,22.024609609489648,7.702628925330162,2.859362669940068,0.0005202971287885911,81.5592526876635,78.87062236172872,-0.02297595473180536,0.02506649181474865,0.23333333333312112,0.2194739188783021,29.83215354984638,0.743950140307483
1829,84000.0,K_I_766.4899,766.48991,1.0,strong_resonance,detected,766.3698232880993,749.8096337017242,2.8199796887414776,265.8918561347352,0.017713085792219505,1170.4949524517597,1137.857721369825,0.06351004520206516,0.0033191419238758867,0.5999999999994543,0.06580990500556462,10.921734371148851,0.8798898604187403
1829,84000.0,K_I_769.8964,769.89645,0.4984931955549362,weak_resonance,detected,769.7763632880992,516.915791679134,0.8426252539688194,613.4586985666846,0.012211331188374556,1003.3894377604595,1001.7865513455472,-0.0096966214675831,0.01894454036166684,0.46666666666624224,0.07238839588472881,3.2634735757180002,0.8660814679830477
1830,84100.0,K_I_693.8764,693.876396,0.00655092165605007,weak_anchor,low_snr,693.7551173356668,13.885110933940934,3.7633094519456094,3.689601163880481,0.0005925495846852179,44.58792485364256,43.81321725965458,-0.02178400229934141,0.044313223310607434,0.26666666666642413,0.2120607562738215,14.575234834023561,0.8472607713444199
1830,84100.0,K_I_766.4899,766.48991,1.0,strong_resonance,detected,766.3686313356668,519.4298553268167,1.2349026422626634,420.62413468893857,0.022166761685327805,904.0585710187524,903.1668964373827,-0.0019646690320769267,0.003679033401408982,0.49999999999954525,0.05266307690225611,4.78275736767518,1.1011242803219445
1830,84100.0,K_I_769.8964,769.89645,0.4984931955549362,weak_resonance,detected,769.7751713356668,343.9654427580436,4.03404062639076,85.26573592437717,0.014678786595369153,759.9742751936783,752.8769928017534,-0.00850466903511915,0.008542567265739025,0.3999999999996362,0.11072818794165336,15.623772163949761,1.0410842885688225
1831,84200.0,K_I_693.8764,693.876396,0.00655092165605007,weak_anchor,detected,693.7544200666591,27.85763404950838,3.7543920850235373,7.420011926999823,0.0011145416107898316,48.69632347529841,47.93457032160684,-0.02108673329166777,0.06162334957421193,0.29999999999972715,0.173429785240758,14.540698020442324,1.5936343712988887
1831,84200.0,K_I_766.4899,766.48991,1.0,strong_resonance,detected,766.3679340666591,583.2160249386866,1.170720476428246,498.1684669239081,0.0233335870059316,938.3027972386008,932.6585749746765,0.03206593330889973,0.005035675653907885,0.5666666666661513,0.04773581672917779,4.534180908274733,1.1590858224565224
1831,84200.0,K_I_769.8964,769.89645,0.4984931955549362,weak_resonance,detected,769.7744740666591,402.59262438173045,5.6911544438830175,70.74006308411576,0.016107119193004046,826.9312042298016,822.7181013645146,-0.00780740002744551,0.004038106037557971,0.4333333333329392,0.07273709610260051,22.041746381873306,1.142387936291142
1832,84300.0,K_I_693.8764,693.876396,0.00655092165605007,weak_anchor,low_snr,693.754363858418,8.896128624588288,1.7894036555749622,4.971560551400477,0.0003501415552328487,26.018471087988928,25.992138110953835,-0.021030525050491633,0.12961764801958103,0.23333333333312112,0.27256152852167653,6.930330557690804,0.5006521172804711
1832,84300.0,K_I_766.4899,766.48991,1.0,strong_resonance,detected,766.3678778584181,632.1064162691132,5.336894352640416,118.44087113254923,0.024878993212103285,1036.5168361593223,1024.0227452656438,0.03212214154996218,0.001145602379945664,0.5666666666661513,0.04061415154609942,20.66970294826354,1.2358532060163054
1832,84300.0,K_I_769.8964,769.89645,0.4984931955549362,weak_resonance,detected,769.774417858418,447.6945908335427,1.9219366783680751,232.9393032936351,0.017620752455233882,962.6732287180612,956.3733916200331,-0.00775119178638306,0.017642703186947915,0.4333333333329392,0.0907313507679081,7.443628747791525,1.2497414833792775
1833,84400.0,K_I_693.8764,693.876396,0.00655092165605007,weak_anchor,low_snr,693.7541061600792,22.276374198428396,4.487327362544672,4.964285508645377,0.0009187444734861048,58.516543649360756,56.034596358995536,-0.02077282671177727,0.0029220570647532492,0.33333333333303017,0.1788416363137039,17.379344144132173,1.3136725961723197
1833,84400.0,K_I_766.4899,766.48991,1.0,strong_resonance,detected,766.3676201600792,551.1652190020952,3.219267144913053,171.20828877871247,0.02273170644492311,947.7144925895909,947.6228045247162,-0.0009534934445127874,0.008478720717730108,0.49999999999954525,0.05458859693271885,12.468168039252292,1.1291876664250569
1833,84400.0,K_I_769.8964,769.89645,0.4984931955549362,weak_resonance,detected,769.7741601600792,392.7016466409329,10.410231213492558,37.72266327110561,0.01619619352622045,849.7419554175431,844.695947448294,-0.007493493447555011,-0.002754282962464298,0.4333333333329392,0.08671694666796298,40.31865212006197,1.1487054808799841
1834,84500.0,K_I_693.8764,693.876396,0.00655092165605007,weak_anchor,detected,693.7528707959555,18.216316921235997,3.0675815520457173,5.938331748372867,0.0008037606685521646,43.85447239296536,36.5605189091253,0.11379587074520714,0.04077567474186217,0.4333333333329392,0.13338999999253587,11.880692264216968,1.149262275452578
1834,84500.0,K_I_766.4899,766.48991,1.0,strong_resonance,detected,766.3663847959554,585.8364559186729,4.52840251872472,129.369342388683,0.025848930028358006,953.2022752790431,941.6972674344785,0.03361520401267626,0.0003589261128911001,0.5666666666661513,0.04171132277991416,17.538427539960512,1.2840343970228008
1834,84500.0,K_I_769.8964,769.89645,0.4984931955549362,weak_resonance,detected,769.7729247959553,431.8155287743765,1.2348831949371208,349.68127394134973,0.01905304676019821,893.7694182927257,888.889511174969,-0.006258129323668982,0.018053972710403945,0.4333333333329392,0.08898665917602706,4.782682048507226,1.3513261128591683
1835,84600.0,K_I_693.8764,693.876396,0.00655092165605007,weak_anchor,detected,693.752313949036,13.556863330035988,1.1020716690279317,12.301253821354146,0.0005777537032701604,38.17399254993916,38.1501517920944,0.01435271766479218,-0.06101635596374567,0.29999999999972715,0.1735520046020458,4.268305220476074,0.8261047867239906
1835,84600.0,K_I_766.4899,766.48991,1.0,strong_resonance,detected,766.365827949036,515.061432424713,2.9648904938837917,173.7202211977886,0.02195040569124196,934.3256087206345,927.6465793754896,0.03417205093205666,0.0053841145532242465,0.49999999999954525,0.0635844477251346,11.482971506151051,1.0903768900778024
1835,84600.0,K_I_769.8964,769.89645,0.4984931955549362,weak_resonance,detected,769.7723679490359,359.67088107177403,0.7217450438122655,498.3350895933949,0.015328116721311466,798.3585462989138,794.591805336871,-0.005701282404288577,0.0003907238986235935,0.3666666666663332,0.09199793140001125,2.7953065348951887,1.0871376450789734
1836,84700.0,K_I_693.8764,693.876396,0.00655092165605007,weak_anchor,detected,693.7512679266321,15.015352305894094,1.5762704757397255,9.52587296215617,0.0006691859944905662,38.298848098180315,38.28740298933275,0.015398740068690131,-0.014675064266397001,0.33333333333303017,0.1430612040685152,6.104869301663951,0.9568398266048163
1836,84700.0,K_I_766.4899,766.48991,1.0,strong_resonance,detected,766.3647819266321,455.81626740311424,1.71139644625951,266.34171667199774,0.02031426609200482,840.1172680896601,839.3457976267038,0.001884740002651597,0.009143263505764809,0.49999999999954525,0.05519914681775564,6.628209935127667,1.009102364538571
1836,84700.0,K_I_769.8964,769.89645,0.4984931955549362,weak_resonance,detected,769.771321926632,324.7326493246985,1.4432328590214454,225.00364185504816,0.014472290523386762,744.2054892487718,741.2225777235323,-0.004655260000390626,0.026957373342489085,0.3666666666663332,0.09972190646255187,5.589616827694458,1.0264386763586235
1837,84800.0,K_I_693.8764,693.876396,0.00655092165605007,weak_anchor,detected,693.751104915647,31.467683161110852,1.8124462785486064,17.36199496423692,0.0012158368870049806,50.42129462770254,49.20486496411486,-0.01777158227957898,-0.07051175875424652,0.26666666666642413,0.16126162680212636,7.019574252720746,1.7384720626546013
1837,84800.0,K_I_766.4899,766.48991,1.0,strong_resonance,detected,766.364618915647,574.1596695653276,4.0401028427725905,142.1151123893917,0.02218417230509171,1067.1445040409835,1066.4138238153348,0.002047750987685504,0.0021816443211225035,0.49999999999954525,0.04879614669562753,15.647251027037715,1.1019891453134862
1837,84800.0,K_I_769.8964,769.89645,0.4984931955549362,weak_resonance,detected,769.771158915647,406.13950240059967,5.438474032756909,74.67894485738982,0.015692270249458847,919.1323941998498,915.530065183439,-0.00449224901535672,0.008172665922194684,0.3666666666663332,0.09788371959965157,21.063119357668157,1.112965019454778
1838,84900.0,K_I_693.8764,693.876396,0.00655092165605007,weak_anchor,detected,693.751104915647,25.27849186034207,2.792564070158843,9.052072298167259,0.0009960590828066312,74.70187280382743,74.3244939591587,0.015561751053724038,0.049988039795722576,0.23333333333312112,0.18507141699794458,10.815554136952235,1.4242213792988836
1838,84900.0,K_I_766.4899,766.48991,1.0,strong_resonance,detected,766.364618915647,535.1168784375091,1.834689272738761,291.6662163935286,0.021085436191192148,926.6721150422754,925.1631433082293,0.03538108432098852,-0.005780788750700457,0.5333333333328483,0.05848024497484941,7.105720998789081,1.0474099050141608
1838,84900.0,K_I_769.8964,769.89645,0.4984931955549362,weak_resonance,detected,769.771158915647,358.4070461488676,3.7059865617489747,96.71029297519195,0.014122464094408366,843.2453374109455,839.5315336572446,-0.00449224901535672,0.010728937315279638,0.3666666666663332,0.10779615927701748,14.353224234935318,1.0016274430479328
1839,85000.0,K_I_693.8764,693.876396,0.00655092165605007,weak_anchor,low_snr,693.751104915647,8.86701933294324,5.131127053220368,1.728084150124128,0.0003826401693680381,32.87220905782942,32.70420965859896,-0.01777158227957898,0.010482679920434326,0.23333333333312112,0.2583701810896106,19.872769624414897,0.5471204662447736
1839,85000.0,K_I_766.4899,766.48991,1.0,strong_resonance,detected,766.364618915647,532.3540221072458,1.1686069431551156,455.54583192013735,0.02297277422482606,953.3981848936287,952.5639669572386,0.002047750987685504,-0.007114673536396457,0.49999999999954525,0.050266864005041316,4.525995229106236,1.1411626039203313
1839,85000.0,K_I_769.8964,769.89645,0.4984931955549362,weak_resonance,detected,769.771158915647,372.79701221645126,3.182552122305991,117.13775545216606,0.016087380272695587,871.3123637073659,867.3242463625994,-0.00449224901535672,0.016799765969234798,0.3666666666663332,0.1100359855164852,12.325971368139383,1.140987965001081
1840,85100.0,K_I_693.8764,693.876396,0.00655092165605007,weak_anchor,detected,693.7508996361018,18.916340751724555,1.6931094403849245,11.172544609652622,0.0009316118226048627,45.92263666956978,45.569694657901984,0.015767030598908605,-0.015256119229142356,0.29999999999972715,0.14049101001795603,6.557384665923336,1.3320710566915492
1840,85100.0,K_I_766.4899,766.48991,1.0,strong_resonance,detected,766.3644136361017,497.19983524517477,2.5197654101050664,197.3198906736493,0.024486619837896833,872.3179530586367,868.2032872687669,0.035586363866286774,0.0003155151059225887,0.49999999999954525,0.06736568578416861,9.7590094696953,1.2163622286952227
1840,85100.0,K_I_769.8964,769.89645,0.4984931955549362,weak_resonance,detected,769.7709536361017,357.9102325357561,4.437838235137573,80.64967977019128,0.01762673914780097,832.7047215103867,829.4789412128237,-0.004286969470058466,0.026365701032127094,0.3666666666663332,0.10384572866368075,17.187673577865965,1.2501660860214368
1841,85200.0,K_I_693.8764,693.876396,0.00655092165605007,weak_anchor,detected,693.7506545665897,13.470802857262623,2.4040922289943505,5.603280396150841,0.0005989720808809022,41.145261727675916,39.78568333511091,-0.017321233222219234,-0.011795888127836761,0.26666666666642413,0.18776306128058118,9.311009165650255,0.8564440181500061
1841,85200.0,K_I_766.4899,766.48991,1.0,strong_resonance,detected,766.3641685665897,517.6871967628846,4.179801121143688,123.85450449882497,0.023018685729135287,889.7057804138385,888.83745833292,0.0024981000450452484,0.00037501082682677464,0.49999999999954525,0.04561981228391326,16.188300132663315,1.1434432380002502
1841,85200.0,K_I_769.8964,769.89645,0.4984931955549362,weak_resonance,detected,769.7707085665896,354.85093352055395,6.387360626903145,55.555174390176916,0.01577825793350879,784.0516356873368,781.3254819122715,-0.004041899957996975,0.015982792180345415,0.3666666666663332,0.09711390836919868,24.73814133423934,1.1190636452705562
1842,85300.0,K_I_693.8764,693.876396,0.00655092165605007,weak_anchor,detected,693.750578491751,21.89383446030941,1.155690242439671,18.94437943344694,0.0010575348668053672,50.34826840786127,49.336614462457014,-0.017245158383502712,0.1636063183572826,0.26666666666642413,0.19025512020123278,4.475969062347328,1.5121229178636975
1842,85300.0,K_I_766.4899,766.48991,1.0,strong_resonance,detected,766.364092491751,464.4945483839234,6.566334734726311,70.73878611874999,0.022436416117401742,775.0096552849627,763.540083643504,0.03590750821706479,0.007288026151907368,0.5666666666661513,0.041929068873233416,25.43130507324143,1.1145192473752317
1842,85300.0,K_I_769.8964,769.89645,0.4984931955549362,weak_resonance,detected,769.7706324917509,327.06391629804364,7.988696653074617,40.94083559577472,0.015798123247260785,649.5102442436892,648.612101856125,-0.003965825119280453,0.030595000085668216,0.46666666666624224,0.07711938878797978,30.94008909528906,1.120472580941112
1843,85400.0,K_I_693.8764,693.876396,0.00655092165605007,weak_anchor,low_snr,693.75020283761,15.73664878906759,3.9325628591520623,4.001626764196395,0.0009029224800531084,31.051772037701085,30.8316450065302,0.01646382909075328,-0.070599033532181,0.33333333333303017,0.11602152168330633,15.230750461423613,1.2910494187932178
1843,85400.0,K_I_766.4899,766.48991,1.0,strong_resonance,detected,766.3637168376099,386.79875156589435,6.956882860580686,55.599434303772156,0.02219337120162143,635.303565942847,628.9968909342467,0.03628316235813145,-0.0017776531049691568,0.5333333333328483,0.05185238367601167,26.943891460569315,1.1024460965120797
1843,85400.0,K_I_769.8964,769.89645,0.4984931955549362,weak_resonance,detected,769.7702568376098,274.9813457347928,1.637984731848553,167.87784427298155,0.01577761834728673,583.9087678918149,582.2178193214827,-0.0035901709782137914,0.010574196919594337,0.4333333333329392,0.08698878301524392,6.343887587797236,1.1190182829946864
1844,85500.0,K_I_693.8764,693.876396,0.00655092165605007,weak_anchor,detected,693.7497509471599,19.83709930924535,1.4840145142432766,13.367186856228702,0.001019787484839122,45.316577057797076,43.62035446566511,-0.016417613792441443,0.03368762964845885,0.26666666666642413,0.21589157197160588,5.747563499199527,1.4581495850194204
1844,85500.0,K_I_766.4899,766.48991,1.0,strong_resonance,detected,766.3632649471599,416.5213845318443,3.2690816315787243,127.41235352103928,0.02141257088507248,732.65158841019,721.4901581346339,0.036735052808126056,0.012802738201167892,0.49999999999954525,0.051135961139703874,12.661098716508485,1.063660179162493
1844,85500.0,K_I_769.8964,769.89645,0.4984931955549362,weak_resonance,detected,769.7698049471599,276.2450973268946,4.347731452168558,63.53775534804692,0.014201234193087746,638.760335458951,636.8332284702,-0.003138280528219184,-0.0023710909786385506,0.3666666666663332,0.1064740043136686,16.838691508046328,1.007214165874872
1845,85600.0,K_I_693.8764,693.876396,0.00655092165605007,weak_anchor,detected,693.749413423656,19.01698498887139,0.8946448248193667,21.25646341575945,0.0008179752774199811,43.69219553356049,41.95647705670245,-0.04941342362189971,-0.07883182904357834,0.29999999999972715,0.1699486350828091,3.46494450729921,1.1695871238449758
1845,85600.0,K_I_766.4899,766.48991,1.0,strong_resonance,detected,766.362927423656,524.0947159791913,2.4187223005169654,216.68246737840633,0.022542822689732126,928.3098407798061,926.7710123756135,0.0037392429787814763,0.01651032794727199,0.49999999999954525,0.051019976666573125,9.367671189011217,1.1198049477423888
1845,85600.0,K_I_769.8964,769.89645,0.4984931955549362,weak_resonance,detected,769.7694674236559,386.70663440527426,2.5106707848056686,154.02522574667478,0.01663336573820233,887.2208094941337,884.953536317719,-0.002800757024260747,0.01757196198781582,0.3666666666663332,0.10010462373516228,9.723786137370704,1.179711662374359
1846,85700.0,K_I_693.8764,693.876396,0.00655092165605007,weak_anchor,detected,693.7488481037173,13.356230743439992,1.6172047583629645,8.25883715365765,0.000580166200136587,36.57679121521687,36.44023008356542,-0.015514770349795981,0.04209248704566513,0.23333333333312112,0.22542561139660303,6.263407096552848,0.8295543106267041
1846,85700.0,K_I_766.4899,766.48991,1.0,strong_resonance,detected,766.3623621037173,487.59491857378754,0.7986948284236144,610.4896403751037,0.021180084153143607,861.0073527749967,859.8008314549445,0.004304562917468502,0.012461600376826434,0.49999999999954525,0.043499139937517715,3.093331769189462,1.052111501506567
1846,85700.0,K_I_769.8964,769.89645,0.4984931955549362,weak_resonance,detected,769.7689021037172,334.0001762443621,4.633804905300411,72.0790329049705,0.014508255870902513,725.5989203481822,724.8069361915965,-0.0022354370855737216,0.02080823831292332,0.3999999999996362,0.09751913044771696,17.946649227819048,1.0289894974355767
1847,85800.0,K_I_693.8764,693.876396,0.00655092165605007,weak_anchor,detected,693.7490695774597,29.26195476113112,1.8630763573699909,15.706256292382303,0.0009311683041125336,57.45794156989405,57.255652225877384,-0.015736244092295237,-0.05733563107605081,0.29999999999972715,0.18661216778021864,7.215663704813315,1.3314368889701829
1847,85800.0,K_I_766.4899,766.48991,1.0,strong_resonance,detected,766.3625835774598,618.1515180794074,1.8925067172897487,326.63108269684756,0.01967069888096362,1163.01916594782,1157.3602062291975,0.03741642250827226,0.0064182848076029505,0.49999999999954525,0.07180199710603186,7.329646998655531,0.97713344223245
1847,85800.0,K_I_769.8964,769.89645,0.4984931955549362,weak_resonance,detected,769.7691235774597,416.6666348106704,1.819134737305477,229.04660455653865,0.013259085624460541,997.1774942973625,994.5999261458771,-0.002456910828072978,0.013387590602171743,0.3666666666663332,0.11292427052718731,7.045478542097924,0.9403928338851537
1848,85900.0,K_I_693.8764,693.876396,0.00655092165605007,weak_anchor,detected,693.7492910512022,18.63824217819357,1.4970719639279406,12.449797088772877,0.0005612031501390363,50.6109325784721,50.50685572172315,0.017375615498508523,-0.007588177317071931,0.29999999999972715,0.16918004498374162,5.798134784372218,0.802439873652619
1848,85900.0,K_I_766.4899,766.48991,1.0,strong_resonance,detected,766.3628050512023,655.7934150621613,11.224626129223589,58.424521896082325,0.019746139515448208,1221.1195152994587,1210.7281941558201,0.037194948765773006,0.005272140365928509,0.49999999999954525,0.07116553288639815,43.47279006592712,0.9808809230568077
1848,85900.0,K_I_769.8964,769.89645,0.4984931955549362,weak_resonance,detected,769.7693450512022,446.1220869285942,2.5157660955684085,177.33051085887936,0.013432871948828473,1057.1598044506773,1054.4125609174405,-0.0026783845705722342,0.014996577185262077,0.3666666666663332,0.10825762695681021,9.743520191098565,0.952718526522763
1849,86000.0,K_I_693.8764,693.876396,0.00655092165605007,weak_anchor,detected,693.749305374663,28.124780517822433,3.1378323596654996,8.963123995834055,0.0009364353423054695,58.9800764076067,58.28784589127242,0.017361292037776366,-0.04146094731113187,0.33333333333303017,0.11012435880241643,12.152772472186253,1.3389679968426458
1849,86000.0,K_I_766.4899,766.48991,1.0,strong_resonance,detected,766.362819374663,559.6102001004812,5.755814632701421,97.22519500907467,0.018632634980267578,1064.7524780115782,1061.8080979137774,0.0038472919717378318,0.007247408877832224,0.46666666666624224,0.07073728452691172,22.292174216329837,0.9255680678305276
1849,86000.0,K_I_769.8964,769.89645,0.4984931955549362,weak_resonance,detected,769.7693593746629,384.3615283129824,3.196689279173463,120.23737521726322,0.012797601001961123,931.0675457422276,928.3939417701455,-0.0026927080313043916,0.017721486969128397,0.3666666666663332,0.11492042362330789,12.380724341249875,0.907662309002952
1850,86100.0,K_I_693.8764,693.876396,0.00655092165605007,weak_anchor,low_snr,693.7497509471599,8.689866131522843,3.716364400769968,2.33827073839219,0.0003437049475385887,22.79521085368218,22.260449706554734,-0.016417613792441443,0.06421600397899309,0.26666666666642413,0.15691473008482976,14.393417432633283,0.4914486930593956
1850,86100.0,K_I_766.4899,766.48991,1.0,strong_resonance,detected,766.3632649471599,513.5477237560042,2.6653461565870757,192.67580778835577,0.02031203827315888,1019.2635019394229,1018.3111715054525,0.0034017194748230395,0.015613915165292369,0.4333333333329392,0.05974694213009956,10.322841276349079,1.0089916986028675
1850,86100.0,K_I_769.8964,769.89645,0.4984931955549362,weak_resonance,detected,769.7698049471599,345.81778696600037,6.995194863020472,49.43647657253095,0.013677918914756709,864.1358988931897,860.9299599320522,-0.003138280528219184,0.0009513532012654166,0.3666666666663332,0.12378221574407162,27.092273207978597,0.9700983381667192
1851,86200.0,K_I_693.8764,693.876396,0.00655092165605007,weak_anchor,low_snr,693.7496359954465,4.3975209349811415,1.9710857887003779,2.231014479527356,0.00017359479453790656,17.762053312683747,17.252680446761367,-0.016302662079056063,-0.041309954236308156,0.23333333333312112,0.20031565168822352,7.633982433589617,0.24821561490030683
1851,86200.0,K_I_766.4899,766.48991,1.0,strong_resonance,detected,766.3631499954465,366.6031424521983,1.1498042813708105,318.8396046109079,0.014471880437156616,720.289652473687,719.1066936026502,-0.029816662145094597,0.006809374595282404,0.4333333333329392,0.08557615992353167,4.453172833151186,0.7188843890452847
1851,86200.0,K_I_769.8964,769.89645,0.4984931955549362,weak_resonance,detected,769.7696899954465,263.4153683208396,1.6747479385946573,157.28657563948468,0.010398480739007381,664.6954957896983,662.0388125512421,-0.0030233288148338033,-0.005580729324861133,0.33333333333303017,0.13841026559290345,6.486270875278208,0.7375061182360524
1852,86300.0,K_I_693.8764,693.876396,0.00655092165605007,weak_anchor,detected,693.7501344441715,15.0706391401298,0.6035074330531607,24.971753974739006,0.0007300001972339391,24.366657922248123,22.25134732877469,0.08319888919584173,0.06006580904208664,0.3666666666663332,0.09101557664333926,2.3373742375294047,1.043795399027364
1852,86300.0,K_I_766.4899,766.48991,1.0,strong_resonance,detected,766.3636484441715,287.75316623132886,0.7626261274578614,377.3187881597048,0.013938351661822841,585.3149503453767,583.4159281975069,-0.030315110870105855,0.009585922093752702,0.4333333333329392,0.09098071712152572,2.953638291029638,0.6923815783456369
1852,86300.0,K_I_769.8964,769.89645,0.4984931955549362,weak_resonance,detected,769.7701884441715,204.3159710266236,2.991184340362298,68.30604462240413,0.009896773306071903,512.4748975308494,510.05408334887494,-0.0035217775398450613,0.010434086140844491,0.33333333333303017,0.13582813632427412,11.584807135670133,0.7019228142283422
1853,86400.0,K_I_693.8764,693.876396,0.00655092165605007,weak_anchor,detected,693.7498010468282,27.070335656563906,0.7092431339707366,38.167920646632346,0.001190701743820616,32.29128570566422,31.25564798864258,-0.049801046794073045,-0.006921700970184115,0.4333333333329392,0.1035683299978465,2.746886846283117,1.7025324192008802
1853,86400.0,K_I_766.4899,766.48991,1.0,strong_resonance,detected,766.3633150468283,365.59193631774707,4.530114913793133,80.70257449863043,0.01608073729203075,688.9072700255128,687.9244052240465,0.003351619806380768,0.0013734022758020291,0.46666666666624224,0.052809865543730204,17.54505961754261,0.798803656081791
1853,86400.0,K_I_769.8964,769.89645,0.4984931955549362,weak_resonance,detected,769.7698550468283,260.8708975426058,1.2928060467998772,201.78656975526036,0.011474531995347172,592.538934902625,590.7556770944016,-0.0031883801966614556,0.016149319228827074,0.3666666666663332,0.10368719251936839,5.0070162891367245,0.8138244194383819
1854,86500.0,K_I_693.8764,693.876396,0.00655092165605007,weak_anchor,detected,693.7498010468282,10.308632062118727,1.450782303343184,7.105567829414177,0.000466482053638616,31.893127827703893,31.67846271116144,-0.016467713460770028,0.015998871387785357,0.26666666666642413,0.16827730100240693,5.618855699825698,0.6670023147415473
1854,86500.0,K_I_766.4899,766.48991,1.0,strong_resonance,detected,766.3633150468283,297.57517817728876,4.1002764221194585,72.57441878112947,0.01346575174975141,596.3325882854351,596.0377913758948,0.003351619806380768,0.007789052006116785,0.4333333333329392,0.06866975351159767,15.88030229773004,0.6689053825238396
1854,86500.0,K_I_769.8964,769.89645,0.4984931955549362,weak_resonance,detected,769.7698550468283,218.4904037539859,0.9787051494044395,223.24435902574072,0.00988703948587159,514.6106440549777,512.7165268246086,-0.0031883801966614556,0.02001625597067193,0.3666666666663332,0.12128992681669802,3.7905087444942835,0.701232448767106
1855,86600.0,K_I_693.8764,693.876396,0.00655092165605007,weak_anchor,low_snr,693.7498010468282,2.7553260227262655,1.8286475695840256,1.506756177929374,0.00013633048654448774,12.718507230347996,11.26351987536744,-0.049801046794073045,-0.04615738566229313,0.23333333333312112,0.24022800885164988,7.08232158308804,0.1949330084313605
1855,86600.0,K_I_766.4899,766.48991,1.0,strong_resonance,detected,766.3633150468283,403.5459317998386,3.6222841568500552,111.4064811941101,0.01996700672499195,724.9798485737074,722.0385535879778,-0.02998171352692225,0.0004051883382687194,0.49999999999954525,0.07319248105690808,14.029046214723998,0.9918524059737981
1855,86600.0,K_I_769.8964,769.89645,0.4984931955549362,weak_resonance,detected,769.7698550468283,280.4131843134085,1.5268611822068925,183.6533586557655,0.013874534460031136,647.9911757276572,645.16345836174,-0.0031883801966614556,0.005334629076409622,0.3666666666663332,0.13336502365389377,5.913507930663241,0.984043179843086
1856,86700.0,K_I_693.8764,693.876396,0.00655092165605007,weak_anchor,low_snr,693.7498755027418,4.781187965727245,1.9104740607129365,2.502618624375898,0.00022461796019045466,21.760646854910192,20.291128433017214,-0.016542169374361038,-0.15455159040013783,0.1999999999998181,0.38645778162030625,7.399234220509189,0.32117141101343244
1856,86700.0,K_I_766.4899,766.48991,1.0,strong_resonance,detected,766.3633895027418,363.18137887285985,2.028865689168197,179.00710767195167,0.017062090234967398,669.9105722391973,664.5536994616238,0.03661049722620646,0.014518780784642285,0.49999999999954525,0.06666519447888371,7.857763025847207,0.8475519382338107
1856,86700.0,K_I_769.8964,769.89645,0.4984931955549362,weak_resonance,detected,769.7699295027418,261.45851541932484,1.0608514865408833,246.46099735587134,0.012283197989472975,594.4137859494597,593.2167022810319,-0.003262836110138778,0.018731544659442288,0.3999999999996362,0.09626485135695964,4.108660140175959,0.8711785784974051
1857,86800.0,K_I_693.8764,693.876396,0.00655092165605007,weak_anchor,detected,693.7490749532162,10.826184518003007,1.8659821501761862,5.801869282072606,0.0005398387650266105,21.28105259629524,20.115129069262434,0.05092504681783794,0.006964616784237504,0.4333333333329392,0.08612165558719122,7.2269177919592495,0.7718918724768709
1857,86800.0,K_I_766.4899,766.48991,1.0,strong_resonance,detected,766.3625889532162,356.10545923458903,4.151914045156848,85.76898639074219,0.017756905123199853,628.4889228026459,627.850303487961,0.004077713418496387,0.0028849603560786967,0.49999999999954525,0.044894873599378174,16.080293951791766,0.8820665666952309
1857,86800.0,K_I_769.8964,769.89645,0.4984931955549362,weak_resonance,detected,769.7691289532162,251.8929908024387,5.192857420781281,48.50758847997422,0.012560436305839997,561.141564011984,560.1363293643086,-0.0024622865845458364,-0.004098264033153935,0.3666666666663332,0.0862648174305414,20.111850309933793,0.8908415426997756
1858,86900.0,K_I_693.8764,693.876396,0.00655092165605007,weak_anchor,low_snr,693.7497557490942,6.668229139016957,1.6316856924738623,4.086711778974414,0.00024612340182546456,24.43469609893191,24.0855289734446,-0.016422415726765394,-0.010565348340204719,0.26666666666642413,0.19162629640511158,6.319491513201933,0.35192110275013383
1858,86900.0,K_I_766.4899,766.48991,1.0,strong_resonance,detected,766.3632697490941,463.063661876892,2.4564947284203664,188.50586427867574,0.017091614782106773,800.8631388358835,790.7309306607904,0.03673025087391579,0.008960901349149389,0.5333333333328483,0.05163495134300913,9.513963173227044,0.8490185573179232
1858,86900.0,K_I_769.8964,769.89645,0.4984931955549362,weak_resonance,detected,769.7698097490941,305.4219213812345,1.7644139489702209,173.10105803657376,0.011273080260931306,738.9740510941199,736.9410617305897,-0.0031430824624294473,0.010960218301768859,0.3666666666663332,0.10184839408006222,6.833545840183943,0.799536573897289
1859,87000.0,K_I_693.8764,693.876396,0.00655092165605007,weak_anchor,detected,693.749305374663,7.227655238251188,0.6366327320449832,11.352943187565318,0.00045764956318619513,8.783675939112868,7.489796926606245,0.11736129203768542,0.00431946757873333,0.5333333333328483,0.0769579202652268,2.465667968862991,0.6543731224055409
1859,87000.0,K_I_766.4899,766.48991,1.0,strong_resonance,detected,766.362819374663,305.0209733319802,2.964137023086768,102.90380335195842,0.019313693114363994,573.8089642357145,573.306542913141,0.0038472919717378318,-0.0024398478302603077,0.46666666666624224,0.057877816769209056,11.480053326302324,0.9593993354919966
1859,87000.0,K_I_769.8964,769.89645,0.4984931955549362,weak_resonance,detected,769.7693593746629,198.1392452496691,3.9068341667462,50.71606236480957,0.012546024408947056,495.0720062172213,493.7195339104058,-0.0026927080313043916,0.0158898891084151,0.3666666666663332,0.11147863304546889,15.131103664215924,0.8898193874060644
1860,87100.0,K_I_693.8764,693.876396,0.00655092165605007,weak_anchor,detected,693.7487770989919,8.049571579492843,1.4564650049359709,5.526786810677074,0.0005612924396375542,17.926553836134417,15.942102796925669,0.08455623437544091,-0.04536909982979134,0.3999999999996362,0.07555941983531118,5.640864708456048,0.8025675448068018
1860,87100.0,K_I_766.4899,766.48991,1.0,strong_resonance,detected,766.3622910989918,228.99468072234637,1.4038727382829783,163.1164096842715,0.015967679986115077,428.0922887543718,426.4070699211478,0.037708900976213044,0.017059543122374166,0.46666666666624224,0.0740314949787036,5.437175735569523,0.7931875834060094
1860,87100.0,K_I_769.8964,769.89645,0.4984931955549362,weak_resonance,detected,769.7688310989918,167.10307513849787,1.7221109265460155,97.03386266391755,0.011652010518718116,390.42270286854125,389.25240011361205,-0.0021644323601321958,0.014897081885372573,0.3666666666663332,0.13534949309274732,6.6697069388406085,0.8264119791143414
1861,87200.0,K_I_693.8764,693.876396,0.00655092165605007,weak_anchor,detected,693.7487770989919,9.664334290362202,1.3462858304406355,7.178515937584438,0.0005549866016965515,22.834135622028498,21.83066583285669,0.05122290104213789,0.0788154230949066,0.3666666666663332,0.07785641949252939,5.214142600536346,0.793551102544497
1861,87200.0,K_I_766.4899,766.48991,1.0,strong_resonance,detected,766.3622910989918,270.2280902502465,2.10589131165425,128.32005562432045,0.015518189353248519,505.87983827606513,505.3013684874182,0.004375567642910028,0.014944070741194177,0.4333333333329392,0.05791934107166852,8.15608197896722,0.7708593310138592
1861,87200.0,K_I_769.8964,769.89645,0.4984931955549362,weak_resonance,detected,769.7688310989918,178.6435778814093,1.116047000874664,160.0681492279478,0.01025883306853211,441.658292575843,440.6968898005198,-0.0021644323601321958,0.006719931757078492,0.3666666666663332,0.10932289710332617,4.322431447976239,0.7276016895067113
1862,87300.0,K_I_693.8764,693.876396,0.00655092165605007,weak_anchor,low_snr,693.7489939291115,7.78694619106645,2.1486657784908623,3.624084429052383,0.00034481409904883937,30.596694890536355,29.687402630720804,-0.015660595744066086,-0.03592523407026207,0.23333333333312112,0.21311668631477557,8.321746776668473,0.493034620361348
1862,87300.0,K_I_766.4899,766.48991,1.0,strong_resonance,detected,766.3625079291115,368.43818970774095,1.8911988140792872,194.81726985277945,0.016314827317672927,710.4618482822084,710.0574341821183,-0.02917459581010462,0.006618874511188898,0.46666666666624224,0.07284365935867144,7.3245815113029575,0.8104319766581068
1862,87300.0,K_I_769.8964,769.89645,0.4984931955549362,weak_resonance,detected,769.7690479291115,275.88479252465675,1.3716746429751845,201.12990637944444,0.01221646635812148,638.2828703073064,636.8549992098108,-0.0023812624798438264,0.012067229929310936,0.3666666666663332,0.1022082223689941,5.312473048662725,0.8664456768710184
1863,87400.0,K_I_693.8764,693.876396,0.00655092165605007,weak_anchor,detected,693.7489939291115,8.463755808381174,1.046119417407108,8.09062107781087,0.0004255093414641916,34.15577116990818,30.704858844777043,-0.0489939290773691,-0.07308749387045659,0.23333333333312112,0.1875583490990998,4.051603081765619,0.6084172230999468
1863,87400.0,K_I_766.4899,766.48991,1.0,strong_resonance,detected,766.3625079291115,334.6325996527943,2.0528147127260956,163.01159455760578,0.016823417444264042,659.3871774688114,658.0088283659924,0.004158737523198397,0.011112397087519973,0.4333333333329392,0.05916293834595551,7.950517195244962,0.835695970789111
1863,87400.0,K_I_769.8964,769.89645,0.4984931955549362,weak_resonance,detected,769.7690479291115,226.99028328986176,1.2344045793825726,183.88645593278525,0.011411776065868452,561.0100178928672,559.6729272508713,-0.0023812624798438264,0.02321494644616093,0.3666666666663332,0.11402432443342855,4.780828378435223,0.8093734921243053
1864,87500.0,K_I_693.8764,693.876396,0.00655092165605007,weak_anchor,detected,693.7489210164144,8.466588010839557,0.9367332842451217,9.038419103109444,0.0005174537954215725,15.172261955531894,14.929601649996837,0.01774565028631514,-0.08092536969851424,0.3999999999996362,0.09051267949808448,3.627952409722834,0.7398845821094983
1864,87500.0,K_I_766.4899,766.48991,1.0,strong_resonance,detected,766.3624350164143,283.35042045478383,4.79174988939022,59.13297375603256,0.017317572357472864,511.2366428834921,511.19708045566796,0.004231650220390293,-0.0012289456977281924,0.49999999999954525,0.06572021997000066,18.558367520816432,0.8602429019511297
1864,87500.0,K_I_769.8964,769.89645,0.4984931955549362,weak_resonance,detected,769.7689750164143,199.2479559742051,0.7780319178366457,256.09226486263367,0.012177468765085115,461.1018786984755,460.0789152047213,-0.0023083497826519306,0.005649429124939267,0.3666666666663332,0.10412992398955043,3.0133046606018867,0.8636797955675208
1865,87600.0,K_I_693.8764,693.876396,0.00655092165605007,weak_anchor,detected,693.7490344411639,7.92561490742903,1.374557960289956,5.765937222288656,0.0006312175780130965,21.547763012963742,21.502425142575245,0.017632225536885926,-0.06128700889118046,0.33333333333303017,0.13255840783566444,5.3236400886046775,0.902550446166694
1865,87600.0,K_I_766.4899,766.48991,1.0,strong_resonance,detected,766.3625484411639,252.45234009949667,1.0211669941029287,247.21944751188335,0.02010599260026812,409.1093186585467,407.3958846007344,0.03745155880415041,0.004167267753773644,0.5666666666661513,0.054593663337623034,3.9549627618609264,0.9987564690959133
1865,87600.0,K_I_769.8964,769.89645,0.4984931955549362,weak_resonance,detected,769.7690884411638,177.2012586555104,0.9441398319578816,187.68539643968268,0.01411279132481685,387.7192642122418,386.8776642331285,-0.0024217745321948314,0.010113791711548673,0.3666666666663332,0.10063746947705171,3.6566378456672703,1.0009414075651464
1866,87700.0,K_I_693.8764,693.876396,0.00655092165605007,weak_anchor,low_snr,693.7490749532162,17.873955510615797,4.269806966221072,4.186127300840223,0.0008480003364589218,35.79989494146503,34.81936374011619,0.01759171348453492,0.036134175789398454,0.33333333333303017,0.1617419766700921,16.536891271709663,1.2125186444104805
1866,87700.0,K_I_766.4899,766.48991,1.0,strong_resonance,detected,766.3625889532162,463.42572792858846,2.3602066912549713,196.3496373625546,0.021986469249840074,812.1583271880431,811.8488549230503,0.004077713418496387,0.0017008244212126905,0.5333333333328483,0.05298336634059742,9.141041208846127,1.09216833172232
1866,87700.0,K_I_769.8964,769.89645,0.4984931955549362,weak_resonance,detected,769.7691289532162,315.314588950539,2.2899395243583767,137.69559658519267,0.014959580567471807,700.8301268674029,699.1149797245779,-0.0024622865845458364,0.004668620299513131,0.3666666666663332,0.10515315940816061,8.868897641670191,1.060999435558774
1867,87800.0,K_I_693.8764,693.876396,0.00655092165605007,weak_anchor,detected,693.749187735934,19.575765624101308,2.6496827183388962,7.387965920830508,0.0013792967568797658,30.47079112470965,25.255954720725512,0.1174789307666515,-0.045495747733392336,0.5666666666661513,0.08081660556993263,10.262177040869476,1.9721961914252613
1867,87800.0,K_I_766.4899,766.48991,1.0,strong_resonance,detected,766.362701735934,330.0374143200096,4.706968648859078,70.11676493745233,0.02325423914250972,540.2424932836402,540.0754035485795,0.003964930700703917,0.000266120209508786,0.5666666666661513,0.04946563425153388,18.230011188168216,1.1551442517279782
1867,87800.0,K_I_769.8964,769.89645,0.4984931955549362,weak_resonance,detected,769.769241735934,233.87864427832216,2.382957134571116,98.14639167666589,0.016478949623271025,477.09933330341937,475.9774520555257,-0.0025750693023383064,0.014248994852732752,0.4333333333329392,0.09391779051581904,9.229153296928471,1.1687597904255198
1868,87900.0,K_I_693.8764,693.876396,0.00655092165605007,weak_anchor,low_snr,693.7490749532162,8.986007197368416,2.5692756685683764,3.4974865902090997,0.00046097432056215967,17.964080180579685,17.712789504032926,0.01759171348453492,-0.062390091501374687,0.3999999999996362,0.09308073848556246,9.950761876190299,0.6591270477675664
1868,87900.0,K_I_766.4899,766.48991,1.0,strong_resonance,detected,766.3625889532162,391.36444729133507,6.798538827881336,57.56596486384973,0.02007665431596157,693.6700516498095,692.4912130961294,0.004077713418496387,-0.01544256134506734,0.49999999999954525,0.0493160794141012,26.330627658952853,0.9972991025373007
1868,87900.0,K_I_769.8964,769.89645,0.4984931955549362,weak_resonance,detected,769.7691289532162,284.56167415688213,2.5326121682299316,112.35896191550133,0.014597765339083487,628.3241829666003,627.0316568489746,-0.0024622865845458364,0.021279161426845584,0.3666666666663332,0.09354976793435701,9.808764749965702,1.0353379037153412
1869,88000.0,K_I_693.8764,693.876396,0.00655092165605007,weak_anchor,detected,693.748850011689,14.477128203398495,1.1991862364440273,12.072460276335253,0.0007243031592658709,37.25093509263354,34.874507363101934,-0.04885001165484937,0.021612287356484326,0.29999999999972715,0.14374258078355276,4.644428322753092,1.0356494532568206
1869,88000.0,K_I_766.4899,766.48991,1.0,strong_resonance,detected,766.362364011689,432.79154504100705,8.149649679139603,53.105539756979944,0.021652932748303735,755.4763098102376,751.9470148613138,-0.029030678387584885,0.00010673076896913875,0.49999999999954525,0.06896621866316247,31.563457484761006,1.0756000505530237
1869,88000.0,K_I_769.8964,769.89645,0.4984931955549362,weak_resonance,detected,769.768904011689,302.26654182582973,4.602994554084342,65.66736898648332,0.015122654721909814,676.7229678917402,675.1350202876346,-0.0022373450573240916,0.00553814205939399,0.3666666666663332,0.1096846099211681,17.827321250668305,1.072565373857149
1870,88100.0,K_I_693.8764,693.876396,0.00655092165605007,weak_anchor,low_snr,693.7485553291705,16.523969754179333,3.7427732965302543,4.414899980583359,0.0009977384662989278,31.62487079760922,31.48957734977384,-0.015221995803017307,-0.23068905137627088,0.23333333333312112,0.10505288209147837,14.495698646104692,1.4266226564068951
1870,88100.0,K_I_766.4899,766.48991,1.0,strong_resonance,detected,766.3620693291705,386.68256622142303,4.466700561419232,86.5700668545733,0.02334838881369385,738.7044672360298,737.9499908241753,0.004597337464247175,0.013883477817100108,0.49999999999954525,0.05579831874190042,17.29945688688774,1.1598210958424613
1870,88100.0,K_I_769.8964,769.89645,0.4984931955549362,weak_resonance,detected,769.7686093291704,301.01312928008537,2.2194732108579993,135.62368214560263,0.018175558440960686,688.6979368152897,687.5292987797494,-0.001942662538795048,0.005654459845725777,0.3666666666663332,0.09633219315153992,8.595982783014351,1.289090770950931
1871,88200.0,K_I_693.8764,693.876396,0.00655092165605007,weak_anchor,detected,693.748189128118,7.696896996674698,0.5303206728844658,14.513665769072372,0.0003887748269530768,28.74680246072535,27.930147640904927,-0.014855794750587847,0.025628808153950276,0.23333333333312112,0.2099470384914988,2.0539231342329156,0.5558921451924435
1871,88200.0,K_I_766.4899,766.48991,1.0,strong_resonance,detected,766.361703128118,416.610129896422,4.060382175900497,102.60367419823669,0.021043224461410277,797.5619844302882,795.3633184238462,0.0049635385166766355,-0.009444135134441046,0.4333333333329392,0.06202642759160488,15.725792546514363,1.0453130556305195
1871,88200.0,K_I_769.8964,769.89645,0.4984931955549362,weak_resonance,detected,769.768243128118,289.5233687274931,4.820972345904989,60.05497396669758,0.014623996868417517,709.2263194255265,707.8923445802842,-0.001576461486365588,0.0018104683172024381,0.3666666666663332,0.12259577033517594,18.671545608233508,1.0371983594742256
1872,88300.0,K_I_693.8764,693.876396,0.00655092165605007,weak_anchor,detected,693.7480838645774,9.507513170176777,1.1792350314768358,8.062441257592114,0.00040994772060334476,33.853126586296185,33.51490986385086,-0.01475053120998382,0.05211938989813121,0.1999999999998181,0.2731778140275465,4.567157638178318,0.5861663410899044
1872,88300.0,K_I_766.4899,766.48991,1.0,strong_resonance,detected,766.3615978645773,542.1288142918809,1.351529187871016,401.12253524162827,0.02337566803372814,984.8066942148071,979.9965687549461,0.03840213539069737,0.014061399384275156,0.49999999999954525,0.0693068234094877,5.234450036542441,1.161176179275685
1872,88300.0,K_I_769.8964,769.89645,0.4984931955549362,weak_resonance,detected,769.7681378645773,378.11229709717685,2.608565372197266,144.9502861332099,0.016303556098487135,904.7173289114917,902.9661504689692,-0.001471197945647873,-0.006191019489743813,0.33333333333303017,0.1346618469648658,10.102930244022552,1.1563201080455867
1873,88400.0,K_I_693.8764,693.876396,0.00655092165605007,weak_anchor,low_snr,693.7477631650803,14.13371274623666,6.881797509092707,2.0537821299685466,0.0006885201419320359,33.6319694609374,33.359271094325706,-0.014429831712845953,-0.08944095896134745,0.3666666666663332,0.11072090449674361,26.65308714471198,0.9844848796061588
1873,88400.0,K_I_766.4899,766.48991,1.0,strong_resonance,detected,766.3612771650803,425.34221663436153,4.975231373276906,85.4919469512455,0.020720435502324427,806.9544112747208,805.3481206882057,0.00538950155441853,-0.0008383615956885331,0.4333333333329392,0.051168569461748394,19.268988252247638,1.0292786539747947
1873,88400.0,K_I_769.8964,769.89645,0.4984931955549362,weak_resonance,detected,769.7678171650803,289.50181945937794,2.3145999289796784,125.07639693352799,0.014103005869906895,708.2192587462579,707.3143375766342,-0.0011504984486236935,-0.0019150156936915096,0.3666666666663332,0.1171732073778485,8.964406978079317,1.0002473799425589
1874,88500.0,K_I_693.8764,693.876396,0.00655092165605007,weak_anchor,detected,693.7480838645774,10.752938862486708,1.8761128665791922,5.731498916743247,0.0005211104351189441,36.94725734851198,35.23631186380061,-0.01475053120998382,0.025117055299624116,0.1999999999998181,0.2921318261720569,7.266153887873277,0.7451130515078347
1874,88500.0,K_I_766.4899,766.48991,1.0,strong_resonance,detected,766.3615978645773,469.223068554768,4.291092605163252,109.34815715470133,0.02273955432551159,848.3072033637864,847.9114291219985,0.00506880205739435,0.0006022975304742876,0.49999999999954525,0.05950732220908616,16.61933019684619,1.1295775064922582
1874,88500.0,K_I_769.8964,769.89645,0.4984931955549362,weak_resonance,detected,769.7681378645773,322.80857885089716,5.472003995956174,58.992752762873266,0.015643994738217728,731.7366896338306,730.662279555373,-0.001471197945647873,0.019397973386329488,0.3666666666663332,0.10753485408577394,21.192980346737976,1.109541107270401
1875,88600.0,K_I_693.8764,693.876396,0.00655092165605007,weak_anchor,detected,693.7492940826621,11.289556459407512,0.6185227754171783,18.252450690749402,0.0012610659291009462,22.73450624540959,21.208192805848444,0.05070591737194263,0.27275989965555303,0.33333333333303017,0.08934777563459231,2.3955284084429005,1.8031430945544114
1875,88600.0,K_I_766.4899,766.48991,1.0,strong_resonance,detected,766.3628080826621,218.0499408084155,0.6484089281091721,336.2846058339632,0.02435661243067133,370.92045366537377,370.65513212658067,0.0038585839726010818,-0.002023397747417268,0.5333333333328483,0.04727762781200828,2.5112769801013095,1.209904167082531
1875,88600.0,K_I_769.8964,769.89645,0.4984931955549362,weak_resonance,detected,769.7693480826621,148.99678181427163,0.959083007655583,155.35337465573988,0.016643237116290246,323.91222564855343,322.8859614775751,-0.0026814160304411416,0.01112206301932985,0.3999999999996362,0.11472171175388579,3.7145125162839716,1.180411784047706
1876,88700.0,K_I_693.8764,693.876396,0.00655092165605007,weak_anchor,detected,693.7505146384082,13.735156858773786,2.703446827433559,5.080609213169867,0.0014736774038024527,33.09378175961956,32.960755176903696,-0.01718130504070814,0.028267086598937084,0.26666666666642413,0.21875935662757492,10.470404540016974,2.107146956354379
1876,88700.0,K_I_766.4899,766.48991,1.0,strong_resonance,detected,766.3640286384082,234.47541643690522,3.956917102927646,59.25709595063829,0.025157420952896626,390.44362223861026,389.89913941024895,0.0026380282265563437,0.006881856781603962,0.5333333333328483,0.050172792508272994,15.325074041976011,1.2496839833781455
1876,88700.0,K_I_769.8964,769.89645,0.4984931955549362,weak_resonance,detected,769.7705686384081,172.82280970327105,1.59302653038705,108.48708819763416,0.01854256723385531,358.17198430846247,357.0837298894604,-0.0039019717764858797,0.023166213476194936,0.4333333333329392,0.08161349356488659,6.16976522226124,1.3151206532962294
1877,88800.0,K_I_693.8764,693.876396,0.00655092165605007,weak_anchor,detected,693.7505146384082,8.509550404211563,1.3063809859764441,6.513835164135649,0.0008615287689172739,21.418219875453985,20.236435451410234,-0.050514638374011156,-0.024504554694514156,0.3999999999996362,0.0831845207878697,5.059591802493395,1.2318623591239646
1877,88800.0,K_I_766.4899,766.48991,1.0,strong_resonance,detected,766.3640286384082,301.4045079738213,3.6638647726297693,82.26409179329119,0.030514967579519502,455.1709135497031,446.3779100220571,0.03597136155985936,-0.009631084151436996,0.5999999999994543,0.04695199663192978,14.190087247164026,1.5158177902587482
1877,88800.0,K_I_769.8964,769.89645,0.4984931955549362,weak_resonance,detected,769.7705686384081,221.37809300005256,4.4596080724730935,49.64070595497116,0.022412887504984488,399.5169666489601,397.3708758987475,-0.037235305109788897,0.0017147265375201644,0.49999999999954525,0.06353213483038815,17.271987795316157,1.5896208376148147
1878,88900.0,K_I_693.8764,693.876396,0.00655092165605007,weak_anchor,detected,693.7502773890036,8.393626637413192,1.447203378632044,5.799894307424291,0.000865916150458002,28.085890737570935,28.003277130326175,-0.016944055636145094,-0.014672729505623322,0.26666666666642413,0.2195973180597558,5.60499458402211,1.2381356843687275
1878,88900.0,K_I_766.4899,766.48991,1.0,strong_resonance,detected,766.3637913890036,325.5580925523136,3.833830794639519,84.91717814138029,0.033585721932972365,490.5215681479731,482.0901877625961,0.036208610964422405,-0.009167503868500033,0.5999999999994543,0.04317528980301737,14.848362819829507,1.668356181995478
1878,88900.0,K_I_769.8964,769.89645,0.4984931955549362,weak_resonance,detected,769.7703313890036,225.00049184965545,0.9034860790149716,249.03592548427852,0.02321184491161204,441.7842017723501,440.48123840853526,-0.003664722371922835,0.005444471606533947,0.46666666666624224,0.08197417766234585,3.4991865375584057,1.6462864208271253
1879,89000.0,K_I_693.8764,693.876396,0.00655092165605007,weak_anchor,low_snr,693.7492940826621,3.344004828313581,1.288267408516082,2.5957381256469443,0.0004753451872664881,14.333143465440799,13.88160299929282,-0.0159607492946634,0.059076291670276296,0.1999999999998181,0.267247971926516,4.989438218649109,0.6796753224157807
1879,89000.0,K_I_766.4899,766.48991,1.0,strong_resonance,detected,766.3628080826621,209.73696438055092,1.4981210709277135,140.0000096458633,0.02981378967100842,324.94657586645553,313.1510571227891,0.07052525063920712,1.8423175058598107e-05,0.5999999999994543,0.07051917601438441,5.802197958310732,1.4809870815225257
1879,89000.0,K_I_769.8964,769.89645,0.4984931955549362,weak_resonance,detected,769.7693480826621,153.1342928589881,3.8021242275238136,40.27598355425618,0.021767806224336873,283.4426221333274,282.9486097270922,-0.0026814160304411416,0.023204462251038845,0.49999999999954525,0.07100707443798182,14.725563813424861,1.5438688279532016
1880,89100.0,K_I_693.8764,693.876396,0.00655092165605007,weak_anchor,low_snr,693.7486788006572,8.88855340383917,5.17789878957914,1.7166332840896708,0.0009993027973333565,19.770906906524033,19.498867076009457,-0.015345467289762382,0.10221651790571537,0.5333333333328483,0.12535760832704448,20.053915780405788,1.428859425030355
1880,89100.0,K_I_766.4899,766.48991,1.0,strong_resonance,detected,766.3621928006572,242.59597171125307,4.358776461130782,55.65689680913741,0.027274048108677538,388.39609545782423,387.8448759240524,0.004473865977502101,-0.0037922260042139704,0.5999999999994543,0.035790208592619985,16.881468643815772,1.3548265200600738
1880,89100.0,K_I_769.8964,769.89645,0.4984931955549362,weak_resonance,detected,769.7687328006572,182.87661468304114,2.2520911018363607,81.2030270595728,0.02056005114855741,368.56829173966037,368.09159662230553,-0.002066134025540123,0.009886292486703875,0.4333333333329392,0.07240533402801748,8.72231133156207,1.4582095109746496
1881,89200.0,K_I_693.8764,693.876396,0.00655092165605007,weak_anchor,detected,693.7488051653947,5.93558134575187,0.9818713341922426,6.045172253281946,0.0009328996867815687,23.372244521587845,22.979614911879494,-0.015471832027287746,-0.006147286337999493,0.23333333333312112,0.254359356740646,3.8027713254484707,1.3339125174299318
1881,89200.0,K_I_766.4899,766.48991,1.0,strong_resonance,detected,766.3623191653948,169.6828211464927,2.288831535497964,74.13512900134701,0.02666917383131647,262.25012846601817,251.92776986781888,0.07101416790658277,0.004530968014468035,0.6333333333327573,0.05551584795876667,8.864606419266027,1.324779652466179
1881,89200.0,K_I_769.8964,769.89645,0.4984931955549362,weak_resonance,detected,769.7688591653947,129.7314495871073,3.486592582256633,37.208663337183204,0.020389987372028958,269.9876408334094,269.5130858361187,-0.002192498763065487,0.018007499484040377,0.4333333333329392,0.08677363228468563,13.503515006102534,1.4461478378487316
1882,89300.0,K_I_693.8764,693.876396,0.00655092165605007,weak_anchor,low_snr,693.7488051653947,16.901873957750567,4.229375896930572,3.996304506775323,0.0014509017695638745,52.781283153646655,51.68844474788031,-0.015471832027287746,0.12747589558613395,0.23333333333312112,0.23460036294047046,16.380302413678056,2.0745810716899125
1882,89300.0,K_I_766.4899,766.48991,1.0,strong_resonance,detected,766.3623191653948,401.02286737032557,2.7919983904612473,143.63291495453737,0.03442486847065689,605.3394686432785,604.5644905660437,0.0043475012399767365,-0.027942243180506088,0.5999999999994543,0.02839261219220476,10.813363268904158,1.7100404225945063
1882,89300.0,K_I_769.8964,769.89645,0.4984931955549362,weak_resonance,detected,769.7688591653947,302.36595026624497,2.7246348123340156,110.97485391344168,0.025955896570627565,567.5306203024738,566.5387185555003,-0.002192498763065487,0.0040330132215575226,0.46666666666624224,0.0797487026028465,10.55246525267621,1.8409066675799142
1883,89400.0,K_I_693.8764,693.876396,0.00655092165605007,weak_anchor,low_snr,693.7490640419927,11.367619115205251,3.774540596126564,3.0116563395478404,0.0014639779839854719,28.92523844856987,27.935415033868477,0.017602624708047188,0.13499364121810803,0.29999999999972715,0.17625804813005097,14.618732868395293,2.093278179583412
1883,89400.0,K_I_766.4899,766.48991,1.0,strong_resonance,detected,766.3625780419927,305.50391512441513,0.8722879716202417,350.2328646776514,0.03934429903314319,447.09727706811054,445.8252892304097,0.03742195797531167,-0.006501483241288048,0.5999999999994543,0.04328412614214824,3.3783567871853166,1.9544110038552303
1883,89400.0,K_I_769.8964,769.89645,0.4984931955549362,weak_resonance,detected,769.7691180419927,190.79989930555607,1.7277098180589072,110.43515369954947,0.0245721508698645,368.7592751915493,368.18874132706406,-0.00245137536103357,0.00027358765456895345,0.49999999999954525,0.06880081909674647,6.69139135242728,1.7427653192416557
1884,89500.0,K_I_693.8764,693.876396,0.00655092165605007,weak_anchor,low_snr,693.750040139599,16.03701736038295,5.315992868520808,3.016749223902797,0.0019424709222432407,33.235708474483545,30.237293119237076,-0.05004013956488507,0.17736413432296483,0.26666666666642413,0.15777711759890842,20.588751848357205,2.7774543336625706
1884,89500.0,K_I_766.4899,766.48991,1.0,strong_resonance,detected,766.363554139599,306.3804442247002,1.09248070184206,280.4447197173408,0.03711008666241388,443.63515885236654,435.4586778007781,0.03644586036898545,0.007100872179065478,0.6333333333327573,0.043654324168800294,4.231159564291136,1.843427472578577
1884,89500.0,K_I_769.8964,769.89645,0.4984931955549362,weak_resonance,detected,769.770094139599,211.00717977859549,1.2812927823063383,164.6830316165371,0.025558076161781133,412.6120240450982,411.82302142423583,-0.0034274729673597903,0.012669853368104425,0.46666666666624224,0.06317771992639751,4.962425607492726,1.812691489531566
1885,89600.0,K_I_693.8764,693.876396,0.00655092165605007,weak_anchor,low_snr,693.7492940826621,8.657421643576367,2.0647906027225558,4.1928811726288435,0.0011719858863013758,24.411084364178407,24.011926945918663,-0.0159607492946634,0.07855084879747692,0.26666666666642413,0.16397109236471472,7.996899617757307,1.675771431955319
1885,89600.0,K_I_766.4899,766.48991,1.0,strong_resonance,detected,766.3628080826621,232.63151200591204,1.1655996645719409,199.58097027365267,0.031492153207320336,345.6164351664952,339.4186491077669,0.0371919173059041,-0.010926000189126985,0.5999999999994543,0.04136914978444944,4.514348089236184,1.5643590628373834
1885,89600.0,K_I_769.8964,769.89645,0.4984931955549362,weak_resonance,detected,769.7693480826621,169.72396883220554,4.156738764738323,40.83104049549048,0.02297613587828309,320.09970725461244,319.7844687326645,-0.0026814160304411416,0.008748647206671432,0.46666666666624224,0.07400191437274516,16.098980010380956,1.6295688965496122
1886,89700.0,K_I_693.8764,693.876396,0.00655092165605007,weak_anchor,low_snr,693.748871421325,7.517554416067438,6.140144783997017,1.224328526529268,0.0010293631188915268,16.104542237216265,15.547815732415865,0.051128578709040085,0.10157035646637515,0.46666666666624224,0.05369048946864745,23.780678491744414,1.4718413659320038
1886,89700.0,K_I_766.4899,766.48991,1.0,strong_resonance,detected,766.3623854213249,215.03679993404944,2.636809133548395,81.551901955327,0.029444542574040836,296.7894242283719,293.82905008278175,0.03761457864311524,-0.010672614902377078,0.6666666666660603,0.02381555814878022,10.21231786136983,1.4626448920010622
1886,89700.0,K_I_769.8964,769.89645,0.4984931955549362,weak_resonance,detected,769.7689254213249,158.34085519101026,3.7279555174009853,42.47391216228905,0.02168128456762577,309.5667606188031,308.9599392771705,-0.002258754693230003,0.013655722023498712,0.4333333333329392,0.08808377352958216,14.438309634309201,1.537732330441119
1887,89800.0,K_I_693.8764,693.876396,0.00655092165605007,weak_anchor,low_snr,693.7482302021949,5.544991188550998,1.9311467830142746,2.871346309520798,0.000778843638552617,18.274707475949526,17.93474588298848,-0.01489686882746355,-0.002752289376202567,0.29999999999972715,0.14767121384314824,7.479299329703116,1.113634502515662
1887,89800.0,K_I_766.4899,766.48991,1.0,strong_resonance,detected,766.3617442021949,195.5621784804586,3.4680590080819425,56.389518755223534,0.02746845819439409,281.44707361335804,273.8857192504738,0.07158913110640697,-0.01855212447990901,0.6333333333327573,0.052419441700685035,13.431734781978193,1.3644837568166568
1887,89800.0,K_I_769.8964,769.89645,0.4984931955549362,weak_resonance,detected,769.7682842021949,144.24861921999857,0.7746475044099387,186.21194594808,0.020261009554255558,279.2679230510032,278.920230578405,-0.0016175355632412902,-0.0026483791755343416,0.4333333333329392,0.08103984357788749,3.0001968837635578,1.437000162134164
1888,89900.0,K_I_693.8764,693.876396,0.00655092165605007,weak_anchor,low_snr,693.7484547726921,9.78924664912092,3.9528494270803756,2.476503805598125,0.0011460890139931047,31.468530427044698,30.81823628486876,-0.015121439324616404,-0.0208866603101644,0.29999999999972715,0.14968451857529688,15.309320001161746,1.6387426252960928
1888,89900.0,K_I_766.4899,766.48991,1.0,strong_resonance,detected,766.3619687726921,247.24810387270983,0.5545255703291236,445.873224071457,0.028946899157412224,363.59170788284246,356.296855267719,0.07136456060925411,-0.005570337813828222,0.6333333333327573,0.04309354210487082,2.1476682989328184,1.437924670943476
1888,89900.0,K_I_769.8964,769.89645,0.4984931955549362,weak_resonance,detected,769.768508772692,181.03557622114704,2.03590397216235,88.92147109908514,0.021194979806500237,353.75518821291894,353.12894130912855,-0.0018421060603941442,-0.003225038679268848,0.46666666666624224,0.09216409118751305,7.885022178669481,1.5032414518542112
1889,90000.0,K_I_693.8764,693.876396,0.00655092165605007,weak_anchor,detected,693.7486788006572,11.961575822829321,0.939598104448854,12.730523578318303,0.001622886523766346,21.214155315427547,20.98740536301065,-0.015345467289762382,0.1842128639839889,0.23333333333312112,0.2761389963885166,3.6390478106617783,2.3204945602336196
1889,90000.0,K_I_766.4899,766.48991,1.0,strong_resonance,detected,766.3621928006572,220.01607802688952,1.064826708536416,206.62148710497448,0.02985067630974618,322.735752505077,305.1128512532391,0.07114053264410813,0.011679635382360533,0.6333333333327573,0.04902420202342266,4.124056108762149,1.4828194093162825
1889,90000.0,K_I_769.8964,769.89645,0.4984931955549362,weak_resonance,detected,769.7687328006572,161.1429335497463,3.2364747661282696,49.789646202778336,0.021863063791222236,280.9253804004866,280.59250651536485,-0.002066134025540123,0.005130191057261399,0.49999999999954525,0.05763207273050685,12.534812869646732,1.550624914746025
1890,90100.0,K_I_693.8764,693.876396,0.00655092165605007,weak_anchor,low_snr,693.7486497481307,6.469030510847572,2.4176397280578747,2.675762825937775,0.001062536855321932,21.456556326639657,21.33101851180979,-0.015316414763219655,0.06504317944638129,0.1999999999998181,0.3400912204722122,9.363478403906093,1.5192750427800483
1890,90100.0,K_I_766.4899,766.48991,1.0,strong_resonance,detected,766.3621637481306,204.96399197559762,4.075849630914963,50.28742729392264,0.03366529113176921,305.8862029223692,305.8311916733643,0.004502918504158515,-0.00993077431043686,0.5999999999994543,0.04086696499190197,15.785697742193655,1.6723087474628533
1890,90100.0,K_I_769.8964,769.89645,0.4984931955549362,weak_resonance,detected,769.7687037481305,151.49445134177788,0.332175621475982,456.0673377192182,0.024882930704607856,308.906239349862,308.38792103368826,-0.0020370814988837083,0.003606817046751255,0.4333333333329392,0.09142109174181925,1.286510649993747,1.764807195867711
1891,90200.0,K_I_693.8764,693.876396,0.00655092165605007,weak_anchor,low_snr,693.7485963755507,9.94201483990264,2.008982274665288,4.948781761431448,0.0012767341189126734,20.684705976407713,20.388931305705018,0.018070291150024786,0.2208017938078379,0.3666666666663332,0.12512858354392115,7.78075489261163,1.825546354852884
1891,90200.0,K_I_766.4899,766.48991,1.0,strong_resonance,detected,766.3621103755506,210.8689229127888,1.394902805191908,151.17105086313012,0.027079375039814394,323.3058064784799,322.96520449653144,0.004556291084099939,0.005748635769789505,0.6333333333327573,0.03193073561604932,5.402435334091181,1.3451562197296525
1891,90200.0,K_I_769.8964,769.89645,0.4984931955549362,weak_resonance,detected,769.7686503755506,160.6242860409464,1.1847142017114152,135.58062004229515,0.020627056951412995,311.11872031232735,310.08490443697656,-0.0353170422522453,0.003931439066819781,0.46666666666624224,0.08043824486483815,4.588378373247898,1.4629618580533854
1892,90300.0,K_I_693.8764,693.876396,0.00655092165605007,weak_anchor,detected,693.7486497481307,13.358997221450934,2.05940564746219,6.486821689506997,0.0016440056578136792,32.525915601436054,31.6517203382206,0.018016918570083362,-0.06052723384677461,0.26666666666642413,0.16208000671834705,7.976043775713818,2.350691887622812
1892,90300.0,K_I_766.4899,766.48991,1.0,strong_resonance,detected,766.3621637481306,251.82544821080373,2.3837094599479265,105.64435491912047,0.030990534302623482,378.4134911015026,373.91231504979015,0.03783625183746153,0.012625729573433933,0.6333333333327573,0.03320622312729538,9.232067040583791,1.5394413611328623
1892,90300.0,K_I_769.8964,769.89645,0.4984931955549362,weak_resonance,detected,769.7687037481305,175.30121884379923,0.657697181131711,266.53788988749403,0.021573190773486708,344.29298268352056,343.7412488886092,-0.0020370814988837083,0.009102032152110496,0.4333333333329392,0.08047767440672739,2.547250229372996,1.530065841795152
1893,90400.0,K_I_693.8764,693.876396,0.00655092165605007,weak_anchor,detected,693.748871421325,8.892156138149057,0.7344778965517386,12.106771599113289,0.0013288410095538981,21.781741875171406,21.76933319581135,-0.01553808795756595,0.03265760243306517,0.29999999999972715,0.19413456949655028,2.8446206615049245,1.900051721995275
1893,90400.0,K_I_766.4899,766.48991,1.0,strong_resonance,detected,766.3623854213249,214.7452652929282,2.3022263136289043,93.27721780507065,0.032091464735365505,308.95353812524354,295.01103936048975,0.07094791197641825,-0.003670876627180205,0.6333333333327573,0.0625668782758315,8.91648417189335,1.594129603269736
1893,90400.0,K_I_769.8964,769.89645,0.4984931955549362,weak_resonance,detected,769.7689254213249,159.34786404421604,1.078108853805786,147.80313090065903,0.023812894559772053,291.65679129825253,291.2915798658997,-0.002258754693230003,-0.0012371182153670833,0.49999999999954525,0.058583365863906826,4.1754976361923735,1.6889155129038924
1894,90500.0,K_I_693.8764,693.876396,0.00655092165605007,weak_anchor,detected,693.748620695604,12.330633497701665,1.6738552819143808,7.366606677967509,0.0018864687628072849,30.40003550181234,30.078152834193666,0.018045971096739777,0.11852906137601393,0.26666666666642413,0.17341267832283475,6.482813630821614,2.6973792917977324
1894,90500.0,K_I_766.4899,766.48991,1.0,strong_resonance,detected,766.362134695604,213.81935673504623,0.9853758661594328,216.99268682966755,0.03271231258632381,315.464350988808,313.7337284885732,0.03786530436400426,-0.008244790012865525,0.6333333333327573,0.04390359693737669,3.8163443193936626,1.6249699512096152
1894,90500.0,K_I_769.8964,769.89645,0.4984931955549362,weak_resonance,detected,769.768674695604,155.7917606714378,1.9188895802471824,81.18849686565572,0.02383464645706937,286.24913726546424,285.8071697820854,-0.0020080289723409805,0.025758089129031235,0.46666666666624224,0.07620921834710273,7.431827387515036,1.6904582534005723
1895,90600.0,K_I_693.8764,693.876396,0.00655092165605007,weak_anchor,detected,693.7485134140948,7.5555604091465165,0.33869944260232404,22.30756670602998,0.0012442585482150385,26.32915470655331,25.960761900572532,-0.015180080727304812,-0.04822117326603813,0.26666666666642413,0.2196235708022362,1.3117773005697289,1.779110954693511
1895,90600.0,K_I_766.4899,766.48991,1.0,strong_resonance,detected,766.3620274140947,195.95605678540514,1.7439701128144598,112.36204986859933,0.03227027321952072,277.9742451280365,273.90759451577367,0.037972585873376374,0.015378059458056901,0.6999999999993634,0.03395358559388214,6.754367203220016,1.603011837230017
1895,90600.0,K_I_769.8964,769.89645,0.4984931955549362,weak_resonance,detected,769.7685674140946,145.46286620815638,2.3107735447206097,62.94985786923745,0.023954995384360144,282.8601508241368,282.576223129155,-0.0019007474629688659,0.0035893465606040495,0.4333333333329392,0.06185494611252746,8.949587455567741,1.6989939301429582
1896,90700.0,K_I_693.8764,693.876396,0.00655092165605007,weak_anchor,low_snr,693.7485134140948,15.231950304103233,3.138313847646203,4.853545898708472,0.001955498597077147,31.894953773087764,31.747396215241615,0.018153252605998205,-0.17007942340112714,0.23333333333312112,0.20305644188427865,12.15463726711692,2.796082036919612
1896,90700.0,K_I_766.4899,766.48991,1.0,strong_resonance,detected,766.3620274140947,218.57570104270292,3.214879477845721,67.98876988980305,0.02806104722052687,322.43727485527415,322.2745285057661,0.0046392525400733575,-0.01549203618029098,0.5666666666661513,0.045345537295806176,12.451174677771798,1.3939203598798386
1896,90700.0,K_I_769.8964,769.89645,0.4984931955549362,weak_resonance,detected,769.7685674140946,165.4937220394294,3.846505707110631,43.02443168964979,0.02124631021058419,303.1931582103239,302.9340502426252,-0.0019007474629688659,-0.0010000117787147733,0.49999999999954525,0.051678575081298486,14.897452544744805,1.5068820305131143
1897,90800.0,K_I_693.8764,693.876396,0.00655092165605007,weak_anchor,detected,693.7478772464431,10.947744112171785,1.7983843721739436,6.087544065420123,0.001210854100675818,22.778409909472202,22.751291982078644,-0.01454391307561309,-0.051275670976039536,0.4333333333329392,0.06893964672721072,6.965112723515699,1.731347394107355
1897,90800.0,K_I_766.4899,766.48991,1.0,strong_resonance,detected,766.361391246443,242.8004236203678,3.737497739455644,64.96336333723937,0.02685447207883506,358.10773111651906,357.8809161828438,0.005275420191765079,-0.0008680287370370611,0.5999999999994543,0.03212421049428725,14.475266501412742,1.3339842626090705
1897,90800.0,K_I_769.8964,769.89645,0.4984931955549362,weak_resonance,detected,769.7679312464429,180.52412550085245,2.6766255846080083,67.44466859278347,0.019966522362410262,356.58511496632855,356.34684785453703,-0.0012645798112771445,-0.0006209261086200275,0.4333333333329392,0.0777651240656717,10.366526313228936,1.4161138316038453
1898,90900.0,K_I_693.8764,693.876396,0.00655092165605007,weak_anchor,detected,693.7478883488925,8.550997468449603,1.1162178670685292,7.660688581259399,0.001092966027969565,25.634853236605068,25.614689635368627,-0.014555015525047565,0.0937768382318496,0.23333333333312112,0.2064447970704978,4.323093209899509,1.562784387744828
1898,90900.0,K_I_766.4899,766.48991,1.0,strong_resonance,detected,766.3614023488925,248.86550936676156,2.259022194579374,110.1651457714429,0.0318093354927082,357.6240349089717,357.3882443215717,0.005264317742216917,0.001035272693477577,0.6666666666660603,0.029010231570101748,8.749155338326803,1.5801149554069216
1898,90900.0,K_I_769.8964,769.89645,0.4984931955549362,weak_resonance,detected,769.7679423488925,182.02730155264598,4.015727600963577,45.32859786330338,0.02326625139278466,330.90521673951935,329.30733960869975,-0.03460901559412832,0.008634576672925944,0.49999999999954525,0.0677730442513779,15.552846121451543,1.6501451684407051
1899,91000.0,K_I_693.8764,693.876396,0.00655092165605007,weak_anchor,detected,693.7474062107713,9.427541336229792,1.284097060433618,7.341766932358112,0.0015801827962923537,26.938731618780253,26.84227745067973,0.019260455929497766,-0.08742982984566991,0.29999999999972715,0.176686836544156,4.973286529977824,2.2594343654178264
1899,91000.0,K_I_766.4899,766.48991,1.0,strong_resonance,detected,766.3609202107713,226.04410471895628,3.1384731391848626,72.02359067430649,0.03788803387236568,339.25477931556384,310.28244082375807,0.10574645586336828,0.010049212539491335,0.6666666666660603,0.07627221639653971,12.155254200593339,1.8820716630943994
1899,91000.0,K_I_769.8964,769.89645,0.4984931955549362,weak_resonance,detected,769.7674602107712,167.48948436997887,2.2982384582730964,72.8773307952696,0.028073491520447746,336.64762672981146,336.34772421032994,-0.0007935441395829912,0.012412108782196698,0.4333333333329392,0.10569746644709492,8.901039274513208,1.9910958414252493
1900,91100.0,K_I_693.8764,693.876396,0.00655092165605007,weak_anchor,low_snr,693.7478772464431,3.376629271221894,3.690712797047632,0.9148989522899242,0.00037266264567480746,15.566313107052338,14.984351596779874,-0.01454391307561309,0.05594480430634189,0.16666666666651508,0.4386963755706115,14.294069198613071,0.5328540408874348
1900,91100.0,K_I_766.4899,766.48991,1.0,strong_resonance,detected,766.361391246443,254.27660715680295,2.528903662499071,100.54815884347528,0.028063309752088206,381.90589335034474,381.64249154706056,-0.028057913141537938,-0.022314316486776394,0.5999999999994543,0.03494309133395168,9.794401769030753,1.394032750154636
1900,91100.0,K_I_769.8964,769.89645,0.4984931955549362,weak_resonance,detected,769.7679312464429,189.84265373048723,1.876894240328527,101.14723016958997,0.02095203823650103,376.6953833486021,376.29486559406513,-0.0012645798112771445,0.0134525557013287,0.4333333333329392,0.08804728625435153,7.269180135391617,1.48601096417574
1901,91200.0,K_I_693.8764,693.876396,0.00655092165605007,weak_anchor,low_snr,693.7485134140948,5.634288654556596,1.2213663286356355,4.613102983484529,0.000644496926857453,11.80626657964035,11.308781412665635,0.05148658593930122,-0.05309081749467634,0.3666666666663332,0.11430243584626185,4.730331450428613,0.9215380070993341
1901,91200.0,K_I_766.4899,766.48991,1.0,strong_resonance,detected,766.3620274140947,210.68308053489432,1.617038430180012,130.28947030741912,0.02409968787023152,319.8572714919992,316.76296163981453,0.037972585873376374,0.006803240877245151,0.5999999999994543,0.043494617626766714,6.2627629102702675,1.1971415508859318
1901,91200.0,K_I_769.8964,769.89645,0.4984931955549362,weak_resonance,detected,769.7685674140946,147.23552653475005,0.7684967087110318,191.58901380554016,0.016842027484542006,284.4585983772131,284.13403404868103,-0.0019007474629688659,0.012028921809755119,0.4333333333329392,0.07824123853003916,2.9763749544557454,1.194510873762043
1902,91300.0,K_I_693.8764,693.876396,0.00655092165605007,weak_anchor,low_snr,693.7484547726921,4.128675758091493,2.89072273813257,1.4282503484781286,0.0006362454968204157,12.624736677109922,12.246745986525903,-0.015121439324616404,0.03521066509277376,0.26666666666642413,0.19102712412944847,11.19572102330073,0.9097396476732807
1902,91300.0,K_I_766.4899,766.48991,1.0,strong_resonance,detected,766.3619687726921,184.0340146468718,1.5142440401305894,121.53524119599678,0.028360379923605475,272.5724782662678,272.0311924525442,0.004697893942648079,-0.010645571939687206,0.5999999999994543,0.04114336729567202,5.864641949524942,1.4087895821836276
1902,91300.0,K_I_769.8964,769.89645,0.4984931955549362,weak_resonance,detected,769.768508772692,126.2645846234694,4.124693877954551,30.61186802209051,0.019457879010513095,235.80694987209472,235.54038232430682,-0.0018421060603941442,-0.0005521785971565439,0.49999999999954525,0.06750844857639472,15.97487069753619,1.38003860163135
1903,91400.0,K_I_693.8764,693.876396,0.00655092165605007,weak_anchor,low_snr,693.7485134140948,5.698976310286901,1.4293881624723626,3.987003992274276,0.0005952940240542611,18.320664844306492,10.899533696863122,0.11815325260590726,0.08309332720760049,0.26666666666642413,0.18978106399475933,5.535996548526517,0.8511849253339273
1903,91400.0,K_I_766.4899,766.48991,1.0,strong_resonance,detected,766.3620274140947,281.89414413744316,2.85528919426154,98.72700275123938,0.029445621508902613,432.796318320713,432.2058413430408,0.0046392525400733575,-0.01589795132688974,0.5999999999994543,0.034605596760633336,11.058487497990996,1.4626984876227436
1903,91400.0,K_I_769.8964,769.89645,0.4984931955549362,weak_resonance,detected,769.7685674140946,213.75576997228646,2.2929532208692858,93.22290922762441,0.022328138518830486,382.1754801220774,380.9151086122506,-0.03523408079627188,-0.0044193024244047405,0.49999999999954525,0.06509080065309888,8.880569638067477,1.5836100657172996
1904,91500.0,K_I_693.8764,693.876396,0.00655092165605007,weak_anchor,detected,693.7474062107713,13.4564488240117,1.7973651529243653,7.486764056884972,0.0021369362406429026,25.58948528994688,25.363165112334677,0.019260455929497766,-0.13053446179397382,0.26666666666642413,0.1599273494771062,6.961165304335944,3.0555117991058434
1904,91500.0,K_I_766.4899,766.48991,1.0,strong_resonance,detected,766.3609202107713,207.03165041586766,0.9922178756077714,208.65543295020044,0.032877428697557776,318.1355175050667,311.43731271545033,0.03907978919676225,-0.003685592410589012,0.5666666666661513,0.04441945212679638,3.8428433080416955,1.6331720224788886
1904,91500.0,K_I_769.8964,769.89645,0.4984931955549362,weak_resonance,detected,769.7674602107712,161.5701255955849,2.0269234181284177,79.71200300442159,0.02565796231278638,300.41349657443425,299.8760722766571,-0.03412687747288601,0.02072461628225811,0.46666666666624224,0.0827494953694411,7.850240642456313,1.81977585592531
1905,91600.0,K_I_693.8764,693.876396,0.00655092165605007,weak_anchor,detected,693.7470080358753,8.99491383947442,0.9269741460034693,9.70352180614189,0.0014894359983533875,14.866213573253845,14.21872895246885,0.05299196415876395,0.2690859587432992,0.3666666666663332,0.03784484284798311,3.590155429839544,2.129679482440988
1905,91600.0,K_I_766.4899,766.48991,1.0,strong_resonance,detected,766.3605220358754,190.96728489677147,1.1341786702757537,168.37495705182099,0.031621597906231674,284.97782509707605,281.7798216655237,0.03947796409261173,0.015568514305114835,0.6333333333327573,0.028941487763260984,4.392655101605662,1.5707891721584297
1905,91600.0,K_I_769.8964,769.89645,0.4984931955549362,weak_resonance,detected,769.7670620358754,137.47207479145493,1.2771004602739995,107.64390043517842,0.022763515094957963,262.0863952342643,261.6571418510205,-0.03372870257703653,0.017232564067907255,0.46666666666624224,0.07940178058918093,4.946188814079525,1.6144888927969303
1906,91700.0,K_I_693.8764,693.876396,0.00655092165605007,weak_anchor,detected,693.7472836350315,11.504355113218038,1.6309841617849856,7.053627731508695,0.0011305085883801136,25.040494074898334,24.766632764041727,-0.01395030166406741,0.1353087974968511,0.26666666666642413,0.20304989564840395,6.316774496527057,1.616464855192263
1906,91700.0,K_I_766.4899,766.48991,1.0,strong_resonance,detected,766.3607976350315,304.71705550404954,2.8831386312287544,105.68935263934335,0.029943899061098015,478.7118975622765,476.5394694494548,0.03920236493650009,0.007586735854026088,0.5666666666661513,0.05489171213559006,11.166347903566368,1.487450209089795
1906,91700.0,K_I_769.8964,769.89645,0.4984931955549362,weak_resonance,detected,769.7673376350315,212.22233080871194,1.7741978580469986,119.61593226266321,0.020854638548981945,447.03589372465865,446.6461278519713,-0.000670968399845151,0.011079185588267712,0.3999999999996362,0.12305518724553133,6.8714387570991455,1.4791029487393945
1907,91800.0,K_I_693.8764,693.876396,0.00655092165605007,weak_anchor,low_snr,693.7471574013291,17.012442074772714,5.164044885154902,3.2944024409389705,0.0017938068030582356,32.76419240472114,25.615924672810092,0.11950926537156192,0.21445313566559587,0.3999999999996362,0.08133961311420138,20.000259839290717,2.564886002593975
1907,91800.0,K_I_766.4899,766.48991,1.0,strong_resonance,detected,766.3606714013291,266.23013439154244,1.2909169820527513,206.23335047324008,0.02807153870982614,435.708786946627,433.6462850517261,0.039328598638917356,0.002470882876548497,0.5333333333328483,0.056373069748491586,4.999699972831191,1.3944415200640892
1907,91800.0,K_I_769.8964,769.89645,0.4984931955549362,weak_resonance,detected,769.7672114013291,193.35430018061518,1.137135912950761,170.0362269615414,0.02038744687800417,398.1079634980076,397.9368509223826,-0.0005447346974278844,0.01408256845217478,0.4333333333329392,0.08720429839179034,4.404108453236669,1.445967654807223
1908,91900.0,K_I_693.8764,693.876396,0.00655092165605007,weak_anchor,detected,693.7470080358753,11.883348381001918,1.46034610146832,8.13735070683154,0.0013086134005067913,30.01881245941297,26.743361852238944,0.08632529749206697,0.05673667531024717,0.29999999999972715,0.14568941551343204,5.6558961306908735,1.87112914726626
1908,91900.0,K_I_766.4899,766.48991,1.0,strong_resonance,detected,766.3605220358754,273.68545013847256,2.170868268600163,126.07188289455843,0.030138681126904907,425.7040828349918,419.1082710455064,0.03947796409261173,0.024454082187204275,0.5999999999994543,0.03906310898123474,8.407736651106207,1.497125923796161
1908,91900.0,K_I_769.8964,769.89645,0.4984931955549362,weak_resonance,detected,769.7670620358754,215.48483307707914,2.339258707627395,92.11671730641359,0.0237295357444414,431.53496168864706,431.37394104303445,-0.0003953692437335121,0.0063462417896311355,0.4333333333329392,0.09878197478203359,9.059910017119826,1.6830033380527483
1909,92000.0,K_I_693.8764,693.876396,0.00655092165605007,weak_anchor,detected,693.7471574013291,12.07096082980002,2.2885667195926223,5.274463150433612,0.000984035464803133,44.40217091443196,43.890317222175604,-0.013824067961650144,0.06937771320355883,0.26666666666642413,0.2197855811086863,8.863580791674826,1.4070293330511314
1909,92000.0,K_I_766.4899,766.48991,1.0,strong_resonance,detected,766.3606714013291,358.4212355521881,7.96221713973297,45.015255080597875,0.029218817962791268,615.2511597930552,614.7013054647628,0.005995265305614339,0.0019339914372853671,0.5333333333328483,0.05131328490018105,30.837534381101094,1.4514321197593842
1909,92000.0,K_I_769.8964,769.89645,0.4984931955549362,weak_resonance,detected,769.7672114013291,262.5228405077228,6.966485526948403,37.68368418942488,0.02140109549048512,570.1586208065728,569.7909511619862,-0.0005447346974278844,-0.00390730505243847,0.3999999999996362,0.11491888283668858,26.981082427490705,1.5178600852698625
1910,92100.0,K_I_693.8764,693.876396,0.00655092165605007,weak_anchor,low_snr,693.7470311676267,4.375056663725222,1.93220128480463,2.2642861787391864,0.000573454688656633,14.917913885469034,13.317702418101275,-0.047031167592535894,-0.07924146133705648,0.26666666666642413,0.17820373607890064,7.483383397575712,0.8199578134889774
1910,92100.0,K_I_766.4899,766.48991,1.0,strong_resonance,detected,766.3605451676267,183.5655444080402,0.9318789396787688,196.98432552979224,0.024060607714956293,293.17026868029933,287.9723683101219,0.03945483234133462,0.014635372592569133,0.5333333333328483,0.04485552023568108,3.60915161406058,1.195200261108779
1910,92100.0,K_I_769.8964,769.89645,0.4984931955549362,weak_resonance,detected,769.7670851676266,137.4048578677076,3.585028998437434,38.327404862721245,0.01801015759218609,270.68993390452397,270.5872220459357,-0.00041850099501061777,-0.010347335934501647,0.4333333333329392,0.0907100961762133,13.884757606631464,1.2773598132279336
1911,92200.0,K_I_693.8764,693.876396,0.00655092165605007,weak_anchor,detected,693.7471574013291,9.874956179562792,1.7855586139620585,5.53045758472795,0.0012408335543117827,34.703476116991396,34.01494511576561,-0.013824067961650144,-0.037963523853259754,0.23333333333312112,0.1791139290684898,6.91543877555854,1.7742137054989748
1911,92200.0,K_I_766.4899,766.48991,1.0,strong_resonance,detected,766.3606714013291,246.75501432396396,2.229708871839861,110.66692043986541,0.03100589976303217,373.10235822925114,371.7728719178931,0.039328598638917356,0.006678496844752482,0.6333333333327573,0.04354241963634107,8.635625327534564,1.540204633719743
1911,92200.0,K_I_769.8964,769.89645,0.4984931955549362,weak_resonance,detected,769.7672114013291,178.66837345637273,0.9966040570798976,179.27718855558393,0.022450500928581484,345.5856112168293,345.5127939320056,-0.0005447346974278844,0.017020327066797142,0.46666666666624224,0.0770638913013701,3.8598309158367,1.5922885475165631
1912,92300.0,K_I_693.8764,693.876396,0.00655092165605007,weak_anchor,low_snr,693.7470311676267,15.451796284382526,5.10336554603584,3.027765921331086,0.0012029775155695621,37.812268164335364,37.51123671077907,-0.013697834259232877,-0.039037177709928504,0.33333333333303017,0.13404906195820745,19.7652497694235,1.7200850090763509
1912,92300.0,K_I_766.4899,766.48991,1.0,strong_resonance,detected,766.3605451676267,410.9830733613411,2.8249909456072486,145.48120021425336,0.03199649978773495,658.2363163791233,656.5426053609498,0.006121499008031606,-0.004483294277260991,0.5666666666661513,0.0421151758937333,10.941142885533566,1.589412260651093
1912,92300.0,K_I_769.8964,769.89645,0.4984931955549362,weak_resonance,detected,769.7670851676266,310.82990281088223,4.109708827244652,75.63307180067977,0.024199217836316816,616.5988227788876,616.3820347178561,-0.00041850099501061777,-0.007000760890837933,0.4333333333329392,0.0852029044302604,15.916833845694626,1.7163152636193952
1913,92400.0,K_I_693.8764,693.876396,0.00655092165605007,weak_anchor,low_snr,693.7472186891989,6.926449488627507,2.153655009035437,3.2161369669553874,0.0007452720144660505,19.664988170728293,16.18996200673169,0.08611464416844683,0.06094792151022516,0.29999999999972715,0.11252849725759902,8.341069983478016,1.065631903485946
1913,92400.0,K_I_766.4899,766.48991,1.0,strong_resonance,detected,766.360732689199,355.42073831525795,1.6489714199295824,215.54087233994377,0.03824255559246285,545.600906680279,544.436819790561,0.0059339774356885755,-0.01388433964119553,0.5666666666661513,0.04058499613750018,6.386438847765079,1.899682375901353
1913,92400.0,K_I_769.8964,769.89645,0.4984931955549362,weak_resonance,detected,769.767272689199,236.8667322385098,3.4233291182973673,69.19192518548093,0.025486383317344406,483.3569096076367,483.0798549131772,-0.0006060225673536479,0.025025552067274484,0.4333333333329392,0.09659382771044561,13.258496663764682,1.8076067167909204
1914,92500.0,K_I_693.8764,693.876396,0.00655092165605007,weak_anchor,detected,693.7468146005067,7.930639779036643,1.114718400876818,7.114478215124591,0.0011503294092629081,23.83072284892154,23.614593280691427,-0.013481267139241027,-0.000742210776409973,0.26666666666642413,0.1910038819069611,4.317285802310805,1.644805781291734
1914,92500.0,K_I_766.4899,766.48991,1.0,strong_resonance,detected,766.3603286005067,197.9084841934819,1.3450026979998184,147.1435592566437,0.028706378810974077,276.81882696241496,273.8507585817647,0.03967139946132647,-0.008597818000355644,0.6666666666660603,0.02972525084451228,5.209173049962078,1.4259769269683247
1914,92500.0,K_I_769.8964,769.89645,0.4984931955549362,weak_resonance,detected,769.7668686005067,145.116656429971,1.007737810856666,144.00239314887773,0.0210489900331313,264.90576962084265,264.8711149238395,-0.00020193387501876714,0.017485318335716885,0.49999999999954525,0.06892988381936173,3.9029517587949365,1.4928872132147537
1915,92600.0,K_I_693.8764,693.876396,0.00655092165605007,weak_anchor,detected,693.7468146005067,19.727224051480043,2.167309742951626,9.102171074363298,0.0018143847520210254,47.94767799782653,47.43292362275018,-0.013481267139241027,0.002595561695407169,0.26666666666642413,0.23667136588322177,8.393954540532357,2.5943095130672145
1915,92600.0,K_I_766.4899,766.48991,1.0,strong_resonance,detected,766.3603286005067,391.29269845038954,3.4495646752841735,113.43248649719983,0.03598861673557579,651.7344591345682,609.9857789514027,0.07300473279462949,0.010716680020073203,0.5666666666661513,0.06346172295351793,13.36010653905315,1.7877189399736697
1915,92600.0,K_I_769.8964,769.89645,0.4984931955549362,weak_resonance,detected,769.7668686005067,287.1409613055771,6.7113636915977475,42.78429459352077,0.02640940157185528,584.2361542075669,584.108450626197,-0.00020193387501876714,-0.009763048570346407,0.46666666666624224,0.10121284106805623,25.992999807922846,1.8730712425260823
1916,92700.0,K_I_693.8764,693.876396,0.00655092165605007,weak_anchor,low_snr,693.8469524713147,5.087477759615274,1.3299809047066848,3.8252261679931943,0.0004366126388374486,14.614598490371463,14.24773592972114,0.019714195385972744,0.09418845875168867,0.29999999999972715,0.14708517392208628,5.150993894707549,0.6242933430738217
1916,92700.0,K_I_766.4899,766.48991,1.0,strong_resonance,detected,766.4604664713147,207.64593971551355,1.8136943896426692,114.48783262566279,0.01782039076470147,382.8356322686245,381.09549191232816,0.03953352865323723,0.007993300617730513,0.49999999999954525,0.06415324628808904,7.024408166202272,0.8852201884240879
1916,92700.0,K_I_769.8964,769.89645,0.4984931955549362,weak_resonance,detected,769.8670064713147,159.57600991268095,0.3876838645440507,411.6137515817326,0.013694979334591786,374.54674877430625,374.4231366908598,-0.0003398046831080137,0.004269578415396201,0.3666666666663332,0.11388490396751647,1.5014931509738059,0.9713083383892369
1917,92800.0,K_I_693.8764,693.876396,0.00655092165605007,weak_anchor,low_snr,693.8469524713147,5.055506570987536,1.3862719826777101,3.646835999110626,0.0005008703389143882,13.066526247153206,12.42109451666268,0.019714195385972744,-0.1593702420174384,0.26666666666642413,0.23850778426845162,5.369008302229591,0.7161726219377639
1917,92800.0,K_I_766.4899,766.48991,1.0,strong_resonance,detected,766.4604664713147,219.03935839315182,0.6695096785551417,327.1638415532054,0.021701152225490516,367.5211085016538,367.1317384877028,-0.027133138013368807,-0.004797358090076075,0.5333333333328483,0.06228991785515996,2.5929998351711028,1.07799533218543
1917,92800.0,K_I_769.8964,769.89645,0.4984931955549362,weak_resonance,detected,769.8670064713147,156.26229095484646,1.3327506270170497,117.24795906087195,0.015481563623960257,340.31208748022846,340.1865231298344,-0.0003398046831080137,-0.01087823773332367,0.3999999999996362,0.1116284911637772,5.161720983089221,1.0980207762178649
